2025-01-09 13:07:30,577 - INFO - 
=== Starting Pexels Image Finder ===
2025-01-09 13:07:30,578 - INFO - Server running on http://localhost:3800
2025-01-09 13:07:30,591 - WARNING -  * Debugger is active!
2025-01-09 13:07:30,605 - INFO -  * Debugger PIN: 139-578-246
2025-01-09 13:07:31,329 - INFO - 
=== Starting Pexels Image Finder ===
2025-01-09 13:07:31,329 - INFO - Server running on http://localhost:3800
2025-01-09 13:07:31,343 - WARNING -  * Debugger is active!
2025-01-09 13:07:31,354 - INFO -  * Debugger PIN: 139-578-246
2025-01-09 13:08:43,920 - INFO - 
=== Starting Pexels Image Finder ===
2025-01-09 13:08:43,921 - INFO - Server running on http://localhost:3800
2025-01-09 13:08:43,938 - INFO - [31m[1mWARNING: This is a development server. Do not use it in a production deployment. Use a production WSGI server instead.[0m
 * Running on http://127.0.0.1:3800
2025-01-09 13:08:43,940 - INFO - [33mPress CTRL+C to quit[0m
2025-01-09 13:08:43,943 - INFO -  * Restarting with stat
2025-01-09 13:08:44,292 - INFO - 
=== Starting Pexels Image Finder ===
2025-01-09 13:08:44,293 - INFO - Server running on http://localhost:3800
2025-01-09 13:08:44,305 - WARNING -  * Debugger is active!
2025-01-09 13:08:44,315 - INFO -  * Debugger PIN: 139-578-246
2025-01-09 13:09:08,628 - INFO - 127.0.0.1 - - [09/Jan/2025 13:09:08] "GET / HTTP/1.1" 200 -
2025-01-09 13:09:08,642 - INFO - 
Received search request - Query: medical spa, Category: hero
2025-01-09 13:09:08,643 - INFO - 
Trying Pexels search with query: medical spa
2025-01-09 13:09:08,643 - INFO - Making request to Pexels API...
2025-01-09 13:09:08,645 - DEBUG - Starting new HTTPS connection (1): api.pexels.com:443
2025-01-09 13:09:09,069 - DEBUG - https://api.pexels.com:443 "GET /v1/search?query=medical+spa&per_page=10&orientation=landscape HTTP/11" 401 None
2025-01-09 13:09:09,070 - INFO - Response Status: 401
2025-01-09 13:09:09,070 - INFO - Response Headers: {'Date': 'Thu, 09 Jan 2025 18:08:31 GMT', 'Content-Type': 'application/json', 'Transfer-Encoding': 'chunked', 'Connection': 'keep-alive', 'CF-Ray': '8ff65f846cddd46b-IAD', 'CF-Cache-Status': 'DYNAMIC', 'x-request-id': '5545087e-fc12-4af1-9a1d-0125bd4d3acf', 'x-runtime': '0.001402', 'Set-Cookie': '__cf_bm=yvqkvXKyW83N00bzyZGYiHXrKdu5ECRYAS0_8JvZiJ4-1736446111-1.0.1.1-B3.8ZM7ZxddceJP.CRp9gMWluAa1xqEjkNUIpTEQYng1eQvw1ZD5QDCv.LN58zkDTktup.ln3tBPnvI4jZNxLw; path=/; expires=Thu, 09-Jan-25 18:38:31 GMT; domain=.pexels.com; HttpOnly; Secure; SameSite=None, _cfuvid=PiT68Fds9t40pzTib_hji.uMpXmPSBQvhlKNBTKN0Dk-1736446111496-0.0.1.1-604800000; path=/; domain=.pexels.com; HttpOnly; Secure; SameSite=None', 'Vary': 'Accept-Encoding', 'Server': 'cloudflare', 'alt-svc': 'h3=":443"; ma=86400'}
2025-01-09 13:09:09,070 - INFO - JSON Response: {
  "status": 401,
  "code": "Unauthorized"
}...
2025-01-09 13:09:09,071 - INFO - No 'photos' key in response. Keys found: ['status', 'code']
2025-01-09 13:09:09,072 - INFO - 127.0.0.1 - - [09/Jan/2025 13:09:09] "GET /search?query=medical%20spa&category=hero&t=1736446148637 HTTP/1.1" 200 -
2025-01-09 13:09:10,980 - INFO - 
Received search request - Query: medical spa, Category: hero
2025-01-09 13:09:10,981 - INFO - 
Trying Pexels search with query: medical spa
2025-01-09 13:09:10,981 - INFO - Making request to Pexels API...
2025-01-09 13:09:10,983 - DEBUG - Starting new HTTPS connection (1): api.pexels.com:443
2025-01-09 13:09:11,334 - DEBUG - https://api.pexels.com:443 "GET /v1/search?query=medical+spa&per_page=10&orientation=landscape HTTP/11" 401 None
2025-01-09 13:09:11,335 - INFO - Response Status: 401
2025-01-09 13:09:11,336 - INFO - Response Headers: {'Date': 'Thu, 09 Jan 2025 18:08:33 GMT', 'Content-Type': 'application/json', 'Transfer-Encoding': 'chunked', 'Connection': 'keep-alive', 'CF-Ray': '8ff65f92aeacc973-IAD', 'CF-Cache-Status': 'DYNAMIC', 'x-request-id': '1fd05c8c-94aa-4f0b-90a7-0c9431ea6fd6', 'x-runtime': '0.001306', 'Set-Cookie': '__cf_bm=.521lr8D0FX.X6smynQfTBIvaK73RHWjbv.ARwuPPrs-1736446113-1.0.1.1-4ZlKY5WMmhwdwVlMgkcBneHFy45MTPvW0Xk1g7dgKy5rr4Wwcmw.AaGkEVcc6fV4oOJjT82rDsZDWQyeRMz30Q; path=/; expires=Thu, 09-Jan-25 18:38:33 GMT; domain=.pexels.com; HttpOnly; Secure; SameSite=None, _cfuvid=7TaosyqTVyeAYVlRKD.dM9IK3lVx5BfPtnmEp_gPOpI-1736446113761-0.0.1.1-604800000; path=/; domain=.pexels.com; HttpOnly; Secure; SameSite=None', 'Vary': 'Accept-Encoding', 'Server': 'cloudflare', 'alt-svc': 'h3=":443"; ma=86400'}
2025-01-09 13:09:11,336 - INFO - JSON Response: {
  "status": 401,
  "code": "Unauthorized"
}...
2025-01-09 13:09:11,336 - INFO - No 'photos' key in response. Keys found: ['status', 'code']
2025-01-09 13:09:11,338 - INFO - 127.0.0.1 - - [09/Jan/2025 13:09:11] "GET /search?query=medical%20spa&category=hero&t=1736446150978 HTTP/1.1" 200 -
2025-01-09 13:09:12,293 - INFO - 
Received search request - Query: medical spa, Category: hero
2025-01-09 13:09:12,294 - INFO - 
Trying Pexels search with query: medical spa
2025-01-09 13:09:12,295 - INFO - Making request to Pexels API...
2025-01-09 13:09:12,296 - DEBUG - Starting new HTTPS connection (1): api.pexels.com:443
2025-01-09 13:09:12,653 - DEBUG - https://api.pexels.com:443 "GET /v1/search?query=medical+spa&per_page=10&orientation=landscape HTTP/11" 401 None
2025-01-09 13:09:12,653 - INFO - Response Status: 401
2025-01-09 13:09:12,655 - INFO - Response Headers: {'Date': 'Thu, 09 Jan 2025 18:08:35 GMT', 'Content-Type': 'application/json', 'Transfer-Encoding': 'chunked', 'Connection': 'keep-alive', 'CF-Ray': '8ff65f9adbea59d4-IAD', 'CF-Cache-Status': 'DYNAMIC', 'x-request-id': 'db96ca11-e452-4da2-bcde-c9b173777b51', 'x-runtime': '0.001290', 'Set-Cookie': '__cf_bm=8PslDLvgFS4ntjBUONmWwctc5YRLt3YN6e66q0MtOzk-1736446115-1.0.1.1-XJ7Mt6Ae0sGmF9PuesIerbl5Dw1Vp0nrw.L5kKXOayzuAu6nqBDGxvYGFNDmzL5drXsgK5RgIinb4xoPmsy34w; path=/; expires=Thu, 09-Jan-25 18:38:35 GMT; domain=.pexels.com; HttpOnly; Secure; SameSite=None, _cfuvid=9twWmqSkNlevzx2F5_Mom8ykpeivC0FhR3RPGXQyzF8-1736446115080-0.0.1.1-604800000; path=/; domain=.pexels.com; HttpOnly; Secure; SameSite=None', 'Vary': 'Accept-Encoding', 'Server': 'cloudflare', 'alt-svc': 'h3=":443"; ma=86400'}
2025-01-09 13:09:12,655 - INFO - JSON Response: {
  "status": 401,
  "code": "Unauthorized"
}...
2025-01-09 13:09:12,655 - INFO - No 'photos' key in response. Keys found: ['status', 'code']
2025-01-09 13:09:12,656 - INFO - 127.0.0.1 - - [09/Jan/2025 13:09:12] "GET /search?query=medical%20spa&category=hero&t=1736446151978 HTTP/1.1" 200 -
2025-01-09 13:10:18,382 - INFO -  * Detected change in 'c:\\Users\\Big Daddy Pyatt\\CascadeProjects\\subscriptions\\nextjs-subscription-payments\\SpotCircuit\\medical_spa_offers\\aeo_offer\\utils\\image_finder_web.py', reloading
2025-01-09 13:10:18,419 - INFO -  * Restarting with stat
2025-01-09 13:10:18,776 - INFO - 
=== Starting Pexels Image Finder ===
2025-01-09 13:10:18,777 - INFO - Server running on http://localhost:3800
2025-01-09 13:10:18,789 - WARNING -  * Debugger is active!
2025-01-09 13:10:18,800 - INFO -  * Debugger PIN: 139-578-246
2025-01-09 13:10:31,773 - INFO - 
=== Starting Pexels Image Finder ===
2025-01-09 13:10:31,773 - INFO - Server running on http://localhost:3800
2025-01-09 13:10:31,788 - INFO - [31m[1mWARNING: This is a development server. Do not use it in a production deployment. Use a production WSGI server instead.[0m
 * Running on http://127.0.0.1:3800
2025-01-09 13:10:31,789 - INFO - [33mPress CTRL+C to quit[0m
2025-01-09 13:10:31,793 - INFO -  * Restarting with stat
2025-01-09 13:10:32,125 - INFO - 
=== Starting Pexels Image Finder ===
2025-01-09 13:10:32,125 - INFO - Server running on http://localhost:3800
2025-01-09 13:10:32,136 - WARNING -  * Debugger is active!
2025-01-09 13:10:32,144 - INFO -  * Debugger PIN: 139-578-246
2025-01-09 13:10:46,994 - INFO - 127.0.0.1 - - [09/Jan/2025 13:10:46] "GET / HTTP/1.1" 200 -
2025-01-09 13:10:47,238 - INFO - 
Received search request - Query: medical spa, Category: hero
2025-01-09 13:10:47,239 - INFO - 
Trying Pexels search with query: medical spa
2025-01-09 13:10:47,239 - INFO - Making request to Pexels API...
2025-01-09 13:10:47,242 - DEBUG - Starting new HTTPS connection (1): api.pexels.com:443
2025-01-09 13:10:48,188 - DEBUG - https://api.pexels.com:443 "GET /v1/search?query=medical+spa&per_page=10&orientation=landscape HTTP/11" 200 None
2025-01-09 13:10:48,191 - INFO - Response Status: 200
2025-01-09 13:10:48,191 - INFO - Response Headers: {'Date': 'Thu, 09 Jan 2025 18:10:10 GMT', 'Content-Type': 'application/json; charset=utf-8', 'Transfer-Encoding': 'chunked', 'Connection': 'keep-alive', 'CF-Ray': '8ff661ed3b26e5f6-IAD', 'CF-Cache-Status': 'MISS', 'Access-Control-Allow-Origin': '*', 'Cache-Control': 'max-age=86400', 'ETag': 'W/"b7a957a9c9914b630fe13f20a03f303f"', 'Expires': 'Fri, 10 Jan 2025 18:10:10 GMT', 'Access-Control-Allow-Headers': 'Accept, Content-Type, Content-Length, Accept-Encoding, Authorization, User-Agent', 'x-frame-options': 'SAMEORIGIN', 'X-Ratelimit-Limit': '25000', 'X-Ratelimit-Remaining': '24999', 'X-Ratelimit-Reset': '1739038210', 'x-request-id': '0dd4a95f-e0d8-4177-b708-abaa41298f47', 'x-runtime': '0.205086', 'Set-Cookie': '__cf_bm=PNqNPPwEG.4Rj8girUVYAw9.t.RA3UyA5LmiURi23jo-1736446210-1.0.1.1-5dN7sFYNHzmFdWCqVyhDYCFBUShc6qSJeqDswzLBH2rMwLlrx7Ca9tX9LWZuiYy6ycgJzKrJdi15jpodcnvf0A; path=/; expires=Thu, 09-Jan-25 18:40:10 GMT; domain=.pexels.com; HttpOnly; Secure; SameSite=None, _cfuvid=9NAZ3UfUTMmrQLcYDWMe_vIYnENUW3F0qh8s0DPDLvg-1736446210615-0.0.1.1-604800000; path=/; domain=.pexels.com; HttpOnly; Secure; SameSite=None', 'Vary': 'Accept-Encoding', 'Server': 'cloudflare', 'Content-Encoding': 'gzip', 'alt-svc': 'h3=":443"; ma=86400'}
2025-01-09 13:10:48,192 - INFO - JSON Response: {
  "page": 1,
  "per_page": 10,
  "photos": [
    {
      "id": 16131207,
      "width": 5666,
      "height": 3777,
      "url": "https://www.pexels.com/photo/woman-during-facial-treatment-16131207/",
      "photographer": "Omar Medina",
      "photographer_url": "https://www.pexels.com/@omarmedinaoficial",
      "photographer_id": 16618519,
      "avg_color": "#C1C1C3",
      "src": {
        "original": "https://images.pexels.com/photos/16131207/pexels-photo-16131207.jpeg",
        "large2x"...
2025-01-09 13:10:48,192 - INFO - Found 10 photos
2025-01-09 13:10:48,193 - INFO - 127.0.0.1 - - [09/Jan/2025 13:10:48] "GET /search?query=medical%20spa&category=hero&t=1736446247035 HTTP/1.1" 200 -
2025-01-09 13:11:27,201 - INFO -  * Detected change in 'c:\\Users\\Big Daddy Pyatt\\CascadeProjects\\subscriptions\\nextjs-subscription-payments\\SpotCircuit\\medical_spa_offers\\aeo_offer\\utils\\image_finder_web.py', reloading
2025-01-09 13:11:27,233 - INFO -  * Detected change in 'c:\\Users\\Big Daddy Pyatt\\CascadeProjects\\subscriptions\\nextjs-subscription-payments\\spotcircuit\\medical_spa_offers\\aeo_offer\\utils\\image_finder_web.py', reloading
2025-01-09 13:11:27,249 - INFO -  * Restarting with stat
2025-01-09 13:11:27,290 - INFO -  * Restarting with stat
2025-01-09 13:11:27,601 - INFO - 
=== Starting Pexels Image Finder ===
2025-01-09 13:11:27,602 - INFO - Server running on http://localhost:3800
2025-01-09 13:11:27,615 - WARNING -  * Debugger is active!
2025-01-09 13:11:27,625 - INFO -  * Debugger PIN: 139-578-246
2025-01-09 13:11:27,642 - INFO - 
=== Starting Pexels Image Finder ===
2025-01-09 13:11:27,642 - INFO - Server running on http://localhost:3800
2025-01-09 13:11:27,655 - WARNING -  * Debugger is active!
2025-01-09 13:11:27,670 - INFO -  * Debugger PIN: 139-578-246
2025-01-09 13:11:35,419 - INFO - 
=== Starting Pexels Image Finder ===
2025-01-09 13:11:35,419 - INFO - Server running on http://localhost:3800
2025-01-09 13:11:35,435 - INFO - [31m[1mWARNING: This is a development server. Do not use it in a production deployment. Use a production WSGI server instead.[0m
 * Running on http://127.0.0.1:3800
2025-01-09 13:11:35,435 - INFO - [33mPress CTRL+C to quit[0m
2025-01-09 13:11:35,438 - INFO -  * Restarting with stat
2025-01-09 13:11:35,822 - INFO - 
=== Starting Pexels Image Finder ===
2025-01-09 13:11:35,823 - INFO - Server running on http://localhost:3800
2025-01-09 13:11:35,837 - WARNING -  * Debugger is active!
2025-01-09 13:11:35,849 - INFO -  * Debugger PIN: 139-578-246
2025-01-09 13:11:41,832 - INFO - 127.0.0.1 - - [09/Jan/2025 13:11:41] "GET / HTTP/1.1" 200 -
2025-01-09 13:11:41,842 - INFO - 
Received search request - Query: medical spa, Category: hero
2025-01-09 13:11:41,843 - INFO - 
Searching Pixabay for: medical spa
2025-01-09 13:11:41,846 - DEBUG - Starting new HTTPS connection (1): pixabay.com:443
2025-01-09 13:11:42,315 - DEBUG - https://pixabay.com:443 "GET /api?key=48133257-76310a353e67a7ce6140a42f4&q=medical+spa&per_page=10&image_type=photo&orientation=horizontal&safesearch=True HTTP/11" 301 None
2025-01-09 13:11:42,317 - DEBUG - Starting new HTTP connection (1): pixabay.com:80
2025-01-09 13:11:42,381 - DEBUG - http://pixabay.com:80 "GET /api/?key=48133257-76310a353e67a7ce6140a42f4&q=medical+spa&per_page=10&image_type=photo&orientation=horizontal&safesearch=True HTTP/11" 301 167
2025-01-09 13:11:42,482 - DEBUG - https://pixabay.com:443 "GET /api/?key=48133257-76310a353e67a7ce6140a42f4&q=medical+spa&per_page=10&image_type=photo&orientation=horizontal&safesearch=True HTTP/11" 200 None
2025-01-09 13:11:42,484 - INFO - Pixabay response status: 200
2025-01-09 13:11:42,484 - INFO - Found 10 images from Pixabay
2025-01-09 13:11:42,485 - INFO - 
Trying Pexels search with query: medical spa
2025-01-09 13:11:42,486 - INFO - Making request to Pexels API...
2025-01-09 13:11:42,487 - DEBUG - Starting new HTTPS connection (1): api.pexels.com:443
2025-01-09 13:11:42,872 - DEBUG - https://api.pexels.com:443 "GET /v1/search?query=medical+spa&per_page=10&orientation=landscape HTTP/11" 200 None
2025-01-09 13:11:42,874 - INFO - Response Status: 200
2025-01-09 13:11:42,874 - INFO - Response Headers: {'Date': 'Thu, 09 Jan 2025 18:11:05 GMT', 'Content-Type': 'application/json; charset=utf-8', 'Transfer-Encoding': 'chunked', 'Connection': 'keep-alive', 'CF-Ray': '8ff66345bc7387b0-IAD', 'CF-Cache-Status': 'HIT', 'Access-Control-Allow-Origin': '*', 'Age': '55', 'Cache-Control': 'max-age=86400', 'ETag': 'W/"b7a957a9c9914b630fe13f20a03f303f"', 'Expires': 'Fri, 10 Jan 2025 18:11:05 GMT', 'Access-Control-Allow-Headers': 'Accept, Content-Type, Content-Length, Accept-Encoding, Authorization, User-Agent', 'x-frame-options': 'SAMEORIGIN', 'X-Ratelimit-Limit': '25000', 'X-Ratelimit-Remaining': '24998', 'X-Ratelimit-Reset': '1739038210', 'x-request-id': '0dd4a95f-e0d8-4177-b708-abaa41298f47', 'x-runtime': '0.205086', 'Set-Cookie': '__cf_bm=Tv7qkVfNgqMpJ2tFQBphH5g3Edf1ScFD2W.XmvWPXGw-1736446265-1.0.1.1-WeyOXkt8uGxEQzCAHff9TFZd1bnFi1s2i1FXoL7fb6aH2Xp6VNdWjIr0F1121jO1W11HaKId7RaJxF.F7DKYRQ; path=/; expires=Thu, 09-Jan-25 18:41:05 GMT; domain=.pexels.com; HttpOnly; Secure; SameSite=None, _cfuvid=sjWzWu4gDWDP444zzCOuYxnj5H8OH8t_FThDUM3sYzw-1736446265295-0.0.1.1-604800000; path=/; domain=.pexels.com; HttpOnly; Secure; SameSite=None', 'Vary': 'Accept-Encoding', 'Server': 'cloudflare', 'Content-Encoding': 'gzip', 'alt-svc': 'h3=":443"; ma=86400'}
2025-01-09 13:11:42,875 - INFO - JSON Response: {
  "page": 1,
  "per_page": 10,
  "photos": [
    {
      "id": 16131207,
      "width": 5666,
      "height": 3777,
      "url": "https://www.pexels.com/photo/woman-during-facial-treatment-16131207/",
      "photographer": "Omar Medina",
      "photographer_url": "https://www.pexels.com/@omarmedinaoficial",
      "photographer_id": 16618519,
      "avg_color": "#C1C1C3",
      "src": {
        "original": "https://images.pexels.com/photos/16131207/pexels-photo-16131207.jpeg",
        "large2x"...
2025-01-09 13:11:42,875 - INFO - Found 10 photos
2025-01-09 13:11:42,877 - INFO - 
Total results: 20 (Pixabay: 10, Pexels: 10)
2025-01-09 13:11:42,877 - INFO - 127.0.0.1 - - [09/Jan/2025 13:11:42] "GET /search?query=medical%20spa&category=hero&t=1736446301840 HTTP/1.1" 200 -
2025-01-09 13:11:55,867 - INFO - 
Received search request - Query: medical spa lobby, Category: hero
2025-01-09 13:11:55,869 - INFO - 
Searching Pixabay for: medical spa lobby
2025-01-09 13:11:55,870 - DEBUG - Starting new HTTPS connection (1): pixabay.com:443
2025-01-09 13:11:56,330 - DEBUG - https://pixabay.com:443 "GET /api?key=48133257-76310a353e67a7ce6140a42f4&q=medical+spa+lobby&per_page=10&image_type=photo&orientation=horizontal&safesearch=True HTTP/11" 301 None
2025-01-09 13:11:56,333 - DEBUG - Starting new HTTP connection (1): pixabay.com:80
2025-01-09 13:11:56,395 - DEBUG - http://pixabay.com:80 "GET /api/?key=48133257-76310a353e67a7ce6140a42f4&q=medical+spa+lobby&per_page=10&image_type=photo&orientation=horizontal&safesearch=True HTTP/11" 301 167
2025-01-09 13:11:56,570 - DEBUG - https://pixabay.com:443 "GET /api/?key=48133257-76310a353e67a7ce6140a42f4&q=medical+spa+lobby&per_page=10&image_type=photo&orientation=horizontal&safesearch=True HTTP/11" 200 None
2025-01-09 13:11:56,572 - INFO - Pixabay response status: 200
2025-01-09 13:11:56,572 - INFO - Found 10 images from Pixabay
2025-01-09 13:11:56,573 - INFO - 
Trying Pexels search with query: medical spa lobby
2025-01-09 13:11:56,573 - INFO - Making request to Pexels API...
2025-01-09 13:11:56,574 - DEBUG - Starting new HTTPS connection (1): api.pexels.com:443
2025-01-09 13:11:57,302 - DEBUG - https://api.pexels.com:443 "GET /v1/search?query=medical+spa+lobby&per_page=10&orientation=landscape HTTP/11" 200 None
2025-01-09 13:11:57,304 - INFO - Response Status: 200
2025-01-09 13:11:57,304 - INFO - Response Headers: {'Date': 'Thu, 09 Jan 2025 18:11:19 GMT', 'Content-Type': 'application/json; charset=utf-8', 'Transfer-Encoding': 'chunked', 'Connection': 'keep-alive', 'CF-Ray': '8ff6639e4833d668-IAD', 'CF-Cache-Status': 'MISS', 'Access-Control-Allow-Origin': '*', 'Cache-Control': 'max-age=86400', 'ETag': 'W/"9af6ad82d6c901252ea5a27c642cf4be"', 'Expires': 'Fri, 10 Jan 2025 18:11:19 GMT', 'Access-Control-Allow-Headers': 'Accept, Content-Type, Content-Length, Accept-Encoding, Authorization, User-Agent', 'x-frame-options': 'SAMEORIGIN', 'X-Ratelimit-Limit': '25000', 'X-Ratelimit-Remaining': '24997', 'X-Ratelimit-Reset': '1739038210', 'x-request-id': '08177530-9897-45be-b8d8-bace74d3fba7', 'x-runtime': '0.211637', 'Set-Cookie': '__cf_bm=RWA4rR.eddC11oKzXCkNLaMdhYzr0zJJSgEiiiF1.j0-1736446279-1.0.1.1-ynP3PXdWO0F29HPxen.o_nWdAEFRGUsWfE3XRBceiR_CdfRGIVCE1E4S5Fsg85plhA2EGV1WJjGpdlbrGzcH9g; path=/; expires=Thu, 09-Jan-25 18:41:19 GMT; domain=.pexels.com; HttpOnly; Secure; SameSite=None, _cfuvid=aHsTvfYqhQpU8XzWUxSDsX5zm3iw44sqMLXwEd4l4cs-1736446279724-0.0.1.1-604800000; path=/; domain=.pexels.com; HttpOnly; Secure; SameSite=None', 'Vary': 'Accept-Encoding', 'Server': 'cloudflare', 'Content-Encoding': 'gzip', 'alt-svc': 'h3=":443"; ma=86400'}
2025-01-09 13:11:57,305 - INFO - JSON Response: {
  "page": 1,
  "per_page": 10,
  "photos": [
    {
      "id": 7526023,
      "width": 6240,
      "height": 4160,
      "url": "https://www.pexels.com/photo/yellow-flowers-in-brown-clay-pot-7526023/",
      "photographer": "Nataliya Vaitkevich",
      "photographer_url": "https://www.pexels.com/@n-voitkevich",
      "photographer_id": 2906295,
      "avg_color": "#B99C4C",
      "src": {
        "original": "https://images.pexels.com/photos/7526023/pexels-photo-7526023.jpeg",
        "large2x...
2025-01-09 13:11:57,306 - INFO - Found 10 photos
2025-01-09 13:11:57,306 - INFO - 
Total results: 20 (Pixabay: 10, Pexels: 10)
2025-01-09 13:11:57,307 - INFO - 127.0.0.1 - - [09/Jan/2025 13:11:57] "GET /search?query=medical%20spa%20lobby&category=hero&t=1736446315865 HTTP/1.1" 200 -
2025-01-09 13:12:22,396 - INFO - 
Received search request - Query: spa lobby, Category: hero
2025-01-09 13:12:22,396 - INFO - 
Searching Pixabay for: spa lobby
2025-01-09 13:12:22,398 - DEBUG - Starting new HTTPS connection (1): pixabay.com:443
2025-01-09 13:12:22,876 - DEBUG - https://pixabay.com:443 "GET /api?key=48133257-76310a353e67a7ce6140a42f4&q=spa+lobby&per_page=10&image_type=photo&orientation=horizontal&safesearch=True HTTP/11" 301 None
2025-01-09 13:12:22,878 - DEBUG - Starting new HTTP connection (1): pixabay.com:80
2025-01-09 13:12:22,940 - DEBUG - http://pixabay.com:80 "GET /api/?key=48133257-76310a353e67a7ce6140a42f4&q=spa+lobby&per_page=10&image_type=photo&orientation=horizontal&safesearch=True HTTP/11" 301 167
2025-01-09 13:12:23,072 - DEBUG - https://pixabay.com:443 "GET /api/?key=48133257-76310a353e67a7ce6140a42f4&q=spa+lobby&per_page=10&image_type=photo&orientation=horizontal&safesearch=True HTTP/11" 200 None
2025-01-09 13:12:23,076 - INFO - Pixabay response status: 200
2025-01-09 13:12:23,076 - INFO - Found 10 images from Pixabay
2025-01-09 13:12:23,077 - INFO - 
Trying Pexels search with query: spa lobby
2025-01-09 13:12:23,077 - INFO - Making request to Pexels API...
2025-01-09 13:12:23,078 - DEBUG - Starting new HTTPS connection (1): api.pexels.com:443
2025-01-09 13:12:23,878 - DEBUG - https://api.pexels.com:443 "GET /v1/search?query=spa+lobby&per_page=10&orientation=landscape HTTP/11" 200 None
2025-01-09 13:12:23,880 - INFO - Response Status: 200
2025-01-09 13:12:23,880 - INFO - Response Headers: {'Date': 'Thu, 09 Jan 2025 18:11:46 GMT', 'Content-Type': 'application/json; charset=utf-8', 'Transfer-Encoding': 'chunked', 'Connection': 'keep-alive', 'CF-Ray': '8ff664439a66e609-IAD', 'CF-Cache-Status': 'MISS', 'Access-Control-Allow-Origin': '*', 'Cache-Control': 'max-age=86400', 'ETag': 'W/"38cc08e797506599fccde1b4fa74407f"', 'Expires': 'Fri, 10 Jan 2025 18:11:46 GMT', 'Access-Control-Allow-Headers': 'Accept, Content-Type, Content-Length, Accept-Encoding, Authorization, User-Agent', 'x-frame-options': 'SAMEORIGIN', 'X-Ratelimit-Limit': '25000', 'X-Ratelimit-Remaining': '24996', 'X-Ratelimit-Reset': '1739038210', 'x-request-id': '5fdd39b1-1398-4e0f-acc8-270f79863c30', 'x-runtime': '0.364908', 'Set-Cookie': '__cf_bm=SG6OJKlNI9_mhxc2J8L9BCY7TjedUw8ZZB0a12seF1o-1736446306-1.0.1.1-vuHjV5HlRnySCJFj2ngtMnn_NN9dhOUkAni0znLXG3E2JHi8UsCQm68HVNl09qYqkkUtlSXMNZsmqTCasSHABA; path=/; expires=Thu, 09-Jan-25 18:41:46 GMT; domain=.pexels.com; HttpOnly; Secure; SameSite=None, _cfuvid=63b1e9GxnWu4413b28HfHp2MRU.ydAzQ7zK9RIyy.FU-1736446306302-0.0.1.1-604800000; path=/; domain=.pexels.com; HttpOnly; Secure; SameSite=None', 'Vary': 'Accept-Encoding', 'Server': 'cloudflare', 'Content-Encoding': 'gzip', 'alt-svc': 'h3=":443"; ma=86400'}
2025-01-09 13:12:23,880 - INFO - JSON Response: {
  "page": 1,
  "per_page": 10,
  "photos": [
    {
      "id": 7750104,
      "width": 7360,
      "height": 4912,
      "url": "https://www.pexels.com/photo/interior-of-a-big-modern-beauty-studio-7750104/",
      "photographer": "Max Vakhtbovycn",
      "photographer_url": "https://www.pexels.com/@heyho",
      "photographer_id": 3871980,
      "avg_color": "#9C928D",
      "src": {
        "original": "https://images.pexels.com/photos/7750104/pexels-photo-7750104.jpeg",
        "large2x": "h...
2025-01-09 13:12:23,881 - INFO - Found 10 photos
2025-01-09 13:12:23,882 - INFO - 
Total results: 20 (Pixabay: 10, Pexels: 10)
2025-01-09 13:12:23,883 - INFO - 127.0.0.1 - - [09/Jan/2025 13:12:23] "GET /search?query=spa%20lobby&category=hero&t=1736446342089 HTTP/1.1" 200 -
2025-01-09 13:12:43,483 - INFO - 
Received search request - Query: botox lobby, Category: hero
2025-01-09 13:12:43,484 - INFO - 
Searching Pixabay for: botox lobby
2025-01-09 13:12:43,485 - DEBUG - Starting new HTTPS connection (1): pixabay.com:443
2025-01-09 13:12:43,945 - DEBUG - https://pixabay.com:443 "GET /api?key=48133257-76310a353e67a7ce6140a42f4&q=botox+lobby&per_page=10&image_type=photo&orientation=horizontal&safesearch=True HTTP/11" 301 None
2025-01-09 13:12:43,946 - DEBUG - Starting new HTTP connection (1): pixabay.com:80
2025-01-09 13:12:44,010 - DEBUG - http://pixabay.com:80 "GET /api/?key=48133257-76310a353e67a7ce6140a42f4&q=botox+lobby&per_page=10&image_type=photo&orientation=horizontal&safesearch=True HTTP/11" 301 167
2025-01-09 13:12:44,166 - DEBUG - https://pixabay.com:443 "GET /api/?key=48133257-76310a353e67a7ce6140a42f4&q=botox+lobby&per_page=10&image_type=photo&orientation=horizontal&safesearch=True HTTP/11" 200 None
2025-01-09 13:12:44,168 - INFO - Pixabay response status: 200
2025-01-09 13:12:44,168 - INFO - Found 10 images from Pixabay
2025-01-09 13:12:44,169 - INFO - 
Trying Pexels search with query: botox lobby
2025-01-09 13:12:44,170 - INFO - Making request to Pexels API...
2025-01-09 13:12:44,171 - DEBUG - Starting new HTTPS connection (1): api.pexels.com:443
2025-01-09 13:12:44,687 - DEBUG - https://api.pexels.com:443 "GET /v1/search?query=botox+lobby&per_page=10&orientation=landscape HTTP/11" 200 None
2025-01-09 13:12:44,688 - INFO - Response Status: 200
2025-01-09 13:12:44,688 - INFO - Response Headers: {'Date': 'Thu, 09 Jan 2025 18:12:07 GMT', 'Content-Type': 'application/json; charset=utf-8', 'Transfer-Encoding': 'chunked', 'Connection': 'keep-alive', 'CF-Ray': '8ff664c72cb457e8-IAD', 'CF-Cache-Status': 'MISS', 'Access-Control-Allow-Origin': '*', 'Cache-Control': 'max-age=86400', 'ETag': 'W/"75800645a4f5a438589523e1cb8b3c28"', 'Expires': 'Fri, 10 Jan 2025 18:12:07 GMT', 'Access-Control-Allow-Headers': 'Accept, Content-Type, Content-Length, Accept-Encoding, Authorization, User-Agent', 'x-frame-options': 'SAMEORIGIN', 'X-Ratelimit-Limit': '25000', 'X-Ratelimit-Remaining': '24995', 'X-Ratelimit-Reset': '1739038210', 'x-request-id': '33be360e-9677-4041-aaa0-1cadd07b5693', 'x-runtime': '0.094042', 'Set-Cookie': '__cf_bm=rI9oG_C6M6DDhFeqM_ft_f__HNFvsvnDvUvi6aQ69UU-1736446327-1.0.1.1-0f1B01h.H6gjsG95WSwMMJhoAadOk8qdtdmpzCrenC6VgOZV04Rhua_bgvUVN0CweJGS9cntePWbmoXrAfFdiA; path=/; expires=Thu, 09-Jan-25 18:42:07 GMT; domain=.pexels.com; HttpOnly; Secure; SameSite=None, _cfuvid=3j54PTgkITihtePoAIzlAW0elZYNdLduG14VXqafIT0-1736446327111-0.0.1.1-604800000; path=/; domain=.pexels.com; HttpOnly; Secure; SameSite=None', 'Vary': 'Accept-Encoding', 'Server': 'cloudflare', 'Content-Encoding': 'gzip', 'alt-svc': 'h3=":443"; ma=86400'}
2025-01-09 13:12:44,690 - INFO - JSON Response: {
  "page": 1,
  "per_page": 10,
  "photos": [
    {
      "id": 161758,
      "width": 2201,
      "height": 1467,
      "url": "https://www.pexels.com/photo/red-and-brown-floral-stair-carpet-161758/",
      "photographer": "Pixabay",
      "photographer_url": "https://www.pexels.com/@pixabay",
      "photographer_id": 2659,
      "avg_color": "#957152",
      "src": {
        "original": "https://images.pexels.com/photos/161758/governor-s-mansion-montgomery-alabama-grand-staircase-161758.jpeg"...
2025-01-09 13:12:44,691 - INFO - Found 10 photos
2025-01-09 13:12:44,692 - INFO - 
Total results: 20 (Pixabay: 10, Pexels: 10)
2025-01-09 13:12:44,693 - INFO - 127.0.0.1 - - [09/Jan/2025 13:12:44] "GET /search?query=botox%20lobby&category=hero&t=1736446363481 HTTP/1.1" 200 -
2025-01-09 13:13:28,244 - INFO - 
Received search request - Query: medical spa, Category: hero
2025-01-09 13:13:28,245 - INFO - 
Searching Pixabay for: medical spa
2025-01-09 13:13:28,246 - DEBUG - Starting new HTTPS connection (1): pixabay.com:443
2025-01-09 13:13:28,663 - DEBUG - https://pixabay.com:443 "GET /api?key=48133257-76310a353e67a7ce6140a42f4&q=medical+spa&per_page=10&image_type=photo&orientation=horizontal&safesearch=True HTTP/11" 301 None
2025-01-09 13:13:28,665 - DEBUG - Starting new HTTP connection (1): pixabay.com:80
2025-01-09 13:13:28,736 - DEBUG - http://pixabay.com:80 "GET /api/?key=48133257-76310a353e67a7ce6140a42f4&q=medical+spa&per_page=10&image_type=photo&orientation=horizontal&safesearch=True HTTP/11" 301 167
2025-01-09 13:13:28,852 - DEBUG - https://pixabay.com:443 "GET /api/?key=48133257-76310a353e67a7ce6140a42f4&q=medical+spa&per_page=10&image_type=photo&orientation=horizontal&safesearch=True HTTP/11" 200 None
2025-01-09 13:13:28,853 - INFO - Pixabay response status: 200
2025-01-09 13:13:28,853 - INFO - Found 10 images from Pixabay
2025-01-09 13:13:28,854 - INFO - 
Trying Pexels search with query: medical spa
2025-01-09 13:13:28,854 - INFO - Making request to Pexels API...
2025-01-09 13:13:28,856 - DEBUG - Starting new HTTPS connection (1): api.pexels.com:443
2025-01-09 13:13:29,250 - DEBUG - https://api.pexels.com:443 "GET /v1/search?query=medical+spa&per_page=10&orientation=landscape HTTP/11" 200 None
2025-01-09 13:13:29,251 - INFO - Response Status: 200
2025-01-09 13:13:29,252 - INFO - Response Headers: {'Date': 'Thu, 09 Jan 2025 18:12:51 GMT', 'Content-Type': 'application/json; charset=utf-8', 'Transfer-Encoding': 'chunked', 'Connection': 'keep-alive', 'CF-Ray': '8ff665de78b5ef61-IAD', 'CF-Cache-Status': 'HIT', 'Access-Control-Allow-Origin': '*', 'Age': '161', 'Cache-Control': 'max-age=86400', 'ETag': 'W/"b7a957a9c9914b630fe13f20a03f303f"', 'Expires': 'Fri, 10 Jan 2025 18:12:51 GMT', 'Access-Control-Allow-Headers': 'Accept, Content-Type, Content-Length, Accept-Encoding, Authorization, User-Agent', 'x-frame-options': 'SAMEORIGIN', 'X-Ratelimit-Limit': '25000', 'X-Ratelimit-Remaining': '24994', 'X-Ratelimit-Reset': '1739038210', 'x-request-id': '0dd4a95f-e0d8-4177-b708-abaa41298f47', 'x-runtime': '0.205086', 'Set-Cookie': '__cf_bm=ikTCd626iKWH9oTTZhpVQIW3Zx9Znk88bUpMkvw5wHc-1736446371-1.0.1.1-2rHzItLCRZzqlN5Iv8AkJ2xw9LPBWzJDsgxFPfZVKhbkRDdraaY9ykbB1B9PAqW73mB7.jX3lAafnXp6CeYt5Q; path=/; expires=Thu, 09-Jan-25 18:42:51 GMT; domain=.pexels.com; HttpOnly; Secure; SameSite=None, _cfuvid=7W9QZTW4fRfm4ZtdChUjYr9PNgUQrNvIpUIFf2m6U28-1736446371673-0.0.1.1-604800000; path=/; domain=.pexels.com; HttpOnly; Secure; SameSite=None', 'Vary': 'Accept-Encoding', 'Server': 'cloudflare', 'Content-Encoding': 'gzip', 'alt-svc': 'h3=":443"; ma=86400'}
2025-01-09 13:13:29,253 - INFO - JSON Response: {
  "page": 1,
  "per_page": 10,
  "photos": [
    {
      "id": 16131207,
      "width": 5666,
      "height": 3777,
      "url": "https://www.pexels.com/photo/woman-during-facial-treatment-16131207/",
      "photographer": "Omar Medina",
      "photographer_url": "https://www.pexels.com/@omarmedinaoficial",
      "photographer_id": 16618519,
      "avg_color": "#C1C1C3",
      "src": {
        "original": "https://images.pexels.com/photos/16131207/pexels-photo-16131207.jpeg",
        "large2x"...
2025-01-09 13:13:29,253 - INFO - Found 10 photos
2025-01-09 13:13:29,254 - INFO - 
Total results: 20 (Pixabay: 10, Pexels: 10)
2025-01-09 13:13:29,255 - INFO - 127.0.0.1 - - [09/Jan/2025 13:13:29] "GET /search?query=medical%20spa&category=hero&t=1736446407937 HTTP/1.1" 200 -
2025-01-09 13:13:45,045 - DEBUG - Starting new HTTPS connection (1): images.pexels.com:443
2025-01-09 13:13:46,715 - DEBUG - https://images.pexels.com:443 "GET /photos/7581075/pexels-photo-7581075.jpeg HTTP/11" 200 912317
2025-01-09 13:13:47,047 - DEBUG - Importing BlpImagePlugin
2025-01-09 13:13:47,055 - DEBUG - Importing BmpImagePlugin
2025-01-09 13:13:47,055 - DEBUG - Importing BufrStubImagePlugin
2025-01-09 13:13:47,062 - DEBUG - Importing CurImagePlugin
2025-01-09 13:13:47,069 - DEBUG - Importing DcxImagePlugin
2025-01-09 13:13:47,081 - DEBUG - Importing DdsImagePlugin
2025-01-09 13:13:47,087 - DEBUG - Importing EpsImagePlugin
2025-01-09 13:13:47,100 - DEBUG - Importing FitsImagePlugin
2025-01-09 13:13:47,107 - DEBUG - Importing FliImagePlugin
2025-01-09 13:13:47,113 - DEBUG - Importing FpxImagePlugin
2025-01-09 13:13:47,121 - DEBUG - Image: failed to import FpxImagePlugin: No module named 'olefile'
2025-01-09 13:13:47,121 - DEBUG - Importing FtexImagePlugin
2025-01-09 13:13:47,129 - DEBUG - Importing GbrImagePlugin
2025-01-09 13:13:47,135 - DEBUG - Importing GifImagePlugin
2025-01-09 13:13:47,135 - DEBUG - Importing GribStubImagePlugin
2025-01-09 13:13:47,139 - DEBUG - Importing Hdf5StubImagePlugin
2025-01-09 13:13:47,147 - DEBUG - Importing IcnsImagePlugin
2025-01-09 13:13:47,165 - DEBUG - Importing IcoImagePlugin
2025-01-09 13:13:47,171 - DEBUG - Importing ImImagePlugin
2025-01-09 13:13:47,176 - DEBUG - Importing ImtImagePlugin
2025-01-09 13:13:47,183 - DEBUG - Importing IptcImagePlugin
2025-01-09 13:13:47,189 - DEBUG - Importing JpegImagePlugin
2025-01-09 13:13:47,189 - DEBUG - Importing Jpeg2KImagePlugin
2025-01-09 13:13:47,189 - DEBUG - Importing McIdasImagePlugin
2025-01-09 13:13:47,196 - DEBUG - Importing MicImagePlugin
2025-01-09 13:13:47,202 - DEBUG - Image: failed to import MicImagePlugin: No module named 'olefile'
2025-01-09 13:13:47,203 - DEBUG - Importing MpegImagePlugin
2025-01-09 13:13:47,209 - DEBUG - Importing MpoImagePlugin
2025-01-09 13:13:47,230 - DEBUG - Importing MspImagePlugin
2025-01-09 13:13:47,236 - DEBUG - Importing PalmImagePlugin
2025-01-09 13:13:47,242 - DEBUG - Importing PcdImagePlugin
2025-01-09 13:13:47,250 - DEBUG - Importing PcxImagePlugin
2025-01-09 13:13:47,250 - DEBUG - Importing PdfImagePlugin
2025-01-09 13:13:47,267 - DEBUG - Importing PixarImagePlugin
2025-01-09 13:13:47,273 - DEBUG - Importing PngImagePlugin
2025-01-09 13:13:47,273 - DEBUG - Importing PpmImagePlugin
2025-01-09 13:13:47,273 - DEBUG - Importing PsdImagePlugin
2025-01-09 13:13:47,280 - DEBUG - Importing QoiImagePlugin
2025-01-09 13:13:47,286 - DEBUG - Importing SgiImagePlugin
2025-01-09 13:13:47,292 - DEBUG - Importing SpiderImagePlugin
2025-01-09 13:13:47,298 - DEBUG - Importing SunImagePlugin
2025-01-09 13:13:47,304 - DEBUG - Importing TgaImagePlugin
2025-01-09 13:13:47,311 - DEBUG - Importing TiffImagePlugin
2025-01-09 13:13:47,311 - DEBUG - Importing WebPImagePlugin
2025-01-09 13:13:47,340 - DEBUG - Importing WmfImagePlugin
2025-01-09 13:13:47,347 - DEBUG - Importing XbmImagePlugin
2025-01-09 13:13:47,354 - DEBUG - Importing XpmImagePlugin
2025-01-09 13:13:47,361 - DEBUG - Importing XVThumbImagePlugin
2025-01-09 13:13:47,583 - DEBUG - Starting new HTTPS connection (1): images.pexels.com:443
2025-01-09 13:13:48,089 - DEBUG - https://images.pexels.com:443 "GET /photos/7446690/pexels-photo-7446690.jpeg HTTP/11" 200 1202104
2025-01-09 13:13:48,639 - INFO - 127.0.0.1 - - [09/Jan/2025 13:13:48] "POST /download HTTP/1.1" 200 -
2025-01-09 13:14:20,801 - INFO -  * Detected change in 'c:\\Users\\Big Daddy Pyatt\\CascadeProjects\\subscriptions\\nextjs-subscription-payments\\spotcircuit\\medical_spa_offers\\aeo_offer\\utils\\image_finder_web.py', reloading
2025-01-09 13:14:20,856 - INFO -  * Restarting with stat
2025-01-09 13:14:21,293 - INFO - 
=== Starting Pexels Image Finder ===
2025-01-09 13:14:21,293 - INFO - Server running on http://localhost:3800
2025-01-09 13:14:21,309 - WARNING -  * Debugger is active!
2025-01-09 13:14:21,321 - INFO -  * Debugger PIN: 139-578-246
2025-01-09 13:14:21,375 - INFO -  * Detected change in 'c:\\Users\\Big Daddy Pyatt\\CascadeProjects\\subscriptions\\nextjs-subscription-payments\\SpotCircuit\\medical_spa_offers\\aeo_offer\\utils\\image_finder_web.py', reloading
2025-01-09 13:14:21,386 - INFO -  * Detected change in 'c:\\Users\\Big Daddy Pyatt\\CascadeProjects\\subscriptions\\nextjs-subscription-payments\\spotcircuit\\medical_spa_offers\\aeo_offer\\utils\\image_finder_web.py', reloading
2025-01-09 13:14:21,445 - INFO -  * Restarting with stat
2025-01-09 13:14:21,460 - INFO -  * Restarting with stat
2025-01-09 13:14:21,893 - INFO - 
=== Starting Pexels Image Finder ===
2025-01-09 13:14:21,893 - INFO - Server running on http://localhost:3800
2025-01-09 13:14:21,903 - INFO - 
=== Starting Pexels Image Finder ===
2025-01-09 13:14:21,903 - INFO - Server running on http://localhost:3800
2025-01-09 13:14:21,909 - WARNING -  * Debugger is active!
2025-01-09 13:14:21,920 - WARNING -  * Debugger is active!
2025-01-09 13:14:21,922 - INFO -  * Debugger PIN: 139-578-246
2025-01-09 13:14:21,932 - INFO -  * Debugger PIN: 139-578-246
2025-01-09 13:14:54,238 - INFO - 
=== Starting Pexels Image Finder ===
2025-01-09 13:14:54,238 - INFO - Server running on http://localhost:3800
2025-01-09 13:14:54,256 - INFO - [31m[1mWARNING: This is a development server. Do not use it in a production deployment. Use a production WSGI server instead.[0m
 * Running on http://127.0.0.1:3800
2025-01-09 13:14:54,256 - INFO - [33mPress CTRL+C to quit[0m
2025-01-09 13:14:54,260 - INFO -  * Restarting with stat
2025-01-09 13:14:54,626 - INFO - 
=== Starting Pexels Image Finder ===
2025-01-09 13:14:54,627 - INFO - Server running on http://localhost:3800
2025-01-09 13:14:54,638 - WARNING -  * Debugger is active!
2025-01-09 13:14:54,647 - INFO -  * Debugger PIN: 139-578-246
2025-01-09 13:15:34,930 - INFO - 
Received search request - Query: medical spa, Category: equipment
2025-01-09 13:15:34,931 - INFO - 
Searching Pixabay for: medical spa
2025-01-09 13:15:34,934 - DEBUG - Starting new HTTPS connection (1): pixabay.com:443
2025-01-09 13:15:35,294 - DEBUG - https://pixabay.com:443 "GET /api?key=48133257-76310a353e67a7ce6140a42f4&q=medical+spa&per_page=10&image_type=photo&orientation=horizontal&safesearch=True HTTP/11" 301 None
2025-01-09 13:15:35,295 - DEBUG - Starting new HTTP connection (1): pixabay.com:80
2025-01-09 13:15:35,357 - DEBUG - http://pixabay.com:80 "GET /api/?key=48133257-76310a353e67a7ce6140a42f4&q=medical+spa&per_page=10&image_type=photo&orientation=horizontal&safesearch=True HTTP/11" 301 167
2025-01-09 13:15:35,531 - DEBUG - https://pixabay.com:443 "GET /api/?key=48133257-76310a353e67a7ce6140a42f4&q=medical+spa&per_page=10&image_type=photo&orientation=horizontal&safesearch=True HTTP/11" 200 None
2025-01-09 13:15:35,536 - INFO - Pixabay response status: 200
2025-01-09 13:15:35,536 - INFO - Found 10 images from Pixabay
2025-01-09 13:15:35,538 - INFO - 
Trying Pexels search with query: medical spa
2025-01-09 13:15:35,538 - INFO - Making request to Pexels API...
2025-01-09 13:15:35,539 - DEBUG - Starting new HTTPS connection (1): api.pexels.com:443
2025-01-09 13:15:35,980 - DEBUG - https://api.pexels.com:443 "GET /v1/search?query=medical+spa&per_page=10&orientation=landscape HTTP/11" 200 None
2025-01-09 13:15:35,981 - INFO - Response Status: 200
2025-01-09 13:15:35,981 - INFO - Response Headers: {'Date': 'Thu, 09 Jan 2025 18:14:58 GMT', 'Content-Type': 'application/json; charset=utf-8', 'Transfer-Encoding': 'chunked', 'Connection': 'keep-alive', 'CF-Ray': '8ff668f679688281-IAD', 'CF-Cache-Status': 'HIT', 'Access-Control-Allow-Origin': '*', 'Age': '288', 'Cache-Control': 'max-age=86400', 'ETag': 'W/"b7a957a9c9914b630fe13f20a03f303f"', 'Expires': 'Fri, 10 Jan 2025 18:14:58 GMT', 'Access-Control-Allow-Headers': 'Accept, Content-Type, Content-Length, Accept-Encoding, Authorization, User-Agent', 'x-frame-options': 'SAMEORIGIN', 'X-Ratelimit-Limit': '25000', 'X-Ratelimit-Remaining': '24993', 'X-Ratelimit-Reset': '1739038210', 'x-request-id': '0dd4a95f-e0d8-4177-b708-abaa41298f47', 'x-runtime': '0.205086', 'Set-Cookie': '__cf_bm=9B222K9s8mQqOcrEIFUlsnIE1gZmvXdbYxB1Ho3reyQ-1736446498-1.0.1.1-PVIFL52ydfF8puOQOkSAShr.H4SPgVys89ia2iHrhy5ScvdQHIlGgvnPrdYVr9VA9CyOqU281pfE7e4OA7GcJw; path=/; expires=Thu, 09-Jan-25 18:44:58 GMT; domain=.pexels.com; HttpOnly; Secure; SameSite=None, _cfuvid=H97QuPiCeba2DzKSe10XO039FnWtnbDwOpTJN1ggwM4-1736446498404-0.0.1.1-604800000; path=/; domain=.pexels.com; HttpOnly; Secure; SameSite=None', 'Vary': 'Accept-Encoding', 'Server': 'cloudflare', 'Content-Encoding': 'gzip', 'alt-svc': 'h3=":443"; ma=86400'}
2025-01-09 13:15:35,982 - INFO - JSON Response: {
  "page": 1,
  "per_page": 10,
  "photos": [
    {
      "id": 16131207,
      "width": 5666,
      "height": 3777,
      "url": "https://www.pexels.com/photo/woman-during-facial-treatment-16131207/",
      "photographer": "Omar Medina",
      "photographer_url": "https://www.pexels.com/@omarmedinaoficial",
      "photographer_id": 16618519,
      "avg_color": "#C1C1C3",
      "src": {
        "original": "https://images.pexels.com/photos/16131207/pexels-photo-16131207.jpeg",
        "large2x"...
2025-01-09 13:15:35,983 - INFO - Found 10 photos
2025-01-09 13:15:35,985 - INFO - 
Total results: 20 (Pixabay: 10, Pexels: 10)
2025-01-09 13:15:35,986 - INFO - 127.0.0.1 - - [09/Jan/2025 13:15:35] "GET /search?query=medical%20spa&category=equipment&t=1736446534624 HTTP/1.1" 200 -
2025-01-09 13:20:28,355 - INFO -  * Detected change in 'c:\\Users\\Big Daddy Pyatt\\CascadeProjects\\subscriptions\\nextjs-subscription-payments\\SpotCircuit\\medical_spa_offers\\aeo_offer\\utils\\image_finder_web.py', reloading
2025-01-09 13:20:28,397 - INFO -  * Restarting with stat
2025-01-09 13:20:28,783 - INFO - 
=== Starting Pexels Image Finder ===
2025-01-09 13:20:28,784 - INFO - Server running on http://localhost:3800
2025-01-09 13:20:28,798 - WARNING -  * Debugger is active!
2025-01-09 13:20:28,809 - INFO -  * Debugger PIN: 139-578-246
2025-01-09 13:20:28,813 - INFO -  * Detected change in 'c:\\Users\\Big Daddy Pyatt\\CascadeProjects\\subscriptions\\nextjs-subscription-payments\\spotcircuit\\medical_spa_offers\\aeo_offer\\utils\\image_finder_web.py', reloading
2025-01-09 13:20:28,893 - INFO -  * Restarting with stat
2025-01-09 13:20:29,338 - INFO - 
=== Starting Pexels Image Finder ===
2025-01-09 13:20:29,338 - INFO - Server running on http://localhost:3800
2025-01-09 13:20:29,353 - WARNING -  * Debugger is active!
2025-01-09 13:20:29,367 - INFO -  * Debugger PIN: 139-578-246
2025-01-09 13:20:29,452 - INFO -  * Detected change in 'c:\\Users\\Big Daddy Pyatt\\CascadeProjects\\subscriptions\\nextjs-subscription-payments\\spotcircuit\\medical_spa_offers\\aeo_offer\\utils\\image_finder_web.py', reloading
2025-01-09 13:20:29,506 - INFO -  * Restarting with stat
2025-01-09 13:20:29,728 - INFO -  * Detected change in 'c:\\Users\\Big Daddy Pyatt\\CascadeProjects\\subscriptions\\nextjs-subscription-payments\\spotcircuit\\medical_spa_offers\\aeo_offer\\utils\\image_finder_web.py', reloading
2025-01-09 13:20:29,786 - INFO -  * Restarting with stat
2025-01-09 13:20:29,959 - INFO - 
=== Starting Pexels Image Finder ===
2025-01-09 13:20:29,959 - INFO - Server running on http://localhost:3800
2025-01-09 13:20:29,980 - WARNING -  * Debugger is active!
2025-01-09 13:20:29,994 - INFO -  * Debugger PIN: 139-578-246
2025-01-09 13:20:30,236 - INFO - 
=== Starting Pexels Image Finder ===
2025-01-09 13:20:30,236 - INFO - Server running on http://localhost:3800
2025-01-09 13:20:30,253 - WARNING -  * Debugger is active!
2025-01-09 13:20:30,266 - INFO -  * Debugger PIN: 139-578-246
2025-01-09 13:20:38,797 - INFO - 
=== Starting Pexels Image Finder ===
2025-01-09 13:20:38,797 - INFO - Server running on http://localhost:3800
2025-01-09 13:20:38,815 - INFO - [31m[1mWARNING: This is a development server. Do not use it in a production deployment. Use a production WSGI server instead.[0m
 * Running on http://127.0.0.1:3800
2025-01-09 13:20:38,815 - INFO - [33mPress CTRL+C to quit[0m
2025-01-09 13:20:38,820 - INFO -  * Restarting with stat
2025-01-09 13:20:39,244 - INFO - 
=== Starting Pexels Image Finder ===
2025-01-09 13:20:39,244 - INFO - Server running on http://localhost:3800
2025-01-09 13:20:39,259 - WARNING -  * Debugger is active!
2025-01-09 13:20:39,272 - INFO -  * Debugger PIN: 139-578-246
2025-01-09 13:20:54,496 - INFO - 127.0.0.1 - - [09/Jan/2025 13:20:54] "GET / HTTP/1.1" 200 -
2025-01-09 13:20:54,890 - INFO - 
Received search request - Query: , Category: hero
2025-01-09 13:20:54,890 - INFO - 
Searching Pixabay for: 
2025-01-09 13:20:54,894 - DEBUG - Starting new HTTPS connection (1): pixabay.com:443
2025-01-09 13:20:55,411 - DEBUG - https://pixabay.com:443 "GET /api?key=48133257-76310a353e67a7ce6140a42f4&q=&per_page=10&image_type=photo&orientation=horizontal&safesearch=True HTTP/11" 301 None
2025-01-09 13:20:55,412 - DEBUG - Starting new HTTP connection (1): pixabay.com:80
2025-01-09 13:20:55,481 - DEBUG - http://pixabay.com:80 "GET /api/?key=48133257-76310a353e67a7ce6140a42f4&q=&per_page=10&image_type=photo&orientation=horizontal&safesearch=True HTTP/11" 301 167
2025-01-09 13:20:55,631 - DEBUG - https://pixabay.com:443 "GET /api/?key=48133257-76310a353e67a7ce6140a42f4&q=&per_page=10&image_type=photo&orientation=horizontal&safesearch=True HTTP/11" 200 None
2025-01-09 13:20:55,634 - INFO - Pixabay response status: 200
2025-01-09 13:20:55,634 - INFO - Found 10 images from Pixabay
2025-01-09 13:20:55,635 - INFO - 
Trying Pexels search with query: 
2025-01-09 13:20:55,636 - INFO - Making request to Pexels API...
2025-01-09 13:20:55,637 - DEBUG - Starting new HTTPS connection (1): api.pexels.com:443
2025-01-09 13:20:56,167 - DEBUG - https://api.pexels.com:443 "GET /v1/search?query=&per_page=10&orientation=landscape HTTP/11" 400 None
2025-01-09 13:20:56,168 - INFO - Response Status: 400
2025-01-09 13:20:56,168 - INFO - Response Headers: {'Date': 'Thu, 09 Jan 2025 18:20:18 GMT', 'Content-Type': 'application/json; charset=utf-8', 'Transfer-Encoding': 'chunked', 'Connection': 'keep-alive', 'CF-Ray': '8ff670c76c15c97c-IAD', 'CF-Cache-Status': 'MISS', 'Access-Control-Allow-Origin': '*', 'Cache-Control': 'max-age=86400', 'Access-Control-Allow-Headers': 'Accept, Content-Type, Content-Length, Accept-Encoding, Authorization, User-Agent', 'x-frame-options': 'SAMEORIGIN', 'X-Ratelimit-Limit': '25000', 'X-Ratelimit-Remaining': '24992', 'X-Ratelimit-Reset': '1739038210', 'x-request-id': '263cb634-4fb5-490c-8b5d-2082841529bf', 'x-runtime': '0.029172', 'Set-Cookie': '__cf_bm=Euy_WQ7z.HU5AdrE14gnUZFFmnF6EXbMH547aogGk7M-1736446818-1.0.1.1-1166l8LzL6GOf7omCFgbX7E1CWaDx7GGl98qumgKojkE6m1fcA2K1.4_6hXMmkgTzZzleM1RSXsitSFbTkQAiw; path=/; expires=Thu, 09-Jan-25 18:50:18 GMT; domain=.pexels.com; HttpOnly; Secure; SameSite=None, _cfuvid=J_wbSN0S2TXOzPb5YqqIhcGML_B.qK5wJCyoHWthSaA-1736446818588-0.0.1.1-604800000; path=/; domain=.pexels.com; HttpOnly; Secure; SameSite=None', 'Vary': 'Accept-Encoding', 'Server': 'cloudflare', 'alt-svc': 'h3=":443"; ma=86400'}
2025-01-09 13:20:56,169 - INFO - JSON Response: {
  "status": 400,
  "code": "No query param given"
}...
2025-01-09 13:20:56,169 - INFO - No 'photos' key in response. Keys found: ['status', 'code']
2025-01-09 13:20:56,170 - INFO - 
Total results: 10 (Pixabay: 10, Pexels: 0)
2025-01-09 13:20:56,171 - INFO - 127.0.0.1 - - [09/Jan/2025 13:20:56] "GET /search?query=&t=1736446854888 HTTP/1.1" 200 -
2025-01-09 13:21:03,943 - INFO - 
Received search request - Query: medical spa, Category: hero
2025-01-09 13:21:03,944 - INFO - 
Searching Pixabay for: medical spa
2025-01-09 13:21:03,945 - DEBUG - Starting new HTTPS connection (1): pixabay.com:443
2025-01-09 13:21:04,436 - DEBUG - https://pixabay.com:443 "GET /api?key=48133257-76310a353e67a7ce6140a42f4&q=medical+spa&per_page=10&image_type=photo&orientation=horizontal&safesearch=True HTTP/11" 301 None
2025-01-09 13:21:04,438 - DEBUG - Starting new HTTP connection (1): pixabay.com:80
2025-01-09 13:21:04,499 - DEBUG - http://pixabay.com:80 "GET /api/?key=48133257-76310a353e67a7ce6140a42f4&q=medical+spa&per_page=10&image_type=photo&orientation=horizontal&safesearch=True HTTP/11" 301 167
2025-01-09 13:21:04,667 - DEBUG - https://pixabay.com:443 "GET /api/?key=48133257-76310a353e67a7ce6140a42f4&q=medical+spa&per_page=10&image_type=photo&orientation=horizontal&safesearch=True HTTP/11" 200 None
2025-01-09 13:21:04,670 - INFO - Pixabay response status: 200
2025-01-09 13:21:04,671 - INFO - Found 10 images from Pixabay
2025-01-09 13:21:04,672 - INFO - 
Trying Pexels search with query: medical spa
2025-01-09 13:21:04,673 - INFO - Making request to Pexels API...
2025-01-09 13:21:04,674 - DEBUG - Starting new HTTPS connection (1): api.pexels.com:443
2025-01-09 13:21:05,214 - DEBUG - https://api.pexels.com:443 "GET /v1/search?query=medical+spa&per_page=10&orientation=landscape HTTP/11" 200 None
2025-01-09 13:21:05,216 - INFO - Response Status: 200
2025-01-09 13:21:05,216 - INFO - Response Headers: {'Date': 'Thu, 09 Jan 2025 18:20:27 GMT', 'Content-Type': 'application/json; charset=utf-8', 'Transfer-Encoding': 'chunked', 'Connection': 'keep-alive', 'CF-Ray': '8ff671004fcc056f-IAD', 'CF-Cache-Status': 'HIT', 'Access-Control-Allow-Origin': '*', 'Age': '617', 'Cache-Control': 'max-age=86400', 'ETag': 'W/"b7a957a9c9914b630fe13f20a03f303f"', 'Expires': 'Fri, 10 Jan 2025 18:20:27 GMT', 'Access-Control-Allow-Headers': 'Accept, Content-Type, Content-Length, Accept-Encoding, Authorization, User-Agent', 'x-frame-options': 'SAMEORIGIN', 'X-Ratelimit-Limit': '25000', 'X-Ratelimit-Remaining': '24991', 'X-Ratelimit-Reset': '1739038210', 'x-request-id': '0dd4a95f-e0d8-4177-b708-abaa41298f47', 'x-runtime': '0.205086', 'Set-Cookie': '__cf_bm=pfMqbqIQ8VxpA.1uvzxGTZBYdnkygHy1wnBbY3R4c5U-1736446827-1.0.1.1-h1BlB32tf2mq4XYcR.840WPWJ4SiVc2.iEJ2UVnF.9CDfyAGHfBd16G6R0SDcrx7fGDBFXb08sjVNGQSzHLzNA; path=/; expires=Thu, 09-Jan-25 18:50:27 GMT; domain=.pexels.com; HttpOnly; Secure; SameSite=None, _cfuvid=xHr3IfV8ET0AplhanmqEl245H7xiSQXQ9.dnnCvLQvM-1736446827637-0.0.1.1-604800000; path=/; domain=.pexels.com; HttpOnly; Secure; SameSite=None', 'Vary': 'Accept-Encoding', 'Server': 'cloudflare', 'Content-Encoding': 'gzip', 'alt-svc': 'h3=":443"; ma=86400'}
2025-01-09 13:21:05,217 - INFO - JSON Response: {
  "page": 1,
  "per_page": 10,
  "photos": [
    {
      "id": 16131207,
      "width": 5666,
      "height": 3777,
      "url": "https://www.pexels.com/photo/woman-during-facial-treatment-16131207/",
      "photographer": "Omar Medina",
      "photographer_url": "https://www.pexels.com/@omarmedinaoficial",
      "photographer_id": 16618519,
      "avg_color": "#C1C1C3",
      "src": {
        "original": "https://images.pexels.com/photos/16131207/pexels-photo-16131207.jpeg",
        "large2x"...
2025-01-09 13:21:05,217 - INFO - Found 10 photos
2025-01-09 13:21:05,218 - INFO - 
Total results: 20 (Pixabay: 10, Pexels: 10)
2025-01-09 13:21:05,219 - INFO - 127.0.0.1 - - [09/Jan/2025 13:21:05] "GET /search?query=medical%20spa&t=1736446863941 HTTP/1.1" 200 -
2025-01-09 13:21:09,112 - INFO - 
Received search request - Query: medical spa, Category: hero
2025-01-09 13:21:09,112 - INFO - 
Searching Pixabay for: medical spa
2025-01-09 13:21:09,113 - DEBUG - Starting new HTTPS connection (1): pixabay.com:443
2025-01-09 13:21:09,653 - DEBUG - https://pixabay.com:443 "GET /api?key=48133257-76310a353e67a7ce6140a42f4&q=medical+spa&per_page=10&image_type=photo&orientation=horizontal&safesearch=True HTTP/11" 301 None
2025-01-09 13:21:09,654 - DEBUG - Starting new HTTP connection (1): pixabay.com:80
2025-01-09 13:21:09,720 - DEBUG - http://pixabay.com:80 "GET /api/?key=48133257-76310a353e67a7ce6140a42f4&q=medical+spa&per_page=10&image_type=photo&orientation=horizontal&safesearch=True HTTP/11" 301 167
2025-01-09 13:21:10,017 - DEBUG - https://pixabay.com:443 "GET /api/?key=48133257-76310a353e67a7ce6140a42f4&q=medical+spa&per_page=10&image_type=photo&orientation=horizontal&safesearch=True HTTP/11" 200 None
2025-01-09 13:21:10,019 - INFO - Pixabay response status: 200
2025-01-09 13:21:10,020 - INFO - Found 10 images from Pixabay
2025-01-09 13:21:10,021 - INFO - 
Trying Pexels search with query: medical spa
2025-01-09 13:21:10,022 - INFO - Making request to Pexels API...
2025-01-09 13:21:10,023 - DEBUG - Starting new HTTPS connection (1): api.pexels.com:443
2025-01-09 13:21:10,567 - DEBUG - https://api.pexels.com:443 "GET /v1/search?query=medical+spa&per_page=10&orientation=landscape HTTP/11" 200 None
2025-01-09 13:21:10,568 - INFO - Response Status: 200
2025-01-09 13:21:10,569 - INFO - Response Headers: {'Date': 'Thu, 09 Jan 2025 18:20:32 GMT', 'Content-Type': 'application/json; charset=utf-8', 'Transfer-Encoding': 'chunked', 'Connection': 'keep-alive', 'CF-Ray': '8ff671218bffe5c1-IAD', 'CF-Cache-Status': 'HIT', 'Access-Control-Allow-Origin': '*', 'Age': '622', 'Cache-Control': 'max-age=86400', 'ETag': 'W/"b7a957a9c9914b630fe13f20a03f303f"', 'Expires': 'Fri, 10 Jan 2025 18:20:32 GMT', 'Access-Control-Allow-Headers': 'Accept, Content-Type, Content-Length, Accept-Encoding, Authorization, User-Agent', 'x-frame-options': 'SAMEORIGIN', 'X-Ratelimit-Limit': '25000', 'X-Ratelimit-Remaining': '24990', 'X-Ratelimit-Reset': '1739038210', 'x-request-id': '0dd4a95f-e0d8-4177-b708-abaa41298f47', 'x-runtime': '0.205086', 'Set-Cookie': '__cf_bm=X66rueGyTq0a7Qk4U7yxZvyGHa_XGZ4eV_mRqXtynE8-1736446832-1.0.1.1-3smeh3WEiVEME8bpENeClXpzClsJ1va0EFJL_GUuA83yVxaW9EgNuq69bnEJvjHJxQOiB0PeBJVY5QOkm988hA; path=/; expires=Thu, 09-Jan-25 18:50:32 GMT; domain=.pexels.com; HttpOnly; Secure; SameSite=None, _cfuvid=5MvzoZYEA81yT7J4x2T_bL.F075DcgdSeqLSAi_ZalU-1736446832988-0.0.1.1-604800000; path=/; domain=.pexels.com; HttpOnly; Secure; SameSite=None', 'Vary': 'Accept-Encoding', 'Server': 'cloudflare', 'Content-Encoding': 'gzip', 'alt-svc': 'h3=":443"; ma=86400'}
2025-01-09 13:21:10,569 - INFO - JSON Response: {
  "page": 1,
  "per_page": 10,
  "photos": [
    {
      "id": 16131207,
      "width": 5666,
      "height": 3777,
      "url": "https://www.pexels.com/photo/woman-during-facial-treatment-16131207/",
      "photographer": "Omar Medina",
      "photographer_url": "https://www.pexels.com/@omarmedinaoficial",
      "photographer_id": 16618519,
      "avg_color": "#C1C1C3",
      "src": {
        "original": "https://images.pexels.com/photos/16131207/pexels-photo-16131207.jpeg",
        "large2x"...
2025-01-09 13:21:10,569 - INFO - Found 10 photos
2025-01-09 13:21:10,571 - INFO - 
Total results: 20 (Pixabay: 10, Pexels: 10)
2025-01-09 13:21:10,571 - INFO - 127.0.0.1 - - [09/Jan/2025 13:21:10] "GET /search?query=medical%20spa&t=1736446868799 HTTP/1.1" 200 -
2025-01-09 13:21:19,312 - INFO - 
Received search request - Query: medical spa, Category: hero
2025-01-09 13:21:19,313 - INFO - 
Searching Pixabay for: medical spa
2025-01-09 13:21:19,314 - DEBUG - Starting new HTTPS connection (1): pixabay.com:443
2025-01-09 13:21:19,778 - DEBUG - https://pixabay.com:443 "GET /api?key=48133257-76310a353e67a7ce6140a42f4&q=medical+spa&per_page=10&image_type=photo&orientation=horizontal&safesearch=True HTTP/11" 301 None
2025-01-09 13:21:19,779 - DEBUG - Starting new HTTP connection (1): pixabay.com:80
2025-01-09 13:21:19,840 - DEBUG - http://pixabay.com:80 "GET /api/?key=48133257-76310a353e67a7ce6140a42f4&q=medical+spa&per_page=10&image_type=photo&orientation=horizontal&safesearch=True HTTP/11" 301 167
2025-01-09 13:21:19,950 - DEBUG - https://pixabay.com:443 "GET /api/?key=48133257-76310a353e67a7ce6140a42f4&q=medical+spa&per_page=10&image_type=photo&orientation=horizontal&safesearch=True HTTP/11" 200 None
2025-01-09 13:21:19,952 - INFO - Pixabay response status: 200
2025-01-09 13:21:19,952 - INFO - Found 10 images from Pixabay
2025-01-09 13:21:19,954 - INFO - 
Trying Pexels search with query: medical spa
2025-01-09 13:21:19,954 - INFO - Making request to Pexels API...
2025-01-09 13:21:19,955 - DEBUG - Starting new HTTPS connection (1): api.pexels.com:443
2025-01-09 13:21:20,480 - DEBUG - https://api.pexels.com:443 "GET /v1/search?query=medical+spa&per_page=10&orientation=landscape HTTP/11" 200 None
2025-01-09 13:21:20,482 - INFO - Response Status: 200
2025-01-09 13:21:20,482 - INFO - Response Headers: {'Date': 'Thu, 09 Jan 2025 18:20:42 GMT', 'Content-Type': 'application/json; charset=utf-8', 'Transfer-Encoding': 'chunked', 'Connection': 'keep-alive', 'CF-Ray': '8ff6715fbca7d6f3-IAD', 'CF-Cache-Status': 'HIT', 'Access-Control-Allow-Origin': '*', 'Age': '632', 'Cache-Control': 'max-age=86400', 'ETag': 'W/"b7a957a9c9914b630fe13f20a03f303f"', 'Expires': 'Fri, 10 Jan 2025 18:20:42 GMT', 'Access-Control-Allow-Headers': 'Accept, Content-Type, Content-Length, Accept-Encoding, Authorization, User-Agent', 'x-frame-options': 'SAMEORIGIN', 'X-Ratelimit-Limit': '25000', 'X-Ratelimit-Remaining': '24989', 'X-Ratelimit-Reset': '1739038210', 'x-request-id': '0dd4a95f-e0d8-4177-b708-abaa41298f47', 'x-runtime': '0.205086', 'Set-Cookie': '__cf_bm=vzimGlxz9cb8PqEaX4jg3QA29JxQjmzlMU_o4wUZoYg-1736446842-1.0.1.1-TUzkJSqmfLeA_kGS1U13154QzTlRR3qO8gSMRlhDMJG7pwkoWjLwN1aXLEJQoaX7phdlk.K_oHkYguGf2_9oIw; path=/; expires=Thu, 09-Jan-25 18:50:42 GMT; domain=.pexels.com; HttpOnly; Secure; SameSite=None, _cfuvid=wmgNfbcsCcJyA2i0yRK3Gw8mwE4QSaMAqTy3jmughyA-1736446842903-0.0.1.1-604800000; path=/; domain=.pexels.com; HttpOnly; Secure; SameSite=None', 'Vary': 'Accept-Encoding', 'Server': 'cloudflare', 'Content-Encoding': 'gzip', 'alt-svc': 'h3=":443"; ma=86400'}
2025-01-09 13:21:20,483 - INFO - JSON Response: {
  "page": 1,
  "per_page": 10,
  "photos": [
    {
      "id": 16131207,
      "width": 5666,
      "height": 3777,
      "url": "https://www.pexels.com/photo/woman-during-facial-treatment-16131207/",
      "photographer": "Omar Medina",
      "photographer_url": "https://www.pexels.com/@omarmedinaoficial",
      "photographer_id": 16618519,
      "avg_color": "#C1C1C3",
      "src": {
        "original": "https://images.pexels.com/photos/16131207/pexels-photo-16131207.jpeg",
        "large2x"...
2025-01-09 13:21:20,483 - INFO - Found 10 photos
2025-01-09 13:21:20,485 - INFO - 
Total results: 20 (Pixabay: 10, Pexels: 10)
2025-01-09 13:21:20,486 - INFO - 127.0.0.1 - - [09/Jan/2025 13:21:20] "GET /search?query=medical%20spa&t=1736446879311 HTTP/1.1" 200 -
2025-01-09 13:21:31,198 - INFO - 
Received search request - Query: medical spa, Category: hero
2025-01-09 13:21:31,199 - INFO - 
Searching Pixabay for: medical spa
2025-01-09 13:21:31,200 - DEBUG - Starting new HTTPS connection (1): pixabay.com:443
2025-01-09 13:21:31,691 - DEBUG - https://pixabay.com:443 "GET /api?key=48133257-76310a353e67a7ce6140a42f4&q=medical+spa&per_page=10&image_type=photo&orientation=horizontal&safesearch=True HTTP/11" 301 None
2025-01-09 13:21:31,692 - DEBUG - Starting new HTTP connection (1): pixabay.com:80
2025-01-09 13:21:31,768 - DEBUG - http://pixabay.com:80 "GET /api/?key=48133257-76310a353e67a7ce6140a42f4&q=medical+spa&per_page=10&image_type=photo&orientation=horizontal&safesearch=True HTTP/11" 301 167
2025-01-09 13:21:31,873 - DEBUG - https://pixabay.com:443 "GET /api/?key=48133257-76310a353e67a7ce6140a42f4&q=medical+spa&per_page=10&image_type=photo&orientation=horizontal&safesearch=True HTTP/11" 200 None
2025-01-09 13:21:31,875 - INFO - Pixabay response status: 200
2025-01-09 13:21:31,875 - INFO - Found 10 images from Pixabay
2025-01-09 13:21:31,876 - INFO - 
Trying Pexels search with query: medical spa
2025-01-09 13:21:31,877 - INFO - Making request to Pexels API...
2025-01-09 13:21:31,878 - DEBUG - Starting new HTTPS connection (1): api.pexels.com:443
2025-01-09 13:21:32,425 - DEBUG - https://api.pexels.com:443 "GET /v1/search?query=medical+spa&per_page=10&orientation=landscape HTTP/11" 200 None
2025-01-09 13:21:32,427 - INFO - Response Status: 200
2025-01-09 13:21:32,427 - INFO - Response Headers: {'Date': 'Thu, 09 Jan 2025 18:20:54 GMT', 'Content-Type': 'application/json; charset=utf-8', 'Transfer-Encoding': 'chunked', 'Connection': 'keep-alive', 'CF-Ray': '8ff671aa4cf08023-IAD', 'CF-Cache-Status': 'HIT', 'Access-Control-Allow-Origin': '*', 'Age': '644', 'Cache-Control': 'max-age=86400', 'ETag': 'W/"b7a957a9c9914b630fe13f20a03f303f"', 'Expires': 'Fri, 10 Jan 2025 18:20:54 GMT', 'Access-Control-Allow-Headers': 'Accept, Content-Type, Content-Length, Accept-Encoding, Authorization, User-Agent', 'x-frame-options': 'SAMEORIGIN', 'X-Ratelimit-Limit': '25000', 'X-Ratelimit-Remaining': '24988', 'X-Ratelimit-Reset': '1739038210', 'x-request-id': '0dd4a95f-e0d8-4177-b708-abaa41298f47', 'x-runtime': '0.205086', 'Set-Cookie': '__cf_bm=7eZCPZHZpf3OxXDuMdEgLJ6MA67VquP5DCI6nQNJ44I-1736446854-1.0.1.1-x8SevS.AJJQxK_sJ9hcc6xtAfcbzYWBL30Vc8NV3U_fB04L6yd6m0D6dufk0L1Y7yyHkp87qB5jbwuE8dzS1vw; path=/; expires=Thu, 09-Jan-25 18:50:54 GMT; domain=.pexels.com; HttpOnly; Secure; SameSite=None, _cfuvid=27z4TncifcixK86e_tEyKTgAtHyjqh0J4nDC.oJDONg-1736446854846-0.0.1.1-604800000; path=/; domain=.pexels.com; HttpOnly; Secure; SameSite=None', 'Vary': 'Accept-Encoding', 'Server': 'cloudflare', 'Content-Encoding': 'gzip', 'alt-svc': 'h3=":443"; ma=86400'}
2025-01-09 13:21:32,428 - INFO - JSON Response: {
  "page": 1,
  "per_page": 10,
  "photos": [
    {
      "id": 16131207,
      "width": 5666,
      "height": 3777,
      "url": "https://www.pexels.com/photo/woman-during-facial-treatment-16131207/",
      "photographer": "Omar Medina",
      "photographer_url": "https://www.pexels.com/@omarmedinaoficial",
      "photographer_id": 16618519,
      "avg_color": "#C1C1C3",
      "src": {
        "original": "https://images.pexels.com/photos/16131207/pexels-photo-16131207.jpeg",
        "large2x"...
2025-01-09 13:21:32,428 - INFO - Found 10 photos
2025-01-09 13:21:32,429 - INFO - 
Total results: 20 (Pixabay: 10, Pexels: 10)
2025-01-09 13:21:32,430 - INFO - 127.0.0.1 - - [09/Jan/2025 13:21:32] "GET /search?query=medical%20spa&t=1736446890887 HTTP/1.1" 200 -
2025-01-09 13:21:33,977 - INFO - 
Received search request - Query: medical spa, Category: hero
2025-01-09 13:21:33,978 - INFO - 
Searching Pixabay for: medical spa
2025-01-09 13:21:33,979 - DEBUG - Starting new HTTPS connection (1): pixabay.com:443
2025-01-09 13:21:34,461 - DEBUG - https://pixabay.com:443 "GET /api?key=48133257-76310a353e67a7ce6140a42f4&q=medical+spa&per_page=10&image_type=photo&orientation=horizontal&safesearch=True HTTP/11" 301 None
2025-01-09 13:21:34,463 - DEBUG - Starting new HTTP connection (1): pixabay.com:80
2025-01-09 13:21:34,521 - DEBUG - http://pixabay.com:80 "GET /api/?key=48133257-76310a353e67a7ce6140a42f4&q=medical+spa&per_page=10&image_type=photo&orientation=horizontal&safesearch=True HTTP/11" 301 167
2025-01-09 13:21:34,684 - DEBUG - https://pixabay.com:443 "GET /api/?key=48133257-76310a353e67a7ce6140a42f4&q=medical+spa&per_page=10&image_type=photo&orientation=horizontal&safesearch=True HTTP/11" 200 None
2025-01-09 13:21:34,686 - INFO - Pixabay response status: 200
2025-01-09 13:21:34,686 - INFO - Found 10 images from Pixabay
2025-01-09 13:21:34,688 - INFO - 
Trying Pexels search with query: medical spa
2025-01-09 13:21:34,689 - INFO - Making request to Pexels API...
2025-01-09 13:21:34,690 - DEBUG - Starting new HTTPS connection (1): api.pexels.com:443
2025-01-09 13:21:35,223 - DEBUG - https://api.pexels.com:443 "GET /v1/search?query=medical+spa&per_page=10&orientation=landscape HTTP/11" 200 None
2025-01-09 13:21:35,225 - INFO - Response Status: 200
2025-01-09 13:21:35,225 - INFO - Response Headers: {'Date': 'Thu, 09 Jan 2025 18:20:57 GMT', 'Content-Type': 'application/json; charset=utf-8', 'Transfer-Encoding': 'chunked', 'Connection': 'keep-alive', 'CF-Ray': '8ff671bbacae39a3-IAD', 'CF-Cache-Status': 'HIT', 'Access-Control-Allow-Origin': '*', 'Age': '647', 'Cache-Control': 'max-age=86400', 'ETag': 'W/"b7a957a9c9914b630fe13f20a03f303f"', 'Expires': 'Fri, 10 Jan 2025 18:20:57 GMT', 'Access-Control-Allow-Headers': 'Accept, Content-Type, Content-Length, Accept-Encoding, Authorization, User-Agent', 'x-frame-options': 'SAMEORIGIN', 'X-Ratelimit-Limit': '25000', 'X-Ratelimit-Remaining': '24987', 'X-Ratelimit-Reset': '1739038210', 'x-request-id': '0dd4a95f-e0d8-4177-b708-abaa41298f47', 'x-runtime': '0.205086', 'Set-Cookie': '__cf_bm=Dw8LWQyK6CYlg17QutyIYcPuu5T56vfzXHP3dgF5J8g-1736446857-1.0.1.1-yt0P91IEIGA72sNGEq7MFrTGza5ixCsfqkZ40BEmyKF26S9g7HBOpG4TTAzc_p2IexUy1Jv1JR7mJlAYdx9goA; path=/; expires=Thu, 09-Jan-25 18:50:57 GMT; domain=.pexels.com; HttpOnly; Secure; SameSite=None, _cfuvid=3km3WPA0u5rXCs44ymzSXqP5U90m.W_TOkjGYuBAgvA-1736446857645-0.0.1.1-604800000; path=/; domain=.pexels.com; HttpOnly; Secure; SameSite=None', 'Vary': 'Accept-Encoding', 'Server': 'cloudflare', 'Content-Encoding': 'gzip', 'alt-svc': 'h3=":443"; ma=86400'}
2025-01-09 13:21:35,226 - INFO - JSON Response: {
  "page": 1,
  "per_page": 10,
  "photos": [
    {
      "id": 16131207,
      "width": 5666,
      "height": 3777,
      "url": "https://www.pexels.com/photo/woman-during-facial-treatment-16131207/",
      "photographer": "Omar Medina",
      "photographer_url": "https://www.pexels.com/@omarmedinaoficial",
      "photographer_id": 16618519,
      "avg_color": "#C1C1C3",
      "src": {
        "original": "https://images.pexels.com/photos/16131207/pexels-photo-16131207.jpeg",
        "large2x"...
2025-01-09 13:21:35,226 - INFO - Found 10 photos
2025-01-09 13:21:35,227 - INFO - 
Total results: 20 (Pixabay: 10, Pexels: 10)
2025-01-09 13:21:35,228 - INFO - 127.0.0.1 - - [09/Jan/2025 13:21:35] "GET /search?query=medical%20spa&t=1736446893975 HTTP/1.1" 200 -
2025-01-09 13:21:44,664 - INFO - 
Received search request - Query: medical spa, Category: hero
2025-01-09 13:21:44,665 - INFO - 
Searching Pixabay for: medical spa
2025-01-09 13:21:44,666 - DEBUG - Starting new HTTPS connection (1): pixabay.com:443
2025-01-09 13:21:45,156 - DEBUG - https://pixabay.com:443 "GET /api?key=48133257-76310a353e67a7ce6140a42f4&q=medical+spa&per_page=10&image_type=photo&orientation=horizontal&safesearch=True HTTP/11" 301 None
2025-01-09 13:21:45,157 - DEBUG - Starting new HTTP connection (1): pixabay.com:80
2025-01-09 13:21:45,226 - DEBUG - http://pixabay.com:80 "GET /api/?key=48133257-76310a353e67a7ce6140a42f4&q=medical+spa&per_page=10&image_type=photo&orientation=horizontal&safesearch=True HTTP/11" 301 167
2025-01-09 13:21:45,359 - DEBUG - https://pixabay.com:443 "GET /api/?key=48133257-76310a353e67a7ce6140a42f4&q=medical+spa&per_page=10&image_type=photo&orientation=horizontal&safesearch=True HTTP/11" 200 None
2025-01-09 13:21:45,359 - INFO - Pixabay response status: 200
2025-01-09 13:21:45,360 - INFO - Found 10 images from Pixabay
2025-01-09 13:21:45,361 - INFO - 
Trying Pexels search with query: medical spa
2025-01-09 13:21:45,361 - INFO - Making request to Pexels API...
2025-01-09 13:21:45,362 - DEBUG - Starting new HTTPS connection (1): api.pexels.com:443
2025-01-09 13:21:45,902 - DEBUG - https://api.pexels.com:443 "GET /v1/search?query=medical+spa&per_page=10&orientation=landscape HTTP/11" 200 None
2025-01-09 13:21:45,906 - INFO - Response Status: 200
2025-01-09 13:21:45,906 - INFO - Response Headers: {'Date': 'Thu, 09 Jan 2025 18:21:08 GMT', 'Content-Type': 'application/json; charset=utf-8', 'Transfer-Encoding': 'chunked', 'Connection': 'keep-alive', 'CF-Ray': '8ff671fe9c04d68c-IAD', 'CF-Cache-Status': 'HIT', 'Access-Control-Allow-Origin': '*', 'Age': '658', 'Cache-Control': 'max-age=86400', 'ETag': 'W/"b7a957a9c9914b630fe13f20a03f303f"', 'Expires': 'Fri, 10 Jan 2025 18:21:08 GMT', 'Access-Control-Allow-Headers': 'Accept, Content-Type, Content-Length, Accept-Encoding, Authorization, User-Agent', 'x-frame-options': 'SAMEORIGIN', 'X-Ratelimit-Limit': '25000', 'X-Ratelimit-Remaining': '24986', 'X-Ratelimit-Reset': '1739038210', 'x-request-id': '0dd4a95f-e0d8-4177-b708-abaa41298f47', 'x-runtime': '0.205086', 'Set-Cookie': '__cf_bm=t4keGONXCjveM6GK5DpR2ejaZUHCx8yNkprJ.2zhjDU-1736446868-1.0.1.1-y31Akuwlygv8ffU9W1sYTSGOu4QmEnHUrfoDma0gWy3F8eZPSUNSOqdAfnjHsCo5okOCEMLgd7UhuYIEXvAeMQ; path=/; expires=Thu, 09-Jan-25 18:51:08 GMT; domain=.pexels.com; HttpOnly; Secure; SameSite=None, _cfuvid=KzPvT_krrvV71tHviGw1N08BUYHQMUXQhDn4PSAgEFc-1736446868323-0.0.1.1-604800000; path=/; domain=.pexels.com; HttpOnly; Secure; SameSite=None', 'Vary': 'Accept-Encoding', 'Server': 'cloudflare', 'Content-Encoding': 'gzip', 'alt-svc': 'h3=":443"; ma=86400'}
2025-01-09 13:21:45,907 - INFO - JSON Response: {
  "page": 1,
  "per_page": 10,
  "photos": [
    {
      "id": 16131207,
      "width": 5666,
      "height": 3777,
      "url": "https://www.pexels.com/photo/woman-during-facial-treatment-16131207/",
      "photographer": "Omar Medina",
      "photographer_url": "https://www.pexels.com/@omarmedinaoficial",
      "photographer_id": 16618519,
      "avg_color": "#C1C1C3",
      "src": {
        "original": "https://images.pexels.com/photos/16131207/pexels-photo-16131207.jpeg",
        "large2x"...
2025-01-09 13:21:45,907 - INFO - Found 10 photos
2025-01-09 13:21:45,909 - INFO - 
Total results: 20 (Pixabay: 10, Pexels: 10)
2025-01-09 13:21:45,910 - INFO - 127.0.0.1 - - [09/Jan/2025 13:21:45] "GET /search?query=medical%20spa&t=1736446904359 HTTP/1.1" 200 -
2025-01-09 13:21:48,480 - INFO - 
Downloading 2 images to c:\Users\Big Daddy Pyatt\CascadeProjects\subscriptions\nextjs-subscription-payments\SpotCircuit\medical_spa_offers\aeo_offer\assets\images
2025-01-09 13:21:48,481 - INFO - Downloading image 1 (hero) to: c:\Users\Big Daddy Pyatt\CascadeProjects\subscriptions\nextjs-subscription-payments\SpotCircuit\medical_spa_offers\aeo_offer\assets\images\hero1.webp
2025-01-09 13:21:48,483 - DEBUG - Starting new HTTPS connection (1): pixabay.com:443
2025-01-09 13:21:49,213 - DEBUG - https://pixabay.com:443 "GET /get/gf238384075a7d3d6e99f2a8221b5fd581d2bef09437a3379e56cdc1ddda996703bd68cf2e3538cf74d4254c462b1419daeaad865c49986fec3ab8e5523b65c42_1280.jpg HTTP/11" 200 214854
2025-01-09 13:21:49,318 - DEBUG - Importing BlpImagePlugin
2025-01-09 13:21:49,319 - DEBUG - Importing BmpImagePlugin
2025-01-09 13:21:49,319 - DEBUG - Importing BufrStubImagePlugin
2025-01-09 13:21:49,320 - DEBUG - Importing CurImagePlugin
2025-01-09 13:21:49,321 - DEBUG - Importing DcxImagePlugin
2025-01-09 13:21:49,322 - DEBUG - Importing DdsImagePlugin
2025-01-09 13:21:49,322 - DEBUG - Importing EpsImagePlugin
2025-01-09 13:21:49,323 - DEBUG - Importing FitsImagePlugin
2025-01-09 13:21:49,324 - DEBUG - Importing FliImagePlugin
2025-01-09 13:21:49,325 - DEBUG - Importing FpxImagePlugin
2025-01-09 13:21:49,326 - DEBUG - Image: failed to import FpxImagePlugin: No module named 'olefile'
2025-01-09 13:21:49,326 - DEBUG - Importing FtexImagePlugin
2025-01-09 13:21:49,327 - DEBUG - Importing GbrImagePlugin
2025-01-09 13:21:49,327 - DEBUG - Importing GifImagePlugin
2025-01-09 13:21:49,327 - DEBUG - Importing GribStubImagePlugin
2025-01-09 13:21:49,328 - DEBUG - Importing Hdf5StubImagePlugin
2025-01-09 13:21:49,328 - DEBUG - Importing IcnsImagePlugin
2025-01-09 13:21:49,330 - DEBUG - Importing IcoImagePlugin
2025-01-09 13:21:49,331 - DEBUG - Importing ImImagePlugin
2025-01-09 13:21:49,332 - DEBUG - Importing ImtImagePlugin
2025-01-09 13:21:49,332 - DEBUG - Importing IptcImagePlugin
2025-01-09 13:21:49,333 - DEBUG - Importing JpegImagePlugin
2025-01-09 13:21:49,333 - DEBUG - Importing Jpeg2KImagePlugin
2025-01-09 13:21:49,333 - DEBUG - Importing McIdasImagePlugin
2025-01-09 13:21:49,334 - DEBUG - Importing MicImagePlugin
2025-01-09 13:21:49,335 - DEBUG - Image: failed to import MicImagePlugin: No module named 'olefile'
2025-01-09 13:21:49,335 - DEBUG - Importing MpegImagePlugin
2025-01-09 13:21:49,336 - DEBUG - Importing MpoImagePlugin
2025-01-09 13:21:49,340 - DEBUG - Importing MspImagePlugin
2025-01-09 13:21:49,341 - DEBUG - Importing PalmImagePlugin
2025-01-09 13:21:49,342 - DEBUG - Importing PcdImagePlugin
2025-01-09 13:21:49,342 - DEBUG - Importing PcxImagePlugin
2025-01-09 13:21:49,343 - DEBUG - Importing PdfImagePlugin
2025-01-09 13:21:49,348 - DEBUG - Importing PixarImagePlugin
2025-01-09 13:21:49,349 - DEBUG - Importing PngImagePlugin
2025-01-09 13:21:49,349 - DEBUG - Importing PpmImagePlugin
2025-01-09 13:21:49,349 - DEBUG - Importing PsdImagePlugin
2025-01-09 13:21:49,349 - DEBUG - Importing QoiImagePlugin
2025-01-09 13:21:49,350 - DEBUG - Importing SgiImagePlugin
2025-01-09 13:21:49,350 - DEBUG - Importing SpiderImagePlugin
2025-01-09 13:21:49,351 - DEBUG - Importing SunImagePlugin
2025-01-09 13:21:49,351 - DEBUG - Importing TgaImagePlugin
2025-01-09 13:21:49,352 - DEBUG - Importing TiffImagePlugin
2025-01-09 13:21:49,352 - DEBUG - Importing WebPImagePlugin
2025-01-09 13:21:49,354 - DEBUG - Importing WmfImagePlugin
2025-01-09 13:21:49,354 - DEBUG - Importing XbmImagePlugin
2025-01-09 13:21:49,356 - DEBUG - Importing XpmImagePlugin
2025-01-09 13:21:49,357 - DEBUG - Importing XVThumbImagePlugin
2025-01-09 13:21:49,593 - INFO - Successfully downloaded and converted: c:\Users\Big Daddy Pyatt\CascadeProjects\subscriptions\nextjs-subscription-payments\SpotCircuit\medical_spa_offers\aeo_offer\assets\images\hero1.webp
2025-01-09 13:21:49,632 - INFO - 127.0.0.1 - - [09/Jan/2025 13:21:49] "[35m[1mPOST /download HTTP/1.1[0m" 500 -
2025-01-09 13:23:15,865 - INFO -  * Detected change in 'c:\\Users\\Big Daddy Pyatt\\CascadeProjects\\subscriptions\\nextjs-subscription-payments\\spotcircuit\\medical_spa_offers\\aeo_offer\\utils\\image_finder_web.py', reloading
2025-01-09 13:23:15,919 - INFO -  * Restarting with stat
2025-01-09 13:23:16,355 - INFO - 
=== Starting Pexels Image Finder ===
2025-01-09 13:23:16,355 - INFO - Server running on http://localhost:3800
2025-01-09 13:23:16,378 - WARNING -  * Debugger is active!
2025-01-09 13:23:16,391 - INFO -  * Debugger PIN: 139-578-246
2025-01-09 13:23:16,480 - INFO -  * Detected change in 'c:\\Users\\Big Daddy Pyatt\\CascadeProjects\\subscriptions\\nextjs-subscription-payments\\spotcircuit\\medical_spa_offers\\aeo_offer\\utils\\image_finder_web.py', reloading
2025-01-09 13:23:16,528 - INFO -  * Restarting with stat
2025-01-09 13:23:16,620 - INFO -  * Detected change in 'c:\\Users\\Big Daddy Pyatt\\CascadeProjects\\subscriptions\\nextjs-subscription-payments\\SpotCircuit\\medical_spa_offers\\aeo_offer\\utils\\image_finder_web.py', reloading
2025-01-09 13:23:16,680 - INFO -  * Restarting with stat
2025-01-09 13:23:17,014 - INFO - 
=== Starting Pexels Image Finder ===
2025-01-09 13:23:17,014 - INFO - Server running on http://localhost:3800
2025-01-09 13:23:17,033 - WARNING -  * Debugger is active!
2025-01-09 13:23:17,051 - INFO -  * Debugger PIN: 139-578-246
2025-01-09 13:23:17,142 - INFO -  * Detected change in 'c:\\Users\\Big Daddy Pyatt\\CascadeProjects\\subscriptions\\nextjs-subscription-payments\\spotcircuit\\medical_spa_offers\\aeo_offer\\utils\\image_finder_web.py', reloading
2025-01-09 13:23:17,200 - INFO - 
=== Starting Pexels Image Finder ===
2025-01-09 13:23:17,200 - INFO - Server running on http://localhost:3800
2025-01-09 13:23:17,213 - INFO -  * Restarting with stat
2025-01-09 13:23:17,219 - WARNING -  * Debugger is active!
2025-01-09 13:23:17,234 - INFO -  * Debugger PIN: 139-578-246
2025-01-09 13:23:17,299 - INFO -  * Detected change in 'c:\\Users\\Big Daddy Pyatt\\CascadeProjects\\subscriptions\\nextjs-subscription-payments\\spotcircuit\\medical_spa_offers\\aeo_offer\\utils\\image_finder_web.py', reloading
2025-01-09 13:23:17,358 - INFO -  * Restarting with stat
2025-01-09 13:23:17,699 - INFO - 
=== Starting Pexels Image Finder ===
2025-01-09 13:23:17,699 - INFO - Server running on http://localhost:3800
2025-01-09 13:23:17,716 - WARNING -  * Debugger is active!
2025-01-09 13:23:17,732 - INFO -  * Debugger PIN: 139-578-246
2025-01-09 13:23:17,851 - INFO - 
=== Starting Pexels Image Finder ===
2025-01-09 13:23:17,851 - INFO - Server running on http://localhost:3800
2025-01-09 13:23:17,867 - WARNING -  * Debugger is active!
2025-01-09 13:23:17,883 - INFO -  * Debugger PIN: 139-578-246
2025-01-09 13:23:33,125 - INFO - 
=== Starting Pexels Image Finder ===
2025-01-09 13:23:33,125 - INFO - Server running on http://localhost:3800
2025-01-09 13:23:33,146 - INFO - [31m[1mWARNING: This is a development server. Do not use it in a production deployment. Use a production WSGI server instead.[0m
 * Running on http://127.0.0.1:3800
2025-01-09 13:23:33,146 - INFO - [33mPress CTRL+C to quit[0m
2025-01-09 13:23:33,151 - INFO -  * Restarting with stat
2025-01-09 13:23:33,574 - INFO - 
=== Starting Pexels Image Finder ===
2025-01-09 13:23:33,574 - INFO - Server running on http://localhost:3800
2025-01-09 13:23:33,589 - WARNING -  * Debugger is active!
2025-01-09 13:23:33,602 - INFO -  * Debugger PIN: 139-578-246
2025-01-09 13:23:44,243 - INFO - 127.0.0.1 - - [09/Jan/2025 13:23:44] "GET / HTTP/1.1" 200 -
2025-01-09 13:23:44,344 - INFO - 
Received search request - Query: , Category: hero
2025-01-09 13:23:44,345 - INFO - 
Searching Pixabay for: 
2025-01-09 13:23:44,348 - DEBUG - Starting new HTTPS connection (1): pixabay.com:443
2025-01-09 13:23:44,818 - DEBUG - https://pixabay.com:443 "GET /api?key=48133257-76310a353e67a7ce6140a42f4&q=&per_page=10&image_type=photo&orientation=horizontal&safesearch=True HTTP/11" 301 None
2025-01-09 13:23:44,819 - DEBUG - Starting new HTTP connection (1): pixabay.com:80
2025-01-09 13:23:44,882 - DEBUG - http://pixabay.com:80 "GET /api/?key=48133257-76310a353e67a7ce6140a42f4&q=&per_page=10&image_type=photo&orientation=horizontal&safesearch=True HTTP/11" 301 167
2025-01-09 13:23:45,006 - DEBUG - https://pixabay.com:443 "GET /api/?key=48133257-76310a353e67a7ce6140a42f4&q=&per_page=10&image_type=photo&orientation=horizontal&safesearch=True HTTP/11" 200 None
2025-01-09 13:23:45,009 - INFO - Pixabay response status: 200
2025-01-09 13:23:45,010 - INFO - Found 10 images from Pixabay
2025-01-09 13:23:45,011 - INFO - 
Trying Pexels search with query: 
2025-01-09 13:23:45,012 - INFO - Making request to Pexels API...
2025-01-09 13:23:45,013 - DEBUG - Starting new HTTPS connection (1): api.pexels.com:443
2025-01-09 13:23:45,586 - DEBUG - https://api.pexels.com:443 "GET /v1/search?query=&per_page=10&orientation=landscape HTTP/11" 400 None
2025-01-09 13:23:45,586 - INFO - Response Status: 400
2025-01-09 13:23:45,587 - INFO - Response Headers: {'Date': 'Thu, 09 Jan 2025 18:23:08 GMT', 'Content-Type': 'application/json; charset=utf-8', 'Transfer-Encoding': 'chunked', 'Connection': 'keep-alive', 'CF-Ray': '8ff674ea1e029c4c-IAD', 'CF-Cache-Status': 'MISS', 'Access-Control-Allow-Origin': '*', 'Cache-Control': 'max-age=86400', 'Access-Control-Allow-Headers': 'Accept, Content-Type, Content-Length, Accept-Encoding, Authorization, User-Agent', 'x-frame-options': 'SAMEORIGIN', 'X-Ratelimit-Limit': '25000', 'X-Ratelimit-Remaining': '24985', 'X-Ratelimit-Reset': '1739038210', 'x-request-id': 'df9745ab-78e5-4979-8a0f-3a857eb7d1d6', 'x-runtime': '0.011584', 'Set-Cookie': '__cf_bm=PlyrNa8lTzK6t.WsL8uRI1Kv_aM0HPPLvikOh_NSoEM-1736446988-1.0.1.1-pvU8Sllf3IilTvzvwARak8IQCwRqW4rbh_kS.0EJZxe_FBWsvPRziWijNmUII.wYMEdHy9vxoeL8fDhDumgAlA; path=/; expires=Thu, 09-Jan-25 18:53:08 GMT; domain=.pexels.com; HttpOnly; Secure; SameSite=None, _cfuvid=cMYXJVQtEES9bjrkNHQrb_55SpaHryoRw7NDVV5Hqj8-1736446988006-0.0.1.1-604800000; path=/; domain=.pexels.com; HttpOnly; Secure; SameSite=None', 'Vary': 'Accept-Encoding', 'Server': 'cloudflare', 'alt-svc': 'h3=":443"; ma=86400'}
2025-01-09 13:23:45,587 - INFO - JSON Response: {
  "status": 400,
  "code": "No query param given"
}...
2025-01-09 13:23:45,587 - INFO - No 'photos' key in response. Keys found: ['status', 'code']
2025-01-09 13:23:45,588 - INFO - 
Total results: 10 (Pixabay: 10, Pexels: 0)
2025-01-09 13:23:45,589 - INFO - 127.0.0.1 - - [09/Jan/2025 13:23:45] "GET /search?query=&t=1736447024342 HTTP/1.1" 200 -
2025-01-09 13:23:51,588 - INFO - 
Received search request - Query: medical spa pictures, Category: hero
2025-01-09 13:23:51,588 - INFO - 
Searching Pixabay for: medical spa pictures
2025-01-09 13:23:51,590 - DEBUG - Starting new HTTPS connection (1): pixabay.com:443
2025-01-09 13:23:52,125 - DEBUG - https://pixabay.com:443 "GET /api?key=48133257-76310a353e67a7ce6140a42f4&q=medical+spa+pictures&per_page=10&image_type=photo&orientation=horizontal&safesearch=True HTTP/11" 301 None
2025-01-09 13:23:52,127 - DEBUG - Starting new HTTP connection (1): pixabay.com:80
2025-01-09 13:23:52,187 - DEBUG - http://pixabay.com:80 "GET /api/?key=48133257-76310a353e67a7ce6140a42f4&q=medical+spa+pictures&per_page=10&image_type=photo&orientation=horizontal&safesearch=True HTTP/11" 301 167
2025-01-09 13:23:52,342 - DEBUG - https://pixabay.com:443 "GET /api/?key=48133257-76310a353e67a7ce6140a42f4&q=medical+spa+pictures&per_page=10&image_type=photo&orientation=horizontal&safesearch=True HTTP/11" 200 None
2025-01-09 13:23:52,344 - INFO - Pixabay response status: 200
2025-01-09 13:23:52,345 - INFO - Found 10 images from Pixabay
2025-01-09 13:23:52,347 - INFO - 
Trying Pexels search with query: medical spa pictures
2025-01-09 13:23:52,347 - INFO - Making request to Pexels API...
2025-01-09 13:23:52,348 - DEBUG - Starting new HTTPS connection (1): api.pexels.com:443
2025-01-09 13:23:53,066 - DEBUG - https://api.pexels.com:443 "GET /v1/search?query=medical+spa+pictures&per_page=10&orientation=landscape HTTP/11" 200 None
2025-01-09 13:23:53,067 - INFO - Response Status: 200
2025-01-09 13:23:53,068 - INFO - Response Headers: {'Date': 'Thu, 09 Jan 2025 18:23:15 GMT', 'Content-Type': 'application/json; charset=utf-8', 'Transfer-Encoding': 'chunked', 'Connection': 'keep-alive', 'CF-Ray': '8ff67517eea2e60c-IAD', 'CF-Cache-Status': 'MISS', 'Access-Control-Allow-Origin': '*', 'Cache-Control': 'max-age=86400', 'ETag': 'W/"1dfee9edf413abcc4285faa5b315e4bd"', 'Expires': 'Fri, 10 Jan 2025 18:23:15 GMT', 'Access-Control-Allow-Headers': 'Accept, Content-Type, Content-Length, Accept-Encoding, Authorization, User-Agent', 'x-frame-options': 'SAMEORIGIN', 'X-Ratelimit-Limit': '25000', 'X-Ratelimit-Remaining': '24984', 'X-Ratelimit-Reset': '1739038210', 'x-request-id': 'e97bcbb4-1bce-4117-a989-aeba4c8d57d4', 'x-runtime': '0.184911', 'Set-Cookie': '__cf_bm=577CRNorR.fE1CuqtU60YQxbie0LiiYYZZQWOmvghqw-1736446995-1.0.1.1-Rd4uloYa__vLDa5QLY__H4pTP5TlUsMSwihmCuvsniOexf0ejyzHmmAapXnwBEnI_T_PmzRo6ejy8jYfRGXt6g; path=/; expires=Thu, 09-Jan-25 18:53:15 GMT; domain=.pexels.com; HttpOnly; Secure; SameSite=None, _cfuvid=38a4SLwqpvD6dua__8behK4W0IDHIicAnDqAv4B0jFI-1736446995486-0.0.1.1-604800000; path=/; domain=.pexels.com; HttpOnly; Secure; SameSite=None', 'Vary': 'Accept-Encoding', 'Server': 'cloudflare', 'Content-Encoding': 'gzip', 'alt-svc': 'h3=":443"; ma=86400'}
2025-01-09 13:23:53,069 - INFO - JSON Response: {
  "page": 1,
  "per_page": 10,
  "photos": [
    {
      "id": 7526023,
      "width": 6240,
      "height": 4160,
      "url": "https://www.pexels.com/photo/yellow-flowers-in-brown-clay-pot-7526023/",
      "photographer": "Nataliya Vaitkevich",
      "photographer_url": "https://www.pexels.com/@n-voitkevich",
      "photographer_id": 2906295,
      "avg_color": "#B99C4C",
      "src": {
        "original": "https://images.pexels.com/photos/7526023/pexels-photo-7526023.jpeg",
        "large2x...
2025-01-09 13:23:53,069 - INFO - Found 10 photos
2025-01-09 13:23:53,071 - INFO - 
Total results: 20 (Pixabay: 10, Pexels: 10)
2025-01-09 13:23:53,072 - INFO - 127.0.0.1 - - [09/Jan/2025 13:23:53] "GET /search?query=medical%20spa%20pictures&t=1736447031586 HTTP/1.1" 200 -
2025-01-09 13:23:57,829 - INFO - 
Received search request - Query: medical spa pictures, Category: hero
2025-01-09 13:23:57,830 - INFO - 
Searching Pixabay for: medical spa pictures
2025-01-09 13:23:57,832 - DEBUG - Starting new HTTPS connection (1): pixabay.com:443
2025-01-09 13:23:58,419 - DEBUG - https://pixabay.com:443 "GET /api?key=48133257-76310a353e67a7ce6140a42f4&q=medical+spa+pictures&per_page=10&image_type=photo&orientation=horizontal&safesearch=True HTTP/11" 301 None
2025-01-09 13:23:58,420 - DEBUG - Starting new HTTP connection (1): pixabay.com:80
2025-01-09 13:23:58,522 - DEBUG - http://pixabay.com:80 "GET /api/?key=48133257-76310a353e67a7ce6140a42f4&q=medical+spa+pictures&per_page=10&image_type=photo&orientation=horizontal&safesearch=True HTTP/11" 301 167
2025-01-09 13:23:58,677 - DEBUG - https://pixabay.com:443 "GET /api/?key=48133257-76310a353e67a7ce6140a42f4&q=medical+spa+pictures&per_page=10&image_type=photo&orientation=horizontal&safesearch=True HTTP/11" 200 None
2025-01-09 13:23:58,680 - INFO - Pixabay response status: 200
2025-01-09 13:23:58,680 - INFO - Found 10 images from Pixabay
2025-01-09 13:23:58,682 - INFO - 
Trying Pexels search with query: medical spa pictures
2025-01-09 13:23:58,682 - INFO - Making request to Pexels API...
2025-01-09 13:23:58,683 - DEBUG - Starting new HTTPS connection (1): api.pexels.com:443
2025-01-09 13:23:59,196 - DEBUG - https://api.pexels.com:443 "GET /v1/search?query=medical+spa+pictures&per_page=10&orientation=landscape HTTP/11" 200 None
2025-01-09 13:23:59,197 - INFO - Response Status: 200
2025-01-09 13:23:59,197 - INFO - Response Headers: {'Date': 'Thu, 09 Jan 2025 18:23:21 GMT', 'Content-Type': 'application/json; charset=utf-8', 'Transfer-Encoding': 'chunked', 'Connection': 'keep-alive', 'CF-Ray': '8ff6753fbbe3f27a-IAD', 'CF-Cache-Status': 'HIT', 'Access-Control-Allow-Origin': '*', 'Age': '6', 'Cache-Control': 'max-age=86400', 'ETag': 'W/"1dfee9edf413abcc4285faa5b315e4bd"', 'Expires': 'Fri, 10 Jan 2025 18:23:21 GMT', 'Access-Control-Allow-Headers': 'Accept, Content-Type, Content-Length, Accept-Encoding, Authorization, User-Agent', 'x-frame-options': 'SAMEORIGIN', 'X-Ratelimit-Limit': '25000', 'X-Ratelimit-Remaining': '24983', 'X-Ratelimit-Reset': '1739038210', 'x-request-id': 'e97bcbb4-1bce-4117-a989-aeba4c8d57d4', 'x-runtime': '0.184911', 'Set-Cookie': '__cf_bm=iiHMuK3RCOli9xW52QPxHiIblTIX3T_ovOTiJRD5KS0-1736447001-1.0.1.1-eAYAPmu7u2AkfMWvgNxtDnNqCi19kTWqmKG0EY_o1BbwUdcQ261VVByNlZ7cVjqaT_l4sn5lydPm8apcbUQKIA; path=/; expires=Thu, 09-Jan-25 18:53:21 GMT; domain=.pexels.com; HttpOnly; Secure; SameSite=None, _cfuvid=6XXyUE7LzL07n1iGvIffh7OWfByb.cjA7HWY484kI4w-1736447001614-0.0.1.1-604800000; path=/; domain=.pexels.com; HttpOnly; Secure; SameSite=None', 'Vary': 'Accept-Encoding', 'Server': 'cloudflare', 'Content-Encoding': 'gzip', 'alt-svc': 'h3=":443"; ma=86400'}
2025-01-09 13:23:59,199 - INFO - JSON Response: {
  "page": 1,
  "per_page": 10,
  "photos": [
    {
      "id": 7526023,
      "width": 6240,
      "height": 4160,
      "url": "https://www.pexels.com/photo/yellow-flowers-in-brown-clay-pot-7526023/",
      "photographer": "Nataliya Vaitkevich",
      "photographer_url": "https://www.pexels.com/@n-voitkevich",
      "photographer_id": 2906295,
      "avg_color": "#B99C4C",
      "src": {
        "original": "https://images.pexels.com/photos/7526023/pexels-photo-7526023.jpeg",
        "large2x...
2025-01-09 13:23:59,199 - INFO - Found 10 photos
2025-01-09 13:23:59,200 - INFO - 
Total results: 20 (Pixabay: 10, Pexels: 10)
2025-01-09 13:23:59,201 - INFO - 127.0.0.1 - - [09/Jan/2025 13:23:59] "GET /search?query=medical%20spa%20pictures&t=1736447037518 HTTP/1.1" 200 -
2025-01-09 13:24:11,991 - INFO - 
Received search request - Query: medical spa pictures, Category: hero
2025-01-09 13:24:11,992 - INFO - 
Searching Pixabay for: medical spa pictures
2025-01-09 13:24:11,993 - DEBUG - Starting new HTTPS connection (1): pixabay.com:443
2025-01-09 13:24:12,430 - DEBUG - https://pixabay.com:443 "GET /api?key=48133257-76310a353e67a7ce6140a42f4&q=medical+spa+pictures&per_page=10&image_type=photo&orientation=horizontal&safesearch=True HTTP/11" 301 None
2025-01-09 13:24:12,431 - DEBUG - Starting new HTTP connection (1): pixabay.com:80
2025-01-09 13:24:12,508 - DEBUG - http://pixabay.com:80 "GET /api/?key=48133257-76310a353e67a7ce6140a42f4&q=medical+spa+pictures&per_page=10&image_type=photo&orientation=horizontal&safesearch=True HTTP/11" 301 167
2025-01-09 13:24:12,627 - DEBUG - https://pixabay.com:443 "GET /api/?key=48133257-76310a353e67a7ce6140a42f4&q=medical+spa+pictures&per_page=10&image_type=photo&orientation=horizontal&safesearch=True HTTP/11" 200 None
2025-01-09 13:24:12,628 - INFO - Pixabay response status: 200
2025-01-09 13:24:12,629 - INFO - Found 10 images from Pixabay
2025-01-09 13:24:12,630 - INFO - 
Trying Pexels search with query: medical spa pictures
2025-01-09 13:24:12,630 - INFO - Making request to Pexels API...
2025-01-09 13:24:12,632 - DEBUG - Starting new HTTPS connection (1): api.pexels.com:443
2025-01-09 13:24:13,145 - DEBUG - https://api.pexels.com:443 "GET /v1/search?query=medical+spa+pictures&per_page=10&orientation=landscape HTTP/11" 200 None
2025-01-09 13:24:13,147 - INFO - Response Status: 200
2025-01-09 13:24:13,147 - INFO - Response Headers: {'Date': 'Thu, 09 Jan 2025 18:23:35 GMT', 'Content-Type': 'application/json; charset=utf-8', 'Transfer-Encoding': 'chunked', 'Connection': 'keep-alive', 'CF-Ray': '8ff67596ac7557d2-IAD', 'CF-Cache-Status': 'HIT', 'Access-Control-Allow-Origin': '*', 'Age': '20', 'Cache-Control': 'max-age=86400', 'ETag': 'W/"1dfee9edf413abcc4285faa5b315e4bd"', 'Expires': 'Fri, 10 Jan 2025 18:23:35 GMT', 'Access-Control-Allow-Headers': 'Accept, Content-Type, Content-Length, Accept-Encoding, Authorization, User-Agent', 'x-frame-options': 'SAMEORIGIN', 'X-Ratelimit-Limit': '25000', 'X-Ratelimit-Remaining': '24982', 'X-Ratelimit-Reset': '1739038210', 'x-request-id': 'e97bcbb4-1bce-4117-a989-aeba4c8d57d4', 'x-runtime': '0.184911', 'Set-Cookie': '__cf_bm=5iK7th1ZQI.pVyMC092aNUdHhhplWU8GMlW7RDwxfiI-1736447015-1.0.1.1-mUDGkxofbwolfoiwumvY4cwKK9kV4.pf9u5B5HKelMHOAB71pEvknuASmFx9yBeIAk7.xoyV7NPp.xaPYdGFNw; path=/; expires=Thu, 09-Jan-25 18:53:35 GMT; domain=.pexels.com; HttpOnly; Secure; SameSite=None, _cfuvid=t9A2uYZXAhzjE5BDIznXfwq7yOMhLiLXrwa84sbYh7c-1736447015566-0.0.1.1-604800000; path=/; domain=.pexels.com; HttpOnly; Secure; SameSite=None', 'Vary': 'Accept-Encoding', 'Server': 'cloudflare', 'Content-Encoding': 'gzip', 'alt-svc': 'h3=":443"; ma=86400'}
2025-01-09 13:24:13,148 - INFO - JSON Response: {
  "page": 1,
  "per_page": 10,
  "photos": [
    {
      "id": 7526023,
      "width": 6240,
      "height": 4160,
      "url": "https://www.pexels.com/photo/yellow-flowers-in-brown-clay-pot-7526023/",
      "photographer": "Nataliya Vaitkevich",
      "photographer_url": "https://www.pexels.com/@n-voitkevich",
      "photographer_id": 2906295,
      "avg_color": "#B99C4C",
      "src": {
        "original": "https://images.pexels.com/photos/7526023/pexels-photo-7526023.jpeg",
        "large2x...
2025-01-09 13:24:13,148 - INFO - Found 10 photos
2025-01-09 13:24:13,150 - INFO - 
Total results: 20 (Pixabay: 10, Pexels: 10)
2025-01-09 13:24:13,151 - INFO - 127.0.0.1 - - [09/Jan/2025 13:24:13] "GET /search?query=medical%20spa%20pictures&t=1736447051990 HTTP/1.1" 200 -
2025-01-09 13:24:22,560 - INFO - 
Received search request - Query: medical spa pictures, Category: hero
2025-01-09 13:24:22,560 - INFO - 
Searching Pixabay for: medical spa pictures
2025-01-09 13:24:22,562 - DEBUG - Starting new HTTPS connection (1): pixabay.com:443
2025-01-09 13:24:23,042 - DEBUG - https://pixabay.com:443 "GET /api?key=48133257-76310a353e67a7ce6140a42f4&q=medical+spa+pictures&per_page=10&image_type=photo&orientation=horizontal&safesearch=True HTTP/11" 301 None
2025-01-09 13:24:23,044 - DEBUG - Starting new HTTP connection (1): pixabay.com:80
2025-01-09 13:24:23,120 - DEBUG - http://pixabay.com:80 "GET /api/?key=48133257-76310a353e67a7ce6140a42f4&q=medical+spa+pictures&per_page=10&image_type=photo&orientation=horizontal&safesearch=True HTTP/11" 301 167
2025-01-09 13:24:23,221 - DEBUG - https://pixabay.com:443 "GET /api/?key=48133257-76310a353e67a7ce6140a42f4&q=medical+spa+pictures&per_page=10&image_type=photo&orientation=horizontal&safesearch=True HTTP/11" 200 None
2025-01-09 13:24:23,224 - INFO - Pixabay response status: 200
2025-01-09 13:24:23,225 - INFO - Found 10 images from Pixabay
2025-01-09 13:24:23,227 - INFO - 
Trying Pexels search with query: medical spa pictures
2025-01-09 13:24:23,227 - INFO - Making request to Pexels API...
2025-01-09 13:24:23,228 - DEBUG - Starting new HTTPS connection (1): api.pexels.com:443
2025-01-09 13:24:23,757 - DEBUG - https://api.pexels.com:443 "GET /v1/search?query=medical+spa+pictures&per_page=10&orientation=landscape HTTP/11" 200 None
2025-01-09 13:24:23,758 - INFO - Response Status: 200
2025-01-09 13:24:23,758 - INFO - Response Headers: {'Date': 'Thu, 09 Jan 2025 18:23:46 GMT', 'Content-Type': 'application/json; charset=utf-8', 'Transfer-Encoding': 'chunked', 'Connection': 'keep-alive', 'CF-Ray': '8ff675d92f8928ae-IAD', 'CF-Cache-Status': 'HIT', 'Access-Control-Allow-Origin': '*', 'Age': '31', 'Cache-Control': 'max-age=86400', 'ETag': 'W/"1dfee9edf413abcc4285faa5b315e4bd"', 'Expires': 'Fri, 10 Jan 2025 18:23:46 GMT', 'Access-Control-Allow-Headers': 'Accept, Content-Type, Content-Length, Accept-Encoding, Authorization, User-Agent', 'x-frame-options': 'SAMEORIGIN', 'X-Ratelimit-Limit': '25000', 'X-Ratelimit-Remaining': '24981', 'X-Ratelimit-Reset': '1739038210', 'x-request-id': 'e97bcbb4-1bce-4117-a989-aeba4c8d57d4', 'x-runtime': '0.184911', 'Set-Cookie': '__cf_bm=C1L9NaOCm4QRxxUHAW4jvjWFPE1NDgLk5YKPE5vurPo-1736447026-1.0.1.1-bGIJdC4wY1AWnejUZfftleLFORIVXnBON4DFcUyyG41w.Qyr3DawdOueCmuDxMTQ7PgK_UKly75CunR9SCSzxg; path=/; expires=Thu, 09-Jan-25 18:53:46 GMT; domain=.pexels.com; HttpOnly; Secure; SameSite=None, _cfuvid=8gSjB3t.QuXsf43Kesecf2fmaXJTq0LS9X3axsngsyw-1736447026178-0.0.1.1-604800000; path=/; domain=.pexels.com; HttpOnly; Secure; SameSite=None', 'Vary': 'Accept-Encoding', 'Server': 'cloudflare', 'Content-Encoding': 'gzip', 'alt-svc': 'h3=":443"; ma=86400'}
2025-01-09 13:24:23,759 - INFO - JSON Response: {
  "page": 1,
  "per_page": 10,
  "photos": [
    {
      "id": 7526023,
      "width": 6240,
      "height": 4160,
      "url": "https://www.pexels.com/photo/yellow-flowers-in-brown-clay-pot-7526023/",
      "photographer": "Nataliya Vaitkevich",
      "photographer_url": "https://www.pexels.com/@n-voitkevich",
      "photographer_id": 2906295,
      "avg_color": "#B99C4C",
      "src": {
        "original": "https://images.pexels.com/photos/7526023/pexels-photo-7526023.jpeg",
        "large2x...
2025-01-09 13:24:23,759 - INFO - Found 10 photos
2025-01-09 13:24:23,761 - INFO - 
Total results: 20 (Pixabay: 10, Pexels: 10)
2025-01-09 13:24:23,761 - INFO - 127.0.0.1 - - [09/Jan/2025 13:24:23] "GET /search?query=medical%20spa%20pictures&t=1736447062246 HTTP/1.1" 200 -
2025-01-09 13:24:26,776 - INFO - 
Received search request - Query: medical spa pictures, Category: hero
2025-01-09 13:24:26,777 - INFO - 
Searching Pixabay for: medical spa pictures
2025-01-09 13:24:26,777 - DEBUG - Starting new HTTPS connection (1): pixabay.com:443
2025-01-09 13:24:27,276 - DEBUG - https://pixabay.com:443 "GET /api?key=48133257-76310a353e67a7ce6140a42f4&q=medical+spa+pictures&per_page=10&image_type=photo&orientation=horizontal&safesearch=True HTTP/11" 301 None
2025-01-09 13:24:27,278 - DEBUG - Starting new HTTP connection (1): pixabay.com:80
2025-01-09 13:24:27,343 - DEBUG - http://pixabay.com:80 "GET /api/?key=48133257-76310a353e67a7ce6140a42f4&q=medical+spa+pictures&per_page=10&image_type=photo&orientation=horizontal&safesearch=True HTTP/11" 301 167
2025-01-09 13:24:27,447 - DEBUG - https://pixabay.com:443 "GET /api/?key=48133257-76310a353e67a7ce6140a42f4&q=medical+spa+pictures&per_page=10&image_type=photo&orientation=horizontal&safesearch=True HTTP/11" 200 None
2025-01-09 13:24:27,448 - INFO - Pixabay response status: 200
2025-01-09 13:24:27,449 - INFO - Found 10 images from Pixabay
2025-01-09 13:24:27,450 - INFO - 
Trying Pexels search with query: medical spa pictures
2025-01-09 13:24:27,450 - INFO - Making request to Pexels API...
2025-01-09 13:24:27,451 - DEBUG - Starting new HTTPS connection (1): api.pexels.com:443
2025-01-09 13:24:28,006 - DEBUG - https://api.pexels.com:443 "GET /v1/search?query=medical+spa+pictures&per_page=10&orientation=landscape HTTP/11" 200 None
2025-01-09 13:24:28,010 - INFO - Response Status: 200
2025-01-09 13:24:28,010 - INFO - Response Headers: {'Date': 'Thu, 09 Jan 2025 18:23:50 GMT', 'Content-Type': 'application/json; charset=utf-8', 'Transfer-Encoding': 'chunked', 'Connection': 'keep-alive', 'CF-Ray': '8ff675f3b873e627-IAD', 'CF-Cache-Status': 'HIT', 'Access-Control-Allow-Origin': '*', 'Age': '35', 'Cache-Control': 'max-age=86400', 'ETag': 'W/"1dfee9edf413abcc4285faa5b315e4bd"', 'Expires': 'Fri, 10 Jan 2025 18:23:50 GMT', 'Access-Control-Allow-Headers': 'Accept, Content-Type, Content-Length, Accept-Encoding, Authorization, User-Agent', 'x-frame-options': 'SAMEORIGIN', 'X-Ratelimit-Limit': '25000', 'X-Ratelimit-Remaining': '24980', 'X-Ratelimit-Reset': '1739038210', 'x-request-id': 'e97bcbb4-1bce-4117-a989-aeba4c8d57d4', 'x-runtime': '0.184911', 'Set-Cookie': '__cf_bm=wRbt1cJSpMk9F2CmHKdnFmtsly_C3_cqBvNRaV0jxng-1736447030-1.0.1.1-d__dNjimf6hFVcxFMA4quNY659YlzF7MYB6U0km8v6Z4UzTs6VdSRU7ToYpFlHlWuBE86ZDTmAzhp45uosSQsg; path=/; expires=Thu, 09-Jan-25 18:53:50 GMT; domain=.pexels.com; HttpOnly; Secure; SameSite=None, _cfuvid=j6C47e_Vm8gvAs.mQM7XdncCjMWiwoYr8ekpsIhudY0-1736447030428-0.0.1.1-604800000; path=/; domain=.pexels.com; HttpOnly; Secure; SameSite=None', 'Vary': 'Accept-Encoding', 'Server': 'cloudflare', 'Content-Encoding': 'gzip', 'alt-svc': 'h3=":443"; ma=86400'}
2025-01-09 13:24:28,011 - INFO - JSON Response: {
  "page": 1,
  "per_page": 10,
  "photos": [
    {
      "id": 7526023,
      "width": 6240,
      "height": 4160,
      "url": "https://www.pexels.com/photo/yellow-flowers-in-brown-clay-pot-7526023/",
      "photographer": "Nataliya Vaitkevich",
      "photographer_url": "https://www.pexels.com/@n-voitkevich",
      "photographer_id": 2906295,
      "avg_color": "#B99C4C",
      "src": {
        "original": "https://images.pexels.com/photos/7526023/pexels-photo-7526023.jpeg",
        "large2x...
2025-01-09 13:24:28,011 - INFO - Found 10 photos
2025-01-09 13:24:28,013 - INFO - 
Total results: 20 (Pixabay: 10, Pexels: 10)
2025-01-09 13:24:28,014 - INFO - 127.0.0.1 - - [09/Jan/2025 13:24:28] "GET /search?query=medical%20spa%20pictures&t=1736447066774 HTTP/1.1" 200 -
2025-01-09 13:24:38,401 - INFO - 
Received search request - Query: medical spa pictures, Category: hero
2025-01-09 13:24:38,402 - INFO - 
Searching Pixabay for: medical spa pictures
2025-01-09 13:24:38,403 - DEBUG - Starting new HTTPS connection (1): pixabay.com:443
2025-01-09 13:24:38,920 - DEBUG - https://pixabay.com:443 "GET /api?key=48133257-76310a353e67a7ce6140a42f4&q=medical+spa+pictures&per_page=10&image_type=photo&orientation=horizontal&safesearch=True HTTP/11" 301 None
2025-01-09 13:24:38,921 - DEBUG - Starting new HTTP connection (1): pixabay.com:80
2025-01-09 13:24:38,995 - DEBUG - http://pixabay.com:80 "GET /api/?key=48133257-76310a353e67a7ce6140a42f4&q=medical+spa+pictures&per_page=10&image_type=photo&orientation=horizontal&safesearch=True HTTP/11" 301 167
2025-01-09 13:24:39,108 - DEBUG - https://pixabay.com:443 "GET /api/?key=48133257-76310a353e67a7ce6140a42f4&q=medical+spa+pictures&per_page=10&image_type=photo&orientation=horizontal&safesearch=True HTTP/11" 200 None
2025-01-09 13:24:39,109 - INFO - Pixabay response status: 200
2025-01-09 13:24:39,109 - INFO - Found 10 images from Pixabay
2025-01-09 13:24:39,111 - INFO - 
Trying Pexels search with query: medical spa pictures
2025-01-09 13:24:39,111 - INFO - Making request to Pexels API...
2025-01-09 13:24:39,112 - DEBUG - Starting new HTTPS connection (1): api.pexels.com:443
2025-01-09 13:24:39,652 - DEBUG - https://api.pexels.com:443 "GET /v1/search?query=medical+spa+pictures&per_page=10&orientation=landscape HTTP/11" 200 None
2025-01-09 13:24:39,654 - INFO - Response Status: 200
2025-01-09 13:24:39,654 - INFO - Response Headers: {'Date': 'Thu, 09 Jan 2025 18:24:02 GMT', 'Content-Type': 'application/json; charset=utf-8', 'Transfer-Encoding': 'chunked', 'Connection': 'keep-alive', 'CF-Ray': '8ff6763c7837c964-IAD', 'CF-Cache-Status': 'HIT', 'Access-Control-Allow-Origin': '*', 'Age': '47', 'Cache-Control': 'max-age=86400', 'ETag': 'W/"1dfee9edf413abcc4285faa5b315e4bd"', 'Expires': 'Fri, 10 Jan 2025 18:24:02 GMT', 'Access-Control-Allow-Headers': 'Accept, Content-Type, Content-Length, Accept-Encoding, Authorization, User-Agent', 'x-frame-options': 'SAMEORIGIN', 'X-Ratelimit-Limit': '25000', 'X-Ratelimit-Remaining': '24979', 'X-Ratelimit-Reset': '1739038210', 'x-request-id': 'e97bcbb4-1bce-4117-a989-aeba4c8d57d4', 'x-runtime': '0.184911', 'Set-Cookie': '__cf_bm=ubI9RguIvvpYdxWDJDhuwznb9cVX7FLzfbjyHRVOq1U-1736447042-1.0.1.1-8CHtUr.FsObPwuf0jTxSPDYUoPVXi5go7CQeLGE47Ppv5TShh24r5304L.4V6Ndx8kf9MnjDSiLh.GNRBM.ZzA; path=/; expires=Thu, 09-Jan-25 18:54:02 GMT; domain=.pexels.com; HttpOnly; Secure; SameSite=None, _cfuvid=Tupko7Imjlix7sN04c.8u5WTRChc0pbcVmyoWXlhd78-1736447042072-0.0.1.1-604800000; path=/; domain=.pexels.com; HttpOnly; Secure; SameSite=None', 'Vary': 'Accept-Encoding', 'Server': 'cloudflare', 'Content-Encoding': 'gzip', 'alt-svc': 'h3=":443"; ma=86400'}
2025-01-09 13:24:39,654 - INFO - JSON Response: {
  "page": 1,
  "per_page": 10,
  "photos": [
    {
      "id": 7526023,
      "width": 6240,
      "height": 4160,
      "url": "https://www.pexels.com/photo/yellow-flowers-in-brown-clay-pot-7526023/",
      "photographer": "Nataliya Vaitkevich",
      "photographer_url": "https://www.pexels.com/@n-voitkevich",
      "photographer_id": 2906295,
      "avg_color": "#B99C4C",
      "src": {
        "original": "https://images.pexels.com/photos/7526023/pexels-photo-7526023.jpeg",
        "large2x...
2025-01-09 13:24:39,656 - INFO - Found 10 photos
2025-01-09 13:24:39,658 - INFO - 
Total results: 20 (Pixabay: 10, Pexels: 10)
2025-01-09 13:24:39,659 - INFO - 127.0.0.1 - - [09/Jan/2025 13:24:39] "GET /search?query=medical%20spa%20pictures&t=1736447078094 HTTP/1.1" 200 -
2025-01-09 13:24:51,576 - INFO - 
Received search request - Query: iv therapy, Category: hero
2025-01-09 13:24:51,576 - INFO - 
Searching Pixabay for: iv therapy
2025-01-09 13:24:51,578 - DEBUG - Starting new HTTPS connection (1): pixabay.com:443
2025-01-09 13:24:52,079 - DEBUG - https://pixabay.com:443 "GET /api?key=48133257-76310a353e67a7ce6140a42f4&q=iv+therapy&per_page=10&image_type=photo&orientation=horizontal&safesearch=True HTTP/11" 301 None
2025-01-09 13:24:52,081 - DEBUG - Starting new HTTP connection (1): pixabay.com:80
2025-01-09 13:24:52,153 - DEBUG - http://pixabay.com:80 "GET /api/?key=48133257-76310a353e67a7ce6140a42f4&q=iv+therapy&per_page=10&image_type=photo&orientation=horizontal&safesearch=True HTTP/11" 301 167
2025-01-09 13:24:52,476 - DEBUG - https://pixabay.com:443 "GET /api/?key=48133257-76310a353e67a7ce6140a42f4&q=iv+therapy&per_page=10&image_type=photo&orientation=horizontal&safesearch=True HTTP/11" 200 None
2025-01-09 13:24:52,479 - INFO - Pixabay response status: 200
2025-01-09 13:24:52,480 - INFO - Found 10 images from Pixabay
2025-01-09 13:24:52,481 - INFO - 
Trying Pexels search with query: iv therapy
2025-01-09 13:24:52,482 - INFO - Making request to Pexels API...
2025-01-09 13:24:52,483 - DEBUG - Starting new HTTPS connection (1): api.pexels.com:443
2025-01-09 13:24:53,249 - DEBUG - https://api.pexels.com:443 "GET /v1/search?query=iv+therapy&per_page=10&orientation=landscape HTTP/11" 200 None
2025-01-09 13:24:53,249 - INFO - Response Status: 200
2025-01-09 13:24:53,250 - INFO - Response Headers: {'Date': 'Thu, 09 Jan 2025 18:24:15 GMT', 'Content-Type': 'application/json; charset=utf-8', 'Transfer-Encoding': 'chunked', 'Connection': 'keep-alive', 'CF-Ray': '8ff67690ba01c95e-IAD', 'CF-Cache-Status': 'MISS', 'Access-Control-Allow-Origin': '*', 'Cache-Control': 'max-age=86400', 'ETag': 'W/"aafa68b7960b6cb75b233a0f673a94fe"', 'Expires': 'Fri, 10 Jan 2025 18:24:15 GMT', 'Access-Control-Allow-Headers': 'Accept, Content-Type, Content-Length, Accept-Encoding, Authorization, User-Agent', 'x-frame-options': 'SAMEORIGIN', 'X-Ratelimit-Limit': '25000', 'X-Ratelimit-Remaining': '24978', 'X-Ratelimit-Reset': '1739038210', 'x-request-id': '512839a1-d20c-4626-abfa-b764ab9a4941', 'x-runtime': '0.097999', 'Set-Cookie': '__cf_bm=74A3n_YZiuOlinQ5OKdQ0B4NBMhYALDaKfWu2OYiDcg-1736447055-1.0.1.1-jrpIDIBTl50pi3AvkHanJ_C5KmCZPXMHwTBxard.kUjJDB70R9zjwWmqs56XEc51bcPJi4xnFVhV9EINym_J3g; path=/; expires=Thu, 09-Jan-25 18:54:15 GMT; domain=.pexels.com; HttpOnly; Secure; SameSite=None, _cfuvid=JrkP1AfsC9MxqwUzJ25RtE0vH1t7wkI2VuqV6UenmuY-1736447055664-0.0.1.1-604800000; path=/; domain=.pexels.com; HttpOnly; Secure; SameSite=None', 'Vary': 'Accept-Encoding', 'Server': 'cloudflare', 'Content-Encoding': 'gzip', 'alt-svc': 'h3=":443"; ma=86400'}
2025-01-09 13:24:53,250 - INFO - JSON Response: {
  "page": 1,
  "per_page": 10,
  "photos": [
    {
      "id": 6129233,
      "width": 5617,
      "height": 3745,
      "url": "https://www.pexels.com/photo/dextrose-bags-in-close-up-photography-6129233/",
      "photographer": "RDNE Stock project",
      "photographer_url": "https://www.pexels.com/@rdne",
      "photographer_id": 3149039,
      "avg_color": "#96A5B1",
      "src": {
        "original": "https://images.pexels.com/photos/6129233/pexels-photo-6129233.jpeg",
        "large2x": "...
2025-01-09 13:24:53,251 - INFO - Found 10 photos
2025-01-09 13:24:53,253 - INFO - 
Total results: 20 (Pixabay: 10, Pexels: 10)
2025-01-09 13:24:53,254 - INFO - 127.0.0.1 - - [09/Jan/2025 13:24:53] "GET /search?query=iv%20therapy&t=1736447091574 HTTP/1.1" 200 -
2025-01-09 13:25:21,237 - INFO - 
Received search request - Query: botox, Category: hero
2025-01-09 13:25:21,238 - INFO - 
Searching Pixabay for: botox
2025-01-09 13:25:21,238 - DEBUG - Starting new HTTPS connection (1): pixabay.com:443
2025-01-09 13:25:21,748 - DEBUG - https://pixabay.com:443 "GET /api?key=48133257-76310a353e67a7ce6140a42f4&q=botox&per_page=10&image_type=photo&orientation=horizontal&safesearch=True HTTP/11" 301 None
2025-01-09 13:25:21,750 - DEBUG - Starting new HTTP connection (1): pixabay.com:80
2025-01-09 13:25:21,820 - DEBUG - http://pixabay.com:80 "GET /api/?key=48133257-76310a353e67a7ce6140a42f4&q=botox&per_page=10&image_type=photo&orientation=horizontal&safesearch=True HTTP/11" 301 167
2025-01-09 13:25:22,064 - DEBUG - https://pixabay.com:443 "GET /api/?key=48133257-76310a353e67a7ce6140a42f4&q=botox&per_page=10&image_type=photo&orientation=horizontal&safesearch=True HTTP/11" 200 None
2025-01-09 13:25:22,065 - INFO - Pixabay response status: 200
2025-01-09 13:25:22,065 - INFO - Found 3 images from Pixabay
2025-01-09 13:25:22,067 - INFO - 
Trying Pexels search with query: botox
2025-01-09 13:25:22,068 - INFO - Making request to Pexels API...
2025-01-09 13:25:22,069 - DEBUG - Starting new HTTPS connection (1): api.pexels.com:443
2025-01-09 13:25:22,765 - DEBUG - https://api.pexels.com:443 "GET /v1/search?query=botox&per_page=10&orientation=landscape HTTP/11" 200 None
2025-01-09 13:25:22,768 - INFO - Response Status: 200
2025-01-09 13:25:22,769 - INFO - Response Headers: {'Date': 'Thu, 09 Jan 2025 18:24:45 GMT', 'Content-Type': 'application/json; charset=utf-8', 'Transfer-Encoding': 'chunked', 'Connection': 'keep-alive', 'CF-Ray': '8ff677490c2ad6a5-IAD', 'CF-Cache-Status': 'MISS', 'Access-Control-Allow-Origin': '*', 'Cache-Control': 'max-age=86400', 'ETag': 'W/"4638b588c1f4934b618ec84529803d10"', 'Expires': 'Fri, 10 Jan 2025 18:24:45 GMT', 'Access-Control-Allow-Headers': 'Accept, Content-Type, Content-Length, Accept-Encoding, Authorization, User-Agent', 'x-frame-options': 'SAMEORIGIN', 'X-Ratelimit-Limit': '25000', 'X-Ratelimit-Remaining': '24977', 'X-Ratelimit-Reset': '1739038210', 'x-request-id': '1aa55990-b881-486a-8de1-573a8ff8a35c', 'x-runtime': '0.097854', 'Set-Cookie': '__cf_bm=CwMuIw7d1NR5jvlUq0YpBmcjYTWxX00omkTwsrM9VQo-1736447085-1.0.1.1-h_ziXZzKVUTAUgS_lJBPJtBHVrXyHgEIbeElDaTBviG7OaIijuIj9AqsvBhTmWcYAQPg5QZfLqL_659ywlgqLQ; path=/; expires=Thu, 09-Jan-25 18:54:45 GMT; domain=.pexels.com; HttpOnly; Secure; SameSite=None, _cfuvid=DHGFG0PgS_chpPEJJtyEfhQHXNDK.VCVvj7BodMPcwQ-1736447085184-0.0.1.1-604800000; path=/; domain=.pexels.com; HttpOnly; Secure; SameSite=None', 'Vary': 'Accept-Encoding', 'Server': 'cloudflare', 'Content-Encoding': 'gzip', 'alt-svc': 'h3=":443"; ma=86400'}
2025-01-09 13:25:22,769 - INFO - JSON Response: {
  "page": 1,
  "per_page": 10,
  "photos": [
    {
      "id": 3985311,
      "width": 6000,
      "height": 4000,
      "url": "https://www.pexels.com/photo/woman-getting-a-face-botox-3985311/",
      "photographer": "Gustavo Fring",
      "photographer_url": "https://www.pexels.com/@gustavo-fring",
      "photographer_id": 2206740,
      "avg_color": "#A49486",
      "src": {
        "original": "https://images.pexels.com/photos/3985311/pexels-photo-3985311.jpeg",
        "large2x": "https:/...
2025-01-09 13:25:22,770 - INFO - Found 10 photos
2025-01-09 13:25:22,771 - INFO - 
Total results: 13 (Pixabay: 3, Pexels: 10)
2025-01-09 13:25:22,772 - INFO - 127.0.0.1 - - [09/Jan/2025 13:25:22] "GET /search?query=botox&t=1736447120925 HTTP/1.1" 200 -
2025-01-09 13:25:37,648 - INFO - 
Received search request - Query: botox, Category: hero
2025-01-09 13:25:37,649 - INFO - 
Searching Pixabay for: botox
2025-01-09 13:25:37,650 - DEBUG - Starting new HTTPS connection (1): pixabay.com:443
2025-01-09 13:25:38,194 - DEBUG - https://pixabay.com:443 "GET /api?key=48133257-76310a353e67a7ce6140a42f4&q=botox&per_page=10&image_type=photo&orientation=horizontal&safesearch=True HTTP/11" 301 None
2025-01-09 13:25:38,196 - DEBUG - Starting new HTTP connection (1): pixabay.com:80
2025-01-09 13:25:38,268 - DEBUG - http://pixabay.com:80 "GET /api/?key=48133257-76310a353e67a7ce6140a42f4&q=botox&per_page=10&image_type=photo&orientation=horizontal&safesearch=True HTTP/11" 301 167
2025-01-09 13:25:38,532 - DEBUG - https://pixabay.com:443 "GET /api/?key=48133257-76310a353e67a7ce6140a42f4&q=botox&per_page=10&image_type=photo&orientation=horizontal&safesearch=True HTTP/11" 200 None
2025-01-09 13:25:38,533 - INFO - Pixabay response status: 200
2025-01-09 13:25:38,533 - INFO - Found 3 images from Pixabay
2025-01-09 13:25:38,534 - INFO - 
Trying Pexels search with query: botox
2025-01-09 13:25:38,535 - INFO - Making request to Pexels API...
2025-01-09 13:25:38,537 - DEBUG - Starting new HTTPS connection (1): api.pexels.com:443
2025-01-09 13:25:39,120 - DEBUG - https://api.pexels.com:443 "GET /v1/search?query=botox&per_page=10&orientation=landscape HTTP/11" 200 None
2025-01-09 13:25:39,122 - INFO - Response Status: 200
2025-01-09 13:25:39,122 - INFO - Response Headers: {'Date': 'Thu, 09 Jan 2025 18:25:01 GMT', 'Content-Type': 'application/json; charset=utf-8', 'Transfer-Encoding': 'chunked', 'Connection': 'keep-alive', 'CF-Ray': '8ff677b02ed772ef-IAD', 'CF-Cache-Status': 'HIT', 'Access-Control-Allow-Origin': '*', 'Age': '16', 'Cache-Control': 'max-age=86400', 'ETag': 'W/"4638b588c1f4934b618ec84529803d10"', 'Expires': 'Fri, 10 Jan 2025 18:25:01 GMT', 'Access-Control-Allow-Headers': 'Accept, Content-Type, Content-Length, Accept-Encoding, Authorization, User-Agent', 'x-frame-options': 'SAMEORIGIN', 'X-Ratelimit-Limit': '25000', 'X-Ratelimit-Remaining': '24976', 'X-Ratelimit-Reset': '1739038210', 'x-request-id': '1aa55990-b881-486a-8de1-573a8ff8a35c', 'x-runtime': '0.097854', 'Set-Cookie': '__cf_bm=ViW_AknNhsyD4av_4k3OiJojZfW4BeO1JrlvJnkwXDU-1736447101-1.0.1.1-dzUHFvV0oZvP_8QHEEt3WdapBhXb94c3njm3obMuEEa8mV.DU4sH4AjiI.KyR07UlS3LOrEUOiYHByyj.16MtQ; path=/; expires=Thu, 09-Jan-25 18:55:01 GMT; domain=.pexels.com; HttpOnly; Secure; SameSite=None, _cfuvid=.LZulCHiQV2S_vbeeMSrAxPF0J.GDWVvrjIUY3U1BBk-1736447101541-0.0.1.1-604800000; path=/; domain=.pexels.com; HttpOnly; Secure; SameSite=None', 'Vary': 'Accept-Encoding', 'Server': 'cloudflare', 'Content-Encoding': 'gzip', 'alt-svc': 'h3=":443"; ma=86400'}
2025-01-09 13:25:39,123 - INFO - JSON Response: {
  "page": 1,
  "per_page": 10,
  "photos": [
    {
      "id": 3985311,
      "width": 6000,
      "height": 4000,
      "url": "https://www.pexels.com/photo/woman-getting-a-face-botox-3985311/",
      "photographer": "Gustavo Fring",
      "photographer_url": "https://www.pexels.com/@gustavo-fring",
      "photographer_id": 2206740,
      "avg_color": "#A49486",
      "src": {
        "original": "https://images.pexels.com/photos/3985311/pexels-photo-3985311.jpeg",
        "large2x": "https:/...
2025-01-09 13:25:39,123 - INFO - Found 10 photos
2025-01-09 13:25:39,124 - INFO - 
Total results: 13 (Pixabay: 3, Pexels: 10)
2025-01-09 13:25:39,125 - INFO - 127.0.0.1 - - [09/Jan/2025 13:25:39] "GET /search?query=botox&t=1736447137646 HTTP/1.1" 200 -
2025-01-09 13:25:42,946 - INFO - 
Received search request - Query: botox, Category: hero
2025-01-09 13:25:42,947 - INFO - 
Searching Pixabay for: botox
2025-01-09 13:25:42,949 - DEBUG - Starting new HTTPS connection (1): pixabay.com:443
2025-01-09 13:25:43,476 - DEBUG - https://pixabay.com:443 "GET /api?key=48133257-76310a353e67a7ce6140a42f4&q=botox&per_page=10&image_type=photo&orientation=horizontal&safesearch=True HTTP/11" 301 None
2025-01-09 13:25:43,478 - DEBUG - Starting new HTTP connection (1): pixabay.com:80
2025-01-09 13:25:43,556 - DEBUG - http://pixabay.com:80 "GET /api/?key=48133257-76310a353e67a7ce6140a42f4&q=botox&per_page=10&image_type=photo&orientation=horizontal&safesearch=True HTTP/11" 301 167
2025-01-09 13:25:44,006 - DEBUG - https://pixabay.com:443 "GET /api/?key=48133257-76310a353e67a7ce6140a42f4&q=botox&per_page=10&image_type=photo&orientation=horizontal&safesearch=True HTTP/11" 200 None
2025-01-09 13:25:44,009 - INFO - Pixabay response status: 200
2025-01-09 13:25:44,009 - INFO - Found 3 images from Pixabay
2025-01-09 13:25:44,010 - INFO - 
Trying Pexels search with query: botox
2025-01-09 13:25:44,011 - INFO - Making request to Pexels API...
2025-01-09 13:25:44,012 - DEBUG - Starting new HTTPS connection (1): api.pexels.com:443
2025-01-09 13:25:44,579 - DEBUG - https://api.pexels.com:443 "GET /v1/search?query=botox&per_page=10&orientation=landscape HTTP/11" 200 None
2025-01-09 13:25:44,580 - INFO - Response Status: 200
2025-01-09 13:25:44,580 - INFO - Response Headers: {'Date': 'Thu, 09 Jan 2025 18:25:06 GMT', 'Content-Type': 'application/json; charset=utf-8', 'Transfer-Encoding': 'chunked', 'Connection': 'keep-alive', 'CF-Ray': '8ff677d1ff011fdc-IAD', 'CF-Cache-Status': 'HIT', 'Access-Control-Allow-Origin': '*', 'Age': '21', 'Cache-Control': 'max-age=86400', 'ETag': 'W/"4638b588c1f4934b618ec84529803d10"', 'Expires': 'Fri, 10 Jan 2025 18:25:06 GMT', 'Access-Control-Allow-Headers': 'Accept, Content-Type, Content-Length, Accept-Encoding, Authorization, User-Agent', 'x-frame-options': 'SAMEORIGIN', 'X-Ratelimit-Limit': '25000', 'X-Ratelimit-Remaining': '24975', 'X-Ratelimit-Reset': '1739038210', 'x-request-id': '1aa55990-b881-486a-8de1-573a8ff8a35c', 'x-runtime': '0.097854', 'Set-Cookie': '__cf_bm=o6mz2SFQcoPhxXwdU9RJItUUtPCXdTZ4UiQgVXjDFsY-1736447106-1.0.1.1-nmgVCBUIvIajZT6NckC_m6_J8_HomX7vCbDp.kkdtTuYhn1fzL_YbpOXJqq1aOtzfTmpfam2eplriocP6XOfog; path=/; expires=Thu, 09-Jan-25 18:55:06 GMT; domain=.pexels.com; HttpOnly; Secure; SameSite=None, _cfuvid=V91poaPqnMYlNBVAODy69UVe4fzNjvIuTnHD8zI1J50-1736447106998-0.0.1.1-604800000; path=/; domain=.pexels.com; HttpOnly; Secure; SameSite=None', 'Vary': 'Accept-Encoding', 'Server': 'cloudflare', 'Content-Encoding': 'gzip', 'alt-svc': 'h3=":443"; ma=86400'}
2025-01-09 13:25:44,581 - INFO - JSON Response: {
  "page": 1,
  "per_page": 10,
  "photos": [
    {
      "id": 3985311,
      "width": 6000,
      "height": 4000,
      "url": "https://www.pexels.com/photo/woman-getting-a-face-botox-3985311/",
      "photographer": "Gustavo Fring",
      "photographer_url": "https://www.pexels.com/@gustavo-fring",
      "photographer_id": 2206740,
      "avg_color": "#A49486",
      "src": {
        "original": "https://images.pexels.com/photos/3985311/pexels-photo-3985311.jpeg",
        "large2x": "https:/...
2025-01-09 13:25:44,581 - INFO - Found 10 photos
2025-01-09 13:25:44,583 - INFO - 
Total results: 13 (Pixabay: 3, Pexels: 10)
2025-01-09 13:25:44,584 - INFO - 127.0.0.1 - - [09/Jan/2025 13:25:44] "GET /search?query=botox&t=1736447142629 HTTP/1.1" 200 -
2025-01-09 13:25:48,799 - INFO - 
Downloading 3 images to c:\Users\Big Daddy Pyatt\CascadeProjects\subscriptions\nextjs-subscription-payments\SpotCircuit\medical_spa_offers\aeo_offer\assets\images
2025-01-09 13:25:48,800 - INFO - Downloading image 1 (consultation) to: c:\Users\Big Daddy Pyatt\CascadeProjects\subscriptions\nextjs-subscription-payments\SpotCircuit\medical_spa_offers\aeo_offer\assets\images\consultation1.webp
2025-01-09 13:25:48,801 - DEBUG - Starting new HTTPS connection (1): images.pexels.com:443
2025-01-09 13:25:49,339 - DEBUG - https://images.pexels.com:443 "GET /photos/7581075/pexels-photo-7581075.jpeg HTTP/11" 200 912317
2025-01-09 13:25:49,668 - DEBUG - Importing BlpImagePlugin
2025-01-09 13:25:49,669 - DEBUG - Importing BmpImagePlugin
2025-01-09 13:25:49,669 - DEBUG - Importing BufrStubImagePlugin
2025-01-09 13:25:49,670 - DEBUG - Importing CurImagePlugin
2025-01-09 13:25:49,670 - DEBUG - Importing DcxImagePlugin
2025-01-09 13:25:49,671 - DEBUG - Importing DdsImagePlugin
2025-01-09 13:25:49,671 - DEBUG - Importing EpsImagePlugin
2025-01-09 13:25:49,672 - DEBUG - Importing FitsImagePlugin
2025-01-09 13:25:49,673 - DEBUG - Importing FliImagePlugin
2025-01-09 13:25:49,674 - DEBUG - Importing FpxImagePlugin
2025-01-09 13:25:49,675 - DEBUG - Image: failed to import FpxImagePlugin: No module named 'olefile'
2025-01-09 13:25:49,675 - DEBUG - Importing FtexImagePlugin
2025-01-09 13:25:49,676 - DEBUG - Importing GbrImagePlugin
2025-01-09 13:25:49,677 - DEBUG - Importing GifImagePlugin
2025-01-09 13:25:49,677 - DEBUG - Importing GribStubImagePlugin
2025-01-09 13:25:49,677 - DEBUG - Importing Hdf5StubImagePlugin
2025-01-09 13:25:49,678 - DEBUG - Importing IcnsImagePlugin
2025-01-09 13:25:49,680 - DEBUG - Importing IcoImagePlugin
2025-01-09 13:25:49,681 - DEBUG - Importing ImImagePlugin
2025-01-09 13:25:49,682 - DEBUG - Importing ImtImagePlugin
2025-01-09 13:25:49,683 - DEBUG - Importing IptcImagePlugin
2025-01-09 13:25:49,683 - DEBUG - Importing JpegImagePlugin
2025-01-09 13:25:49,683 - DEBUG - Importing Jpeg2KImagePlugin
2025-01-09 13:25:49,683 - DEBUG - Importing McIdasImagePlugin
2025-01-09 13:25:49,684 - DEBUG - Importing MicImagePlugin
2025-01-09 13:25:49,685 - DEBUG - Image: failed to import MicImagePlugin: No module named 'olefile'
2025-01-09 13:25:49,685 - DEBUG - Importing MpegImagePlugin
2025-01-09 13:25:49,686 - DEBUG - Importing MpoImagePlugin
2025-01-09 13:25:49,692 - DEBUG - Importing MspImagePlugin
2025-01-09 13:25:49,692 - DEBUG - Importing PalmImagePlugin
2025-01-09 13:25:49,693 - DEBUG - Importing PcdImagePlugin
2025-01-09 13:25:49,694 - DEBUG - Importing PcxImagePlugin
2025-01-09 13:25:49,694 - DEBUG - Importing PdfImagePlugin
2025-01-09 13:25:49,700 - DEBUG - Importing PixarImagePlugin
2025-01-09 13:25:49,701 - DEBUG - Importing PngImagePlugin
2025-01-09 13:25:49,701 - DEBUG - Importing PpmImagePlugin
2025-01-09 13:25:49,701 - DEBUG - Importing PsdImagePlugin
2025-01-09 13:25:49,701 - DEBUG - Importing QoiImagePlugin
2025-01-09 13:25:49,702 - DEBUG - Importing SgiImagePlugin
2025-01-09 13:25:49,703 - DEBUG - Importing SpiderImagePlugin
2025-01-09 13:25:49,703 - DEBUG - Importing SunImagePlugin
2025-01-09 13:25:49,704 - DEBUG - Importing TgaImagePlugin
2025-01-09 13:25:49,704 - DEBUG - Importing TiffImagePlugin
2025-01-09 13:25:49,704 - DEBUG - Importing WebPImagePlugin
2025-01-09 13:25:49,707 - DEBUG - Importing WmfImagePlugin
2025-01-09 13:25:49,708 - DEBUG - Importing XbmImagePlugin
2025-01-09 13:25:49,709 - DEBUG - Importing XpmImagePlugin
2025-01-09 13:25:49,710 - DEBUG - Importing XVThumbImagePlugin
2025-01-09 13:25:49,771 - INFO - Successfully downloaded and converted: c:\Users\Big Daddy Pyatt\CascadeProjects\subscriptions\nextjs-subscription-payments\SpotCircuit\medical_spa_offers\aeo_offer\assets\images\consultation1.webp
2025-01-09 13:25:49,771 - INFO - Downloading image 2 (gallery) to: c:\Users\Big Daddy Pyatt\CascadeProjects\subscriptions\nextjs-subscription-payments\SpotCircuit\medical_spa_offers\aeo_offer\assets\images\gallery2.webp
2025-01-09 13:25:49,773 - DEBUG - Starting new HTTPS connection (1): images.pexels.com:443
2025-01-09 13:25:50,331 - DEBUG - https://images.pexels.com:443 "GET /photos/7581072/pexels-photo-7581072.jpeg HTTP/11" 200 1158983
2025-01-09 13:25:50,849 - INFO - Successfully downloaded and converted: c:\Users\Big Daddy Pyatt\CascadeProjects\subscriptions\nextjs-subscription-payments\SpotCircuit\medical_spa_offers\aeo_offer\assets\images\gallery2.webp
2025-01-09 13:25:50,850 - INFO - Downloading image 3 (treatment) to: c:\Users\Big Daddy Pyatt\CascadeProjects\subscriptions\nextjs-subscription-payments\SpotCircuit\medical_spa_offers\aeo_offer\assets\images\treatment3.webp
2025-01-09 13:25:50,851 - DEBUG - Starting new HTTPS connection (1): images.pexels.com:443
2025-01-09 13:25:51,361 - DEBUG - https://images.pexels.com:443 "GET /photos/4586708/pexels-photo-4586708.jpeg HTTP/11" 200 2377039
2025-01-09 13:25:52,086 - INFO - Successfully downloaded and converted: c:\Users\Big Daddy Pyatt\CascadeProjects\subscriptions\nextjs-subscription-payments\SpotCircuit\medical_spa_offers\aeo_offer\assets\images\treatment3.webp
2025-01-09 13:25:52,087 - INFO - 127.0.0.1 - - [09/Jan/2025 13:25:52] "POST /download HTTP/1.1" 200 -
2025-01-09 13:25:52,403 - INFO - 
Received search request - Query: botox, Category: hero
2025-01-09 13:25:52,404 - INFO - 
Searching Pixabay for: botox
2025-01-09 13:25:52,404 - DEBUG - Starting new HTTPS connection (1): pixabay.com:443
2025-01-09 13:25:52,890 - DEBUG - https://pixabay.com:443 "GET /api?key=48133257-76310a353e67a7ce6140a42f4&q=botox&per_page=10&image_type=photo&orientation=horizontal&safesearch=True HTTP/11" 301 None
2025-01-09 13:25:52,892 - DEBUG - Starting new HTTP connection (1): pixabay.com:80
2025-01-09 13:25:52,945 - DEBUG - http://pixabay.com:80 "GET /api/?key=48133257-76310a353e67a7ce6140a42f4&q=botox&per_page=10&image_type=photo&orientation=horizontal&safesearch=True HTTP/11" 301 167
2025-01-09 13:25:53,118 - DEBUG - https://pixabay.com:443 "GET /api/?key=48133257-76310a353e67a7ce6140a42f4&q=botox&per_page=10&image_type=photo&orientation=horizontal&safesearch=True HTTP/11" 200 None
2025-01-09 13:25:53,120 - INFO - Pixabay response status: 200
2025-01-09 13:25:53,121 - INFO - Found 3 images from Pixabay
2025-01-09 13:25:53,122 - INFO - 
Trying Pexels search with query: botox
2025-01-09 13:25:53,122 - INFO - Making request to Pexels API...
2025-01-09 13:25:53,124 - DEBUG - Starting new HTTPS connection (1): api.pexels.com:443
2025-01-09 13:25:53,643 - DEBUG - https://api.pexels.com:443 "GET /v1/search?query=botox&per_page=10&orientation=landscape HTTP/11" 200 None
2025-01-09 13:25:53,644 - INFO - Response Status: 200
2025-01-09 13:25:53,644 - INFO - Response Headers: {'Date': 'Thu, 09 Jan 2025 18:25:16 GMT', 'Content-Type': 'application/json; charset=utf-8', 'Transfer-Encoding': 'chunked', 'Connection': 'keep-alive', 'CF-Ray': '8ff6780b0bc3d6ff-IAD', 'CF-Cache-Status': 'HIT', 'Access-Control-Allow-Origin': '*', 'Age': '31', 'Cache-Control': 'max-age=86400', 'ETag': 'W/"4638b588c1f4934b618ec84529803d10"', 'Expires': 'Fri, 10 Jan 2025 18:25:16 GMT', 'Access-Control-Allow-Headers': 'Accept, Content-Type, Content-Length, Accept-Encoding, Authorization, User-Agent', 'x-frame-options': 'SAMEORIGIN', 'X-Ratelimit-Limit': '25000', 'X-Ratelimit-Remaining': '24974', 'X-Ratelimit-Reset': '1739038210', 'x-request-id': '1aa55990-b881-486a-8de1-573a8ff8a35c', 'x-runtime': '0.097854', 'Set-Cookie': '__cf_bm=oSUCG1hDDiZAFHM2peJLCaTGLrq5dOjZbZHXggsa264-1736447116-1.0.1.1-lDeduoX8jJWmUUMNiF1DBn5CULNwhbu_4SYpjRwt_TIvdNaOs5LBOkD6YAFADfvO3G.WtXX1jaaf2O55X9YKPg; path=/; expires=Thu, 09-Jan-25 18:55:16 GMT; domain=.pexels.com; HttpOnly; Secure; SameSite=None, _cfuvid=yH9ns269tNVDfyXs3bFLEBOEDhuWPEXsUtI9n_7prkI-1736447116065-0.0.1.1-604800000; path=/; domain=.pexels.com; HttpOnly; Secure; SameSite=None', 'Vary': 'Accept-Encoding', 'Server': 'cloudflare', 'Content-Encoding': 'gzip', 'alt-svc': 'h3=":443"; ma=86400'}
2025-01-09 13:25:53,645 - INFO - JSON Response: {
  "page": 1,
  "per_page": 10,
  "photos": [
    {
      "id": 3985311,
      "width": 6000,
      "height": 4000,
      "url": "https://www.pexels.com/photo/woman-getting-a-face-botox-3985311/",
      "photographer": "Gustavo Fring",
      "photographer_url": "https://www.pexels.com/@gustavo-fring",
      "photographer_id": 2206740,
      "avg_color": "#A49486",
      "src": {
        "original": "https://images.pexels.com/photos/3985311/pexels-photo-3985311.jpeg",
        "large2x": "https:/...
2025-01-09 13:25:53,646 - INFO - Found 10 photos
2025-01-09 13:25:53,647 - INFO - 
Total results: 13 (Pixabay: 3, Pexels: 10)
2025-01-09 13:25:53,647 - INFO - 127.0.0.1 - - [09/Jan/2025 13:25:53] "GET /search?query=botox&t=1736447152088 HTTP/1.1" 200 -
2025-01-09 13:27:37,431 - INFO -  * Detected change in 'c:\\Users\\Big Daddy Pyatt\\CascadeProjects\\subscriptions\\nextjs-subscription-payments\\SpotCircuit\\medical_spa_offers\\aeo_offer\\utils\\image_finder_web.py', reloading
2025-01-09 13:27:37,486 - INFO -  * Restarting with stat
2025-01-09 13:27:37,646 - INFO -  * Detected change in 'c:\\Users\\Big Daddy Pyatt\\CascadeProjects\\subscriptions\\nextjs-subscription-payments\\spotcircuit\\medical_spa_offers\\aeo_offer\\utils\\image_finder_web.py', reloading
2025-01-09 13:27:37,706 - INFO -  * Restarting with stat
2025-01-09 13:27:37,956 - INFO - 
=== Starting Pexels Image Finder ===
2025-01-09 13:27:37,956 - INFO - Server running on http://localhost:3800
2025-01-09 13:27:37,975 - WARNING -  * Debugger is active!
2025-01-09 13:27:37,989 - INFO -  * Debugger PIN: 139-578-246
2025-01-09 13:27:38,023 - INFO -  * Detected change in 'c:\\Users\\Big Daddy Pyatt\\CascadeProjects\\subscriptions\\nextjs-subscription-payments\\spotcircuit\\medical_spa_offers\\aeo_offer\\utils\\image_finder_web.py', reloading
2025-01-09 13:27:38,087 - INFO -  * Restarting with stat
2025-01-09 13:27:38,098 - INFO -  * Detected change in 'c:\\Users\\Big Daddy Pyatt\\CascadeProjects\\subscriptions\\nextjs-subscription-payments\\spotcircuit\\medical_spa_offers\\aeo_offer\\utils\\image_finder_web.py', reloading
2025-01-09 13:27:38,166 - INFO -  * Restarting with stat
2025-01-09 13:27:38,206 - INFO - 
=== Starting Pexels Image Finder ===
2025-01-09 13:27:38,206 - INFO - Server running on http://localhost:3800
2025-01-09 13:27:38,224 - WARNING -  * Debugger is active!
2025-01-09 13:27:38,243 - INFO -  * Debugger PIN: 139-578-246
2025-01-09 13:27:38,604 - INFO - 
=== Starting Pexels Image Finder ===
2025-01-09 13:27:38,604 - INFO - Server running on http://localhost:3800
2025-01-09 13:27:38,622 - WARNING -  * Debugger is active!
2025-01-09 13:27:38,638 - INFO -  * Debugger PIN: 139-578-246
2025-01-09 13:27:38,680 - INFO - 
=== Starting Pexels Image Finder ===
2025-01-09 13:27:38,681 - INFO - Server running on http://localhost:3800
2025-01-09 13:27:38,698 - INFO -  * Detected change in 'c:\\Users\\Big Daddy Pyatt\\CascadeProjects\\subscriptions\\nextjs-subscription-payments\\spotcircuit\\medical_spa_offers\\aeo_offer\\utils\\image_finder_web.py', reloading
2025-01-09 13:27:38,699 - WARNING -  * Debugger is active!
2025-01-09 13:27:38,718 - INFO -  * Debugger PIN: 139-578-246
2025-01-09 13:27:38,768 - INFO -  * Restarting with stat
2025-01-09 13:27:39,066 - INFO -  * Detected change in 'c:\\Users\\Big Daddy Pyatt\\CascadeProjects\\subscriptions\\nextjs-subscription-payments\\spotcircuit\\medical_spa_offers\\aeo_offer\\utils\\image_finder_web.py', reloading
2025-01-09 13:27:39,122 - INFO -  * Restarting with stat
2025-01-09 13:27:39,306 - INFO - 
=== Starting Pexels Image Finder ===
2025-01-09 13:27:39,306 - INFO - Server running on http://localhost:3800
2025-01-09 13:27:39,324 - WARNING -  * Debugger is active!
2025-01-09 13:27:39,340 - INFO -  * Debugger PIN: 139-578-246
2025-01-09 13:27:39,615 - INFO - 
=== Starting Pexels Image Finder ===
2025-01-09 13:27:39,615 - INFO - Server running on http://localhost:3800
2025-01-09 13:27:39,632 - WARNING -  * Debugger is active!
2025-01-09 13:27:39,650 - INFO -  * Debugger PIN: 139-578-246
2025-01-09 13:28:47,393 - INFO -  * Detected change in 'c:\\Users\\Big Daddy Pyatt\\CascadeProjects\\subscriptions\\nextjs-subscription-payments\\spotcircuit\\medical_spa_offers\\aeo_offer\\utils\\image_finder_web.py', reloading
2025-01-09 13:28:47,438 - INFO -  * Restarting with stat
2025-01-09 13:28:47,629 - INFO -  * Detected change in 'c:\\Users\\Big Daddy Pyatt\\CascadeProjects\\subscriptions\\nextjs-subscription-payments\\spotcircuit\\medical_spa_offers\\aeo_offer\\utils\\image_finder_web.py', reloading
2025-01-09 13:28:47,682 - INFO -  * Restarting with stat
2025-01-09 13:28:47,917 - INFO - 
=== Starting Pexels Image Finder ===
2025-01-09 13:28:47,917 - INFO - Server running on http://localhost:3800
2025-01-09 13:28:47,935 - WARNING -  * Debugger is active!
2025-01-09 13:28:47,951 - INFO -  * Debugger PIN: 139-578-246
2025-01-09 13:28:48,023 - INFO -  * Detected change in 'c:\\Users\\Big Daddy Pyatt\\CascadeProjects\\subscriptions\\nextjs-subscription-payments\\SpotCircuit\\medical_spa_offers\\aeo_offer\\utils\\image_finder_web.py', reloading
2025-01-09 13:28:48,090 - INFO -  * Restarting with stat
2025-01-09 13:28:48,201 - INFO - 
=== Starting Pexels Image Finder ===
2025-01-09 13:28:48,202 - INFO - Server running on http://localhost:3800
2025-01-09 13:28:48,217 - WARNING -  * Debugger is active!
2025-01-09 13:28:48,234 - INFO -  * Debugger PIN: 139-578-246
2025-01-09 13:28:48,567 - INFO -  * Detected change in 'c:\\Users\\Big Daddy Pyatt\\CascadeProjects\\subscriptions\\nextjs-subscription-payments\\spotcircuit\\medical_spa_offers\\aeo_offer\\utils\\image_finder_web.py', reloading
2025-01-09 13:28:48,584 - INFO - 
=== Starting Pexels Image Finder ===
2025-01-09 13:28:48,585 - INFO - Server running on http://localhost:3800
2025-01-09 13:28:48,604 - WARNING -  * Debugger is active!
2025-01-09 13:28:48,619 - INFO -  * Debugger PIN: 139-578-246
2025-01-09 13:28:48,628 - INFO -  * Restarting with stat
2025-01-09 13:28:48,848 - INFO -  * Detected change in 'c:\\Users\\Big Daddy Pyatt\\CascadeProjects\\subscriptions\\nextjs-subscription-payments\\spotcircuit\\medical_spa_offers\\aeo_offer\\utils\\image_finder_web.py', reloading
2025-01-09 13:28:48,905 - INFO -  * Restarting with stat
2025-01-09 13:28:49,014 - INFO -  * Detected change in 'c:\\Users\\Big Daddy Pyatt\\CascadeProjects\\subscriptions\\nextjs-subscription-payments\\spotcircuit\\medical_spa_offers\\aeo_offer\\utils\\image_finder_web.py', reloading
2025-01-09 13:28:49,077 - INFO -  * Restarting with stat
2025-01-09 13:28:49,157 - INFO - 
=== Starting Pexels Image Finder ===
2025-01-09 13:28:49,157 - INFO - Server running on http://localhost:3800
2025-01-09 13:28:49,173 - WARNING -  * Debugger is active!
2025-01-09 13:28:49,189 - INFO -  * Debugger PIN: 139-578-246
2025-01-09 13:28:49,410 - INFO - 
=== Starting Pexels Image Finder ===
2025-01-09 13:28:49,410 - INFO - Server running on http://localhost:3800
2025-01-09 13:28:49,432 - WARNING -  * Debugger is active!
2025-01-09 13:28:49,451 - INFO -  * Debugger PIN: 139-578-246
2025-01-09 13:28:49,572 - INFO - 
=== Starting Pexels Image Finder ===
2025-01-09 13:28:49,572 - INFO - Server running on http://localhost:3800
2025-01-09 13:28:49,591 - WARNING -  * Debugger is active!
2025-01-09 13:28:49,623 - INFO -  * Debugger PIN: 139-578-246
2025-01-09 13:28:58,170 - INFO - 
=== Starting Pexels Image Finder ===
2025-01-09 13:28:58,170 - INFO - Server running on http://localhost:3800
2025-01-09 13:28:58,196 - INFO - [31m[1mWARNING: This is a development server. Do not use it in a production deployment. Use a production WSGI server instead.[0m
 * Running on http://127.0.0.1:3800
2025-01-09 13:28:58,196 - INFO - [33mPress CTRL+C to quit[0m
2025-01-09 13:28:58,201 - INFO -  * Restarting with stat
2025-01-09 13:28:58,637 - INFO - 
=== Starting Pexels Image Finder ===
2025-01-09 13:28:58,638 - INFO - Server running on http://localhost:3800
2025-01-09 13:28:58,653 - WARNING -  * Debugger is active!
2025-01-09 13:28:58,667 - INFO -  * Debugger PIN: 139-578-246
2025-01-09 13:29:15,255 - INFO - 127.0.0.1 - - [09/Jan/2025 13:29:15] "GET / HTTP/1.1" 200 -
2025-01-09 13:29:15,356 - INFO - 127.0.0.1 - - [09/Jan/2025 13:29:15] "GET /search?query=&t=1736447355352 HTTP/1.1" 200 -
2025-01-09 13:29:37,070 - INFO - 
=== Starting Pexels Image Finder ===
2025-01-09 13:29:37,070 - INFO - Server running on http://localhost:3800
2025-01-09 13:29:37,092 - INFO - [31m[1mWARNING: This is a development server. Do not use it in a production deployment. Use a production WSGI server instead.[0m
 * Running on http://127.0.0.1:3800
2025-01-09 13:29:37,092 - INFO - [33mPress CTRL+C to quit[0m
2025-01-09 13:29:37,098 - INFO -  * Restarting with stat
2025-01-09 13:29:37,562 - INFO - 
=== Starting Pexels Image Finder ===
2025-01-09 13:29:37,562 - INFO - Server running on http://localhost:3800
2025-01-09 13:29:37,577 - WARNING -  * Debugger is active!
2025-01-09 13:29:37,590 - INFO -  * Debugger PIN: 139-578-246
2025-01-09 13:29:42,946 - INFO - 127.0.0.1 - - [09/Jan/2025 13:29:42] "GET / HTTP/1.1" 200 -
2025-01-09 13:29:43,257 - INFO - 127.0.0.1 - - [09/Jan/2025 13:29:43] "GET /search?query=&t=1736447383021 HTTP/1.1" 200 -
2025-01-09 13:29:59,991 - INFO -  * Detected change in 'c:\\Users\\Big Daddy Pyatt\\CascadeProjects\\subscriptions\\nextjs-subscription-payments\\spotcircuit\\medical_spa_offers\\aeo_offer\\utils\\image_finder_web.py', reloading
2025-01-09 13:30:00,059 - INFO -  * Restarting with stat
2025-01-09 13:30:00,524 - INFO - 
=== Starting Pexels Image Finder ===
2025-01-09 13:30:00,524 - INFO - Server running on http://localhost:3800
2025-01-09 13:30:00,542 - WARNING -  * Debugger is active!
2025-01-09 13:30:00,558 - INFO -  * Debugger PIN: 139-578-246
2025-01-09 13:30:00,594 - INFO -  * Detected change in 'c:\\Users\\Big Daddy Pyatt\\CascadeProjects\\subscriptions\\nextjs-subscription-payments\\spotcircuit\\medical_spa_offers\\aeo_offer\\utils\\image_finder_web.py', reloading
2025-01-09 13:30:00,649 - INFO -  * Restarting with stat
2025-01-09 13:30:00,850 - INFO -  * Detected change in 'c:\\Users\\Big Daddy Pyatt\\CascadeProjects\\subscriptions\\nextjs-subscription-payments\\spotcircuit\\medical_spa_offers\\aeo_offer\\utils\\image_finder_web.py', reloading
2025-01-09 13:30:00,918 - INFO -  * Restarting with stat
2025-01-09 13:30:01,065 - INFO -  * Detected change in 'c:\\Users\\Big Daddy Pyatt\\CascadeProjects\\subscriptions\\nextjs-subscription-payments\\spotcircuit\\medical_spa_offers\\aeo_offer\\utils\\image_finder_web.py', reloading
2025-01-09 13:30:01,139 - INFO -  * Restarting with stat
2025-01-09 13:30:01,184 - INFO -  * Detected change in 'c:\\Users\\Big Daddy Pyatt\\CascadeProjects\\subscriptions\\nextjs-subscription-payments\\spotcircuit\\medical_spa_offers\\aeo_offer\\utils\\image_finder_web.py', reloading
2025-01-09 13:30:01,263 - INFO -  * Restarting with stat
2025-01-09 13:30:01,291 - INFO - 
=== Starting Pexels Image Finder ===
2025-01-09 13:30:01,291 - INFO - Server running on http://localhost:3800
2025-01-09 13:30:01,312 - WARNING -  * Debugger is active!
2025-01-09 13:30:01,334 - INFO -  * Debugger PIN: 139-578-246
2025-01-09 13:30:01,349 - INFO -  * Detected change in 'c:\\Users\\Big Daddy Pyatt\\CascadeProjects\\subscriptions\\nextjs-subscription-payments\\SpotCircuit\\medical_spa_offers\\aeo_offer\\utils\\image_finder_web.py', reloading
2025-01-09 13:30:01,429 - INFO -  * Restarting with stat
2025-01-09 13:30:01,482 - INFO -  * Detected change in 'c:\\Users\\Big Daddy Pyatt\\CascadeProjects\\subscriptions\\nextjs-subscription-payments\\spotcircuit\\medical_spa_offers\\aeo_offer\\utils\\image_finder_web.py', reloading
2025-01-09 13:30:01,558 - INFO -  * Restarting with stat
2025-01-09 13:30:01,565 - INFO - 
=== Starting Pexels Image Finder ===
2025-01-09 13:30:01,565 - INFO - Server running on http://localhost:3800
2025-01-09 13:30:01,585 - WARNING -  * Debugger is active!
2025-01-09 13:30:01,604 - INFO -  * Debugger PIN: 139-578-246
2025-01-09 13:30:01,735 - INFO - 
=== Starting Pexels Image Finder ===
2025-01-09 13:30:01,735 - INFO - Server running on http://localhost:3800
2025-01-09 13:30:01,754 - WARNING -  * Debugger is active!
2025-01-09 13:30:01,774 - INFO -  * Debugger PIN: 139-578-246
2025-01-09 13:30:01,856 - INFO - 
=== Starting Pexels Image Finder ===
2025-01-09 13:30:01,856 - INFO - Server running on http://localhost:3800
2025-01-09 13:30:01,876 - WARNING -  * Debugger is active!
2025-01-09 13:30:01,894 - INFO -  * Debugger PIN: 139-578-246
2025-01-09 13:30:02,014 - INFO -  * Detected change in 'c:\\Users\\Big Daddy Pyatt\\CascadeProjects\\subscriptions\\nextjs-subscription-payments\\spotcircuit\\medical_spa_offers\\aeo_offer\\utils\\image_finder_web.py', reloading
2025-01-09 13:30:02,035 - INFO - 
=== Starting Pexels Image Finder ===
2025-01-09 13:30:02,035 - INFO - Server running on http://localhost:3800
2025-01-09 13:30:02,058 - WARNING -  * Debugger is active!
2025-01-09 13:30:02,077 - INFO -  * Debugger PIN: 139-578-246
2025-01-09 13:30:02,088 - INFO -  * Restarting with stat
2025-01-09 13:30:02,163 - INFO - 
=== Starting Pexels Image Finder ===
2025-01-09 13:30:02,164 - INFO - Server running on http://localhost:3800
2025-01-09 13:30:02,182 - WARNING -  * Debugger is active!
2025-01-09 13:30:02,198 - INFO -  * Debugger PIN: 139-578-246
2025-01-09 13:30:02,649 - INFO - 
=== Starting Pexels Image Finder ===
2025-01-09 13:30:02,649 - INFO - Server running on http://localhost:3800
2025-01-09 13:30:02,668 - WARNING -  * Debugger is active!
2025-01-09 13:30:02,684 - INFO -  * Debugger PIN: 139-578-246
2025-01-09 13:30:14,802 - INFO -  * Detected change in 'c:\\Users\\Big Daddy Pyatt\\CascadeProjects\\subscriptions\\nextjs-subscription-payments\\SpotCircuit\\medical_spa_offers\\aeo_offer\\utils\\image_finder_web.py', reloading
2025-01-09 13:30:14,846 - INFO -  * Detected change in 'c:\\Users\\Big Daddy Pyatt\\CascadeProjects\\subscriptions\\nextjs-subscription-payments\\spotcircuit\\medical_spa_offers\\aeo_offer\\utils\\image_finder_web.py', reloading
2025-01-09 13:30:14,858 - INFO -  * Restarting with stat
2025-01-09 13:30:14,904 - INFO -  * Restarting with stat
2025-01-09 13:30:15,153 - INFO -  * Detected change in 'c:\\Users\\Big Daddy Pyatt\\CascadeProjects\\subscriptions\\nextjs-subscription-payments\\spotcircuit\\medical_spa_offers\\aeo_offer\\utils\\image_finder_web.py', reloading
2025-01-09 13:30:15,222 - INFO -  * Restarting with stat
2025-01-09 13:30:15,301 - INFO -  * Detected change in 'c:\\Users\\Big Daddy Pyatt\\CascadeProjects\\subscriptions\\nextjs-subscription-payments\\spotcircuit\\medical_spa_offers\\aeo_offer\\utils\\image_finder_web.py', reloading
2025-01-09 13:30:15,366 - INFO -  * Restarting with stat
2025-01-09 13:30:15,367 - INFO -  * Detected change in 'c:\\Users\\Big Daddy Pyatt\\CascadeProjects\\subscriptions\\nextjs-subscription-payments\\spotcircuit\\medical_spa_offers\\aeo_offer\\utils\\image_finder_web.py', reloading
2025-01-09 13:30:15,440 - INFO -  * Restarting with stat
2025-01-09 13:30:15,455 - INFO - 
=== Starting Pexels Image Finder ===
2025-01-09 13:30:15,455 - INFO - Server running on http://localhost:3800
2025-01-09 13:30:15,478 - WARNING -  * Debugger is active!
2025-01-09 13:30:15,490 - INFO - 
=== Starting Pexels Image Finder ===
2025-01-09 13:30:15,490 - INFO - Server running on http://localhost:3800
2025-01-09 13:30:15,495 - INFO -  * Debugger PIN: 139-578-246
2025-01-09 13:30:15,511 - WARNING -  * Debugger is active!
2025-01-09 13:30:15,529 - INFO -  * Debugger PIN: 139-578-246
2025-01-09 13:30:15,842 - INFO - 
=== Starting Pexels Image Finder ===
2025-01-09 13:30:15,842 - INFO - Server running on http://localhost:3800
2025-01-09 13:30:15,865 - WARNING -  * Debugger is active!
2025-01-09 13:30:15,884 - INFO -  * Debugger PIN: 139-578-246
2025-01-09 13:30:15,911 - INFO -  * Detected change in 'c:\\Users\\Big Daddy Pyatt\\CascadeProjects\\subscriptions\\nextjs-subscription-payments\\spotcircuit\\medical_spa_offers\\aeo_offer\\utils\\image_finder_web.py', reloading
2025-01-09 13:30:15,916 - INFO -  * Detected change in 'c:\\Users\\Big Daddy Pyatt\\CascadeProjects\\subscriptions\\nextjs-subscription-payments\\spotcircuit\\medical_spa_offers\\aeo_offer\\utils\\image_finder_web.py', reloading
2025-01-09 13:30:15,977 - INFO - 
=== Starting Pexels Image Finder ===
2025-01-09 13:30:15,979 - INFO - Server running on http://localhost:3800
2025-01-09 13:30:15,996 - INFO -  * Restarting with stat
2025-01-09 13:30:16,003 - INFO -  * Restarting with stat
2025-01-09 13:30:16,004 - WARNING -  * Debugger is active!
2025-01-09 13:30:16,021 - INFO -  * Debugger PIN: 139-578-246
2025-01-09 13:30:16,071 - INFO - 
=== Starting Pexels Image Finder ===
2025-01-09 13:30:16,071 - INFO - Server running on http://localhost:3800
2025-01-09 13:30:16,092 - WARNING -  * Debugger is active!
2025-01-09 13:30:16,109 - INFO -  * Debugger PIN: 139-578-246
2025-01-09 13:30:16,473 - INFO -  * Detected change in 'c:\\Users\\Big Daddy Pyatt\\CascadeProjects\\subscriptions\\nextjs-subscription-payments\\spotcircuit\\medical_spa_offers\\aeo_offer\\utils\\image_finder_web.py', reloading
2025-01-09 13:30:16,555 - INFO -  * Restarting with stat
2025-01-09 13:30:16,636 - INFO - 
=== Starting Pexels Image Finder ===
2025-01-09 13:30:16,636 - INFO - Server running on http://localhost:3800
2025-01-09 13:30:16,638 - INFO - 
=== Starting Pexels Image Finder ===
2025-01-09 13:30:16,638 - INFO - Server running on http://localhost:3800
2025-01-09 13:30:16,658 - WARNING -  * Debugger is active!
2025-01-09 13:30:16,658 - WARNING -  * Debugger is active!
2025-01-09 13:30:16,678 - INFO -  * Debugger PIN: 139-578-246
2025-01-09 13:30:16,678 - INFO -  * Debugger PIN: 139-578-246
2025-01-09 13:30:17,148 - INFO - 
=== Starting Pexels Image Finder ===
2025-01-09 13:30:17,148 - INFO - Server running on http://localhost:3800
2025-01-09 13:30:17,167 - WARNING -  * Debugger is active!
2025-01-09 13:30:17,185 - INFO -  * Debugger PIN: 139-578-246
2025-01-09 13:30:24,469 - INFO - 
=== Starting Pexels Image Finder ===
2025-01-09 13:30:24,469 - INFO - Server running on http://localhost:3800
2025-01-09 13:30:24,490 - INFO - [31m[1mWARNING: This is a development server. Do not use it in a production deployment. Use a production WSGI server instead.[0m
 * Running on http://127.0.0.1:3800
2025-01-09 13:30:24,490 - INFO - [33mPress CTRL+C to quit[0m
2025-01-09 13:30:24,497 - INFO -  * Restarting with stat
2025-01-09 13:30:25,056 - INFO - 
=== Starting Pexels Image Finder ===
2025-01-09 13:30:25,056 - INFO - Server running on http://localhost:3800
2025-01-09 13:30:25,077 - WARNING -  * Debugger is active!
2025-01-09 13:30:25,092 - INFO -  * Debugger PIN: 139-578-246
2025-01-09 13:30:37,222 - INFO - 127.0.0.1 - - [09/Jan/2025 13:30:37] "GET / HTTP/1.1" 200 -
2025-01-09 13:30:37,291 - INFO - 127.0.0.1 - - [09/Jan/2025 13:30:37] "GET /search?query=&t=1736447437289 HTTP/1.1" 200 -
2025-01-09 13:30:38,479 - INFO - 127.0.0.1 - - [09/Jan/2025 13:30:38] "GET / HTTP/1.1" 200 -
2025-01-09 13:30:38,782 - INFO - 127.0.0.1 - - [09/Jan/2025 13:30:38] "GET /search?query=&t=1736447438546 HTTP/1.1" 200 -
2025-01-09 13:30:42,220 - INFO - 
Searching Pixabay for: medical spa
2025-01-09 13:30:42,224 - DEBUG - Starting new HTTPS connection (1): pixabay.com:443
2025-01-09 13:30:42,888 - DEBUG - https://pixabay.com:443 "GET /api?key=48133257-76310a353e67a7ce6140a42f4&q=medical+spa&per_page=10&image_type=photo&orientation=horizontal&safesearch=True HTTP/11" 301 None
2025-01-09 13:30:42,891 - DEBUG - Starting new HTTP connection (1): pixabay.com:80
2025-01-09 13:30:42,962 - DEBUG - http://pixabay.com:80 "GET /api/?key=48133257-76310a353e67a7ce6140a42f4&q=medical+spa&per_page=10&image_type=photo&orientation=horizontal&safesearch=True HTTP/11" 301 167
2025-01-09 13:30:43,110 - DEBUG - https://pixabay.com:443 "GET /api/?key=48133257-76310a353e67a7ce6140a42f4&q=medical+spa&per_page=10&image_type=photo&orientation=horizontal&safesearch=True HTTP/11" 200 None
2025-01-09 13:30:43,113 - INFO - Pixabay results: 10
2025-01-09 13:30:43,114 - INFO - 
Trying Pexels search with query: medical spa
2025-01-09 13:30:43,115 - DEBUG - Starting new HTTPS connection (1): api.pexels.com:443
2025-01-09 13:30:43,789 - DEBUG - https://api.pexels.com:443 "GET /v1/search?query=medical+spa&per_page=10&orientation=landscape HTTP/11" 401 None
2025-01-09 13:30:43,790 - INFO - Pexels API error: 401 Client Error: Unauthorized for url: https://api.pexels.com/v1/search?query=medical+spa&per_page=10&orientation=landscape
2025-01-09 13:30:43,791 - INFO - Pexels results: 0
2025-01-09 13:30:43,791 - INFO - Total results: 10
2025-01-09 13:30:43,792 - INFO - 127.0.0.1 - - [09/Jan/2025 13:30:43] "GET /search?query=medical%20spa&t=1736447441917 HTTP/1.1" 200 -
2025-01-09 13:31:18,238 - INFO - 
Searching Pixabay for: medical spa
2025-01-09 13:31:18,239 - DEBUG - Starting new HTTPS connection (1): pixabay.com:443
2025-01-09 13:31:18,749 - DEBUG - https://pixabay.com:443 "GET /api?key=48133257-76310a353e67a7ce6140a42f4&q=medical+spa&per_page=10&image_type=photo&orientation=horizontal&safesearch=True HTTP/11" 301 None
2025-01-09 13:31:18,751 - DEBUG - Starting new HTTP connection (1): pixabay.com:80
2025-01-09 13:31:18,828 - DEBUG - http://pixabay.com:80 "GET /api/?key=48133257-76310a353e67a7ce6140a42f4&q=medical+spa&per_page=10&image_type=photo&orientation=horizontal&safesearch=True HTTP/11" 301 167
2025-01-09 13:31:19,003 - DEBUG - https://pixabay.com:443 "GET /api/?key=48133257-76310a353e67a7ce6140a42f4&q=medical+spa&per_page=10&image_type=photo&orientation=horizontal&safesearch=True HTTP/11" 200 None
2025-01-09 13:31:19,007 - INFO - Pixabay results: 10
2025-01-09 13:31:19,007 - INFO - 
Trying Pexels search with query: medical spa
2025-01-09 13:31:19,008 - DEBUG - Starting new HTTPS connection (1): api.pexels.com:443
2025-01-09 13:31:19,501 - DEBUG - https://api.pexels.com:443 "GET /v1/search?query=medical+spa&per_page=10&orientation=landscape HTTP/11" 401 None
2025-01-09 13:31:19,503 - INFO - Pexels API error: 401 Client Error: Unauthorized for url: https://api.pexels.com/v1/search?query=medical+spa&per_page=10&orientation=landscape
2025-01-09 13:31:19,504 - INFO - Pexels results: 0
2025-01-09 13:31:19,504 - INFO - Total results: 10
2025-01-09 13:31:19,504 - INFO - 127.0.0.1 - - [09/Jan/2025 13:31:19] "GET /search?query=medical%20spa&t=1736447478236 HTTP/1.1" 200 -
2025-01-09 13:31:23,718 - INFO - 
Searching Pixabay for: medical spa
2025-01-09 13:31:23,720 - DEBUG - Starting new HTTPS connection (1): pixabay.com:443
2025-01-09 13:31:24,322 - DEBUG - https://pixabay.com:443 "GET /api?key=48133257-76310a353e67a7ce6140a42f4&q=medical+spa&per_page=10&image_type=photo&orientation=horizontal&safesearch=True HTTP/11" 301 None
2025-01-09 13:31:24,325 - DEBUG - Starting new HTTP connection (1): pixabay.com:80
2025-01-09 13:31:24,396 - DEBUG - http://pixabay.com:80 "GET /api/?key=48133257-76310a353e67a7ce6140a42f4&q=medical+spa&per_page=10&image_type=photo&orientation=horizontal&safesearch=True HTTP/11" 301 167
2025-01-09 13:31:24,500 - DEBUG - https://pixabay.com:443 "GET /api/?key=48133257-76310a353e67a7ce6140a42f4&q=medical+spa&per_page=10&image_type=photo&orientation=horizontal&safesearch=True HTTP/11" 200 None
2025-01-09 13:31:24,504 - INFO - Pixabay results: 10
2025-01-09 13:31:24,504 - INFO - 
Trying Pexels search with query: medical spa
2025-01-09 13:31:24,507 - DEBUG - Starting new HTTPS connection (1): api.pexels.com:443
2025-01-09 13:31:25,071 - DEBUG - https://api.pexels.com:443 "GET /v1/search?query=medical+spa&per_page=10&orientation=landscape HTTP/11" 401 None
2025-01-09 13:31:25,072 - INFO - Pexels API error: 401 Client Error: Unauthorized for url: https://api.pexels.com/v1/search?query=medical+spa&per_page=10&orientation=landscape
2025-01-09 13:31:25,073 - INFO - Pexels results: 0
2025-01-09 13:31:25,073 - INFO - Total results: 10
2025-01-09 13:31:25,075 - INFO - 127.0.0.1 - - [09/Jan/2025 13:31:25] "GET /search?query=medical%20spa&t=1736447483413 HTTP/1.1" 200 -
2025-01-09 13:31:33,430 - INFO - 
Searching Pixabay for: medical spa
2025-01-09 13:31:33,431 - DEBUG - Starting new HTTPS connection (1): pixabay.com:443
2025-01-09 13:31:33,969 - DEBUG - https://pixabay.com:443 "GET /api?key=48133257-76310a353e67a7ce6140a42f4&q=medical+spa&per_page=10&image_type=photo&orientation=horizontal&safesearch=True HTTP/11" 301 None
2025-01-09 13:31:33,971 - DEBUG - Starting new HTTP connection (1): pixabay.com:80
2025-01-09 13:31:34,044 - DEBUG - http://pixabay.com:80 "GET /api/?key=48133257-76310a353e67a7ce6140a42f4&q=medical+spa&per_page=10&image_type=photo&orientation=horizontal&safesearch=True HTTP/11" 301 167
2025-01-09 13:31:34,156 - DEBUG - https://pixabay.com:443 "GET /api/?key=48133257-76310a353e67a7ce6140a42f4&q=medical+spa&per_page=10&image_type=photo&orientation=horizontal&safesearch=True HTTP/11" 200 None
2025-01-09 13:31:34,159 - INFO - Pixabay results: 10
2025-01-09 13:31:34,160 - INFO - 
Trying Pexels search with query: medical spa
2025-01-09 13:31:34,161 - DEBUG - Starting new HTTPS connection (1): api.pexels.com:443
2025-01-09 13:31:34,712 - DEBUG - https://api.pexels.com:443 "GET /v1/search?query=medical+spa&per_page=10&orientation=landscape HTTP/11" 401 None
2025-01-09 13:31:34,715 - INFO - Pexels API error: 401 Client Error: Unauthorized for url: https://api.pexels.com/v1/search?query=medical+spa&per_page=10&orientation=landscape
2025-01-09 13:31:34,716 - INFO - Pexels results: 0
2025-01-09 13:31:34,716 - INFO - Total results: 10
2025-01-09 13:31:34,717 - INFO - 127.0.0.1 - - [09/Jan/2025 13:31:34] "GET /search?query=medical%20spa&t=1736447493428 HTTP/1.1" 200 -
2025-01-09 13:31:39,598 - INFO - 
Searching Pixabay for: medical spa
2025-01-09 13:31:39,601 - DEBUG - Starting new HTTPS connection (1): pixabay.com:443
2025-01-09 13:31:40,173 - DEBUG - https://pixabay.com:443 "GET /api?key=48133257-76310a353e67a7ce6140a42f4&q=medical+spa&per_page=10&image_type=photo&orientation=horizontal&safesearch=True HTTP/11" 301 None
2025-01-09 13:31:40,175 - DEBUG - Starting new HTTP connection (1): pixabay.com:80
2025-01-09 13:31:40,240 - DEBUG - http://pixabay.com:80 "GET /api/?key=48133257-76310a353e67a7ce6140a42f4&q=medical+spa&per_page=10&image_type=photo&orientation=horizontal&safesearch=True HTTP/11" 301 167
2025-01-09 13:31:40,381 - DEBUG - https://pixabay.com:443 "GET /api/?key=48133257-76310a353e67a7ce6140a42f4&q=medical+spa&per_page=10&image_type=photo&orientation=horizontal&safesearch=True HTTP/11" 200 None
2025-01-09 13:31:40,385 - INFO - Pixabay results: 10
2025-01-09 13:31:40,385 - INFO - 
Trying Pexels search with query: medical spa
2025-01-09 13:31:40,387 - DEBUG - Starting new HTTPS connection (1): api.pexels.com:443
2025-01-09 13:31:40,990 - DEBUG - https://api.pexels.com:443 "GET /v1/search?query=medical+spa&per_page=10&orientation=landscape HTTP/11" 401 None
2025-01-09 13:31:40,991 - INFO - Pexels API error: 401 Client Error: Unauthorized for url: https://api.pexels.com/v1/search?query=medical+spa&per_page=10&orientation=landscape
2025-01-09 13:31:40,993 - INFO - Pexels results: 0
2025-01-09 13:31:40,993 - INFO - Total results: 10
2025-01-09 13:31:40,994 - INFO - 127.0.0.1 - - [09/Jan/2025 13:31:40] "GET /search?query=medical%20spa&t=1736447499292 HTTP/1.1" 200 -
2025-01-09 13:31:47,054 - INFO - 
Searching Pixabay for: medical spa
2025-01-09 13:31:47,057 - DEBUG - Starting new HTTPS connection (1): pixabay.com:443
2025-01-09 13:31:47,614 - DEBUG - https://pixabay.com:443 "GET /api?key=48133257-76310a353e67a7ce6140a42f4&q=medical+spa&per_page=10&image_type=photo&orientation=horizontal&safesearch=True HTTP/11" 301 None
2025-01-09 13:31:47,616 - DEBUG - Starting new HTTP connection (1): pixabay.com:80
2025-01-09 13:31:47,703 - DEBUG - http://pixabay.com:80 "GET /api/?key=48133257-76310a353e67a7ce6140a42f4&q=medical+spa&per_page=10&image_type=photo&orientation=horizontal&safesearch=True HTTP/11" 301 167
2025-01-09 13:31:47,809 - DEBUG - https://pixabay.com:443 "GET /api/?key=48133257-76310a353e67a7ce6140a42f4&q=medical+spa&per_page=10&image_type=photo&orientation=horizontal&safesearch=True HTTP/11" 200 None
2025-01-09 13:31:47,811 - INFO - Pixabay results: 10
2025-01-09 13:31:47,811 - INFO - 
Trying Pexels search with query: medical spa
2025-01-09 13:31:47,813 - DEBUG - Starting new HTTPS connection (1): api.pexels.com:443
2025-01-09 13:31:48,406 - DEBUG - https://api.pexels.com:443 "GET /v1/search?query=medical+spa&per_page=10&orientation=landscape HTTP/11" 401 None
2025-01-09 13:31:48,407 - INFO - Pexels API error: 401 Client Error: Unauthorized for url: https://api.pexels.com/v1/search?query=medical+spa&per_page=10&orientation=landscape
2025-01-09 13:31:48,408 - INFO - Pexels results: 0
2025-01-09 13:31:48,408 - INFO - Total results: 10
2025-01-09 13:31:48,409 - INFO - 127.0.0.1 - - [09/Jan/2025 13:31:48] "GET /search?query=medical%20spa&t=1736447507052 HTTP/1.1" 200 -
2025-01-09 13:31:51,198 - INFO - 
Searching Pixabay for: medical spa
2025-01-09 13:31:51,200 - DEBUG - Starting new HTTPS connection (1): pixabay.com:443
2025-01-09 13:31:51,750 - DEBUG - https://pixabay.com:443 "GET /api?key=48133257-76310a353e67a7ce6140a42f4&q=medical+spa&per_page=10&image_type=photo&orientation=horizontal&safesearch=True HTTP/11" 301 None
2025-01-09 13:31:51,752 - DEBUG - Starting new HTTP connection (1): pixabay.com:80
2025-01-09 13:31:51,813 - DEBUG - http://pixabay.com:80 "GET /api/?key=48133257-76310a353e67a7ce6140a42f4&q=medical+spa&per_page=10&image_type=photo&orientation=horizontal&safesearch=True HTTP/11" 301 167
2025-01-09 13:31:51,903 - DEBUG - https://pixabay.com:443 "GET /api/?key=48133257-76310a353e67a7ce6140a42f4&q=medical+spa&per_page=10&image_type=photo&orientation=horizontal&safesearch=True HTTP/11" 200 None
2025-01-09 13:31:51,907 - INFO - Pixabay results: 10
2025-01-09 13:31:51,907 - INFO - 
Trying Pexels search with query: medical spa
2025-01-09 13:31:51,909 - DEBUG - Starting new HTTPS connection (1): api.pexels.com:443
2025-01-09 13:31:52,499 - DEBUG - https://api.pexels.com:443 "GET /v1/search?query=medical+spa&per_page=10&orientation=landscape HTTP/11" 401 None
2025-01-09 13:31:52,500 - INFO - Pexels API error: 401 Client Error: Unauthorized for url: https://api.pexels.com/v1/search?query=medical+spa&per_page=10&orientation=landscape
2025-01-09 13:31:52,501 - INFO - Pexels results: 0
2025-01-09 13:31:52,501 - INFO - Total results: 10
2025-01-09 13:31:52,502 - INFO - 127.0.0.1 - - [09/Jan/2025 13:31:52] "GET /search?query=medical%20spa&t=1736447510884 HTTP/1.1" 200 -
2025-01-09 13:32:15,862 - INFO -  * Detected change in 'c:\\Users\\Big Daddy Pyatt\\CascadeProjects\\subscriptions\\nextjs-subscription-payments\\spotcircuit\\medical_spa_offers\\aeo_offer\\utils\\image_finder_web.py', reloading
2025-01-09 13:32:15,940 - INFO -  * Restarting with stat
2025-01-09 13:32:16,029 - INFO -  * Detected change in 'c:\\Users\\Big Daddy Pyatt\\CascadeProjects\\subscriptions\\nextjs-subscription-payments\\spotcircuit\\medical_spa_offers\\aeo_offer\\utils\\image_finder_web.py', reloading
2025-01-09 13:32:16,108 - INFO -  * Restarting with stat
2025-01-09 13:32:16,256 - INFO -  * Detected change in 'c:\\Users\\Big Daddy Pyatt\\CascadeProjects\\subscriptions\\nextjs-subscription-payments\\spotcircuit\\medical_spa_offers\\aeo_offer\\utils\\image_finder_web.py', reloading
2025-01-09 13:32:16,328 - INFO -  * Restarting with stat
2025-01-09 13:32:16,486 - INFO -  * Detected change in 'c:\\Users\\Big Daddy Pyatt\\CascadeProjects\\subscriptions\\nextjs-subscription-payments\\spotcircuit\\medical_spa_offers\\aeo_offer\\utils\\image_finder_web.py', reloading
2025-01-09 13:32:16,533 - INFO - 
=== Starting Pexels Image Finder ===
2025-01-09 13:32:16,533 - INFO - Server running on http://localhost:3800
2025-01-09 13:32:16,551 - INFO -  * Restarting with stat
2025-01-09 13:32:16,554 - WARNING -  * Debugger is active!
2025-01-09 13:32:16,575 - INFO -  * Debugger PIN: 139-578-246
2025-01-09 13:32:16,694 - INFO - 
=== Starting Pexels Image Finder ===
2025-01-09 13:32:16,695 - INFO - Server running on http://localhost:3800
2025-01-09 13:32:16,715 - WARNING -  * Debugger is active!
2025-01-09 13:32:16,733 - INFO -  * Debugger PIN: 139-578-246
2025-01-09 13:32:16,928 - INFO - 
=== Starting Pexels Image Finder ===
2025-01-09 13:32:16,928 - INFO - Server running on http://localhost:3800
2025-01-09 13:32:16,951 - INFO -  * Detected change in 'c:\\Users\\Big Daddy Pyatt\\CascadeProjects\\subscriptions\\nextjs-subscription-payments\\spotcircuit\\medical_spa_offers\\aeo_offer\\utils\\image_finder_web.py', reloading
2025-01-09 13:32:16,955 - WARNING -  * Debugger is active!
2025-01-09 13:32:16,978 - INFO -  * Debugger PIN: 139-578-246
2025-01-09 13:32:16,999 - INFO -  * Detected change in 'c:\\Users\\Big Daddy Pyatt\\CascadeProjects\\subscriptions\\nextjs-subscription-payments\\spotcircuit\\medical_spa_offers\\aeo_offer\\utils\\image_finder_web.py', reloading
2025-01-09 13:32:17,032 - INFO -  * Restarting with stat
2025-01-09 13:32:17,086 - INFO -  * Restarting with stat
2025-01-09 13:32:17,202 - INFO - 
=== Starting Pexels Image Finder ===
2025-01-09 13:32:17,202 - INFO - Server running on http://localhost:3800
2025-01-09 13:32:17,223 - WARNING -  * Debugger is active!
2025-01-09 13:32:17,240 - INFO -  * Debugger PIN: 139-578-246
2025-01-09 13:32:17,425 - INFO -  * Detected change in 'c:\\Users\\Big Daddy Pyatt\\CascadeProjects\\subscriptions\\nextjs-subscription-payments\\spotcircuit\\medical_spa_offers\\aeo_offer\\utils\\image_finder_web.py', reloading
2025-01-09 13:32:17,504 - INFO -  * Restarting with stat
2025-01-09 13:32:17,515 - INFO -  * Detected change in 'c:\\Users\\Big Daddy Pyatt\\CascadeProjects\\subscriptions\\nextjs-subscription-payments\\SpotCircuit\\medical_spa_offers\\aeo_offer\\utils\\image_finder_web.py', reloading
2025-01-09 13:32:17,602 - INFO -  * Restarting with stat
2025-01-09 13:32:17,604 - INFO -  * Detected change in 'c:\\Users\\Big Daddy Pyatt\\CascadeProjects\\subscriptions\\nextjs-subscription-payments\\spotcircuit\\medical_spa_offers\\aeo_offer\\utils\\image_finder_web.py', reloading
2025-01-09 13:32:17,690 - INFO - 
=== Starting Pexels Image Finder ===
2025-01-09 13:32:17,690 - INFO - Server running on http://localhost:3800
2025-01-09 13:32:17,694 - INFO -  * Restarting with stat
2025-01-09 13:32:17,724 - WARNING -  * Debugger is active!
2025-01-09 13:32:17,747 - INFO -  * Debugger PIN: 139-578-246
2025-01-09 13:32:17,756 - INFO - 
=== Starting Pexels Image Finder ===
2025-01-09 13:32:17,756 - INFO - Server running on http://localhost:3800
2025-01-09 13:32:17,782 - WARNING -  * Debugger is active!
2025-01-09 13:32:17,804 - INFO -  * Debugger PIN: 139-578-246
2025-01-09 13:32:18,197 - INFO - 
=== Starting Pexels Image Finder ===
2025-01-09 13:32:18,197 - INFO - Server running on http://localhost:3800
2025-01-09 13:32:18,219 - WARNING -  * Debugger is active!
2025-01-09 13:32:18,239 - INFO -  * Debugger PIN: 139-578-246
2025-01-09 13:32:18,280 - INFO - 
=== Starting Pexels Image Finder ===
2025-01-09 13:32:18,281 - INFO - Server running on http://localhost:3800
2025-01-09 13:32:18,306 - WARNING -  * Debugger is active!
2025-01-09 13:32:18,325 - INFO -  * Debugger PIN: 139-578-246
2025-01-09 13:32:18,371 - INFO - 
=== Starting Pexels Image Finder ===
2025-01-09 13:32:18,371 - INFO - Server running on http://localhost:3800
2025-01-09 13:32:18,392 - WARNING -  * Debugger is active!
2025-01-09 13:32:18,411 - INFO -  * Debugger PIN: 139-578-246
2025-01-09 13:32:35,386 - INFO -  * Detected change in 'c:\\Users\\Big Daddy Pyatt\\CascadeProjects\\subscriptions\\nextjs-subscription-payments\\spotcircuit\\medical_spa_offers\\aeo_offer\\utils\\image_finder_web.py', reloading
2025-01-09 13:32:35,422 - INFO -  * Detected change in 'c:\\Users\\Big Daddy Pyatt\\CascadeProjects\\subscriptions\\nextjs-subscription-payments\\spotcircuit\\medical_spa_offers\\aeo_offer\\utils\\image_finder_web.py', reloading
2025-01-09 13:32:35,438 - INFO -  * Restarting with stat
2025-01-09 13:32:35,480 - INFO -  * Restarting with stat
2025-01-09 13:32:36,011 - INFO - 
=== Starting Pexels Image Finder ===
2025-01-09 13:32:36,012 - INFO - Server running on http://localhost:3800
2025-01-09 13:32:36,035 - WARNING -  * Debugger is active!
2025-01-09 13:32:36,047 - INFO -  * Detected change in 'c:\\Users\\Big Daddy Pyatt\\CascadeProjects\\subscriptions\\nextjs-subscription-payments\\spotcircuit\\medical_spa_offers\\aeo_offer\\utils\\image_finder_web.py', reloading
2025-01-09 13:32:36,049 - INFO - 
=== Starting Pexels Image Finder ===
2025-01-09 13:32:36,049 - INFO - Server running on http://localhost:3800
2025-01-09 13:32:36,056 - INFO -  * Debugger PIN: 139-578-246
2025-01-09 13:32:36,069 - INFO -  * Detected change in 'c:\\Users\\Big Daddy Pyatt\\CascadeProjects\\subscriptions\\nextjs-subscription-payments\\SpotCircuit\\medical_spa_offers\\aeo_offer\\utils\\image_finder_web.py', reloading
2025-01-09 13:32:36,094 - WARNING -  * Debugger is active!
2025-01-09 13:32:36,119 - INFO -  * Debugger PIN: 139-578-246
2025-01-09 13:32:36,152 - INFO -  * Restarting with stat
2025-01-09 13:32:36,175 - INFO -  * Restarting with stat
2025-01-09 13:32:36,360 - INFO -  * Detected change in 'c:\\Users\\Big Daddy Pyatt\\CascadeProjects\\subscriptions\\nextjs-subscription-payments\\spotcircuit\\medical_spa_offers\\aeo_offer\\utils\\image_finder_web.py', reloading
2025-01-09 13:32:36,429 - INFO -  * Restarting with stat
2025-01-09 13:32:36,545 - INFO -  * Detected change in 'c:\\Users\\Big Daddy Pyatt\\CascadeProjects\\subscriptions\\nextjs-subscription-payments\\spotcircuit\\medical_spa_offers\\aeo_offer\\utils\\image_finder_web.py', reloading
2025-01-09 13:32:36,617 - INFO -  * Restarting with stat
2025-01-09 13:32:36,674 - INFO -  * Detected change in 'c:\\Users\\Big Daddy Pyatt\\CascadeProjects\\subscriptions\\nextjs-subscription-payments\\spotcircuit\\medical_spa_offers\\aeo_offer\\utils\\image_finder_web.py', reloading
2025-01-09 13:32:36,754 - INFO -  * Restarting with stat
2025-01-09 13:32:36,802 - INFO - 
=== Starting Pexels Image Finder ===
2025-01-09 13:32:36,802 - INFO - Server running on http://localhost:3800
2025-01-09 13:32:36,822 - WARNING -  * Debugger is active!
2025-01-09 13:32:36,825 - INFO - 
=== Starting Pexels Image Finder ===
2025-01-09 13:32:36,826 - INFO - Server running on http://localhost:3800
2025-01-09 13:32:36,834 - INFO -  * Detected change in 'c:\\Users\\Big Daddy Pyatt\\CascadeProjects\\subscriptions\\nextjs-subscription-payments\\spotcircuit\\medical_spa_offers\\aeo_offer\\utils\\image_finder_web.py', reloading
2025-01-09 13:32:36,841 - INFO -  * Debugger PIN: 139-578-246
2025-01-09 13:32:36,852 - WARNING -  * Debugger is active!
2025-01-09 13:32:36,875 - INFO -  * Debugger PIN: 139-578-246
2025-01-09 13:32:36,913 - INFO -  * Restarting with stat
2025-01-09 13:32:37,074 - INFO - 
=== Starting Pexels Image Finder ===
2025-01-09 13:32:37,075 - INFO - Server running on http://localhost:3800
2025-01-09 13:32:37,098 - WARNING -  * Debugger is active!
2025-01-09 13:32:37,120 - INFO -  * Debugger PIN: 139-578-246
2025-01-09 13:32:37,171 - INFO -  * Detected change in 'c:\\Users\\Big Daddy Pyatt\\CascadeProjects\\subscriptions\\nextjs-subscription-payments\\spotcircuit\\medical_spa_offers\\aeo_offer\\utils\\image_finder_web.py', reloading
2025-01-09 13:32:37,234 - INFO - 
=== Starting Pexels Image Finder ===
2025-01-09 13:32:37,235 - INFO - Server running on http://localhost:3800
2025-01-09 13:32:37,247 - INFO -  * Restarting with stat
2025-01-09 13:32:37,257 - WARNING -  * Debugger is active!
2025-01-09 13:32:37,277 - INFO -  * Debugger PIN: 139-578-246
2025-01-09 13:32:37,384 - INFO - 
=== Starting Pexels Image Finder ===
2025-01-09 13:32:37,384 - INFO - Server running on http://localhost:3800
2025-01-09 13:32:37,406 - WARNING -  * Debugger is active!
2025-01-09 13:32:37,426 - INFO -  * Debugger PIN: 139-578-246
2025-01-09 13:32:37,528 - INFO - 
=== Starting Pexels Image Finder ===
2025-01-09 13:32:37,528 - INFO - Server running on http://localhost:3800
2025-01-09 13:32:37,549 - WARNING -  * Debugger is active!
2025-01-09 13:32:37,571 - INFO -  * Debugger PIN: 139-578-246
2025-01-09 13:32:37,879 - INFO - 
=== Starting Pexels Image Finder ===
2025-01-09 13:32:37,879 - INFO - Server running on http://localhost:3800
2025-01-09 13:32:37,903 - WARNING -  * Debugger is active!
2025-01-09 13:32:37,921 - INFO -  * Debugger PIN: 139-578-246
2025-01-09 13:32:45,064 - INFO - 
=== Starting Pexels Image Finder ===
2025-01-09 13:32:45,065 - INFO - Server running on http://localhost:3800
2025-01-09 13:32:45,084 - INFO - [31m[1mWARNING: This is a development server. Do not use it in a production deployment. Use a production WSGI server instead.[0m
 * Running on http://127.0.0.1:3800
2025-01-09 13:32:45,084 - INFO - [33mPress CTRL+C to quit[0m
2025-01-09 13:32:45,089 - INFO -  * Restarting with stat
2025-01-09 13:32:45,530 - INFO - 
=== Starting Pexels Image Finder ===
2025-01-09 13:32:45,530 - INFO - Server running on http://localhost:3800
2025-01-09 13:32:45,546 - WARNING -  * Debugger is active!
2025-01-09 13:32:45,561 - INFO -  * Debugger PIN: 139-578-246
2025-01-09 13:32:56,376 - INFO - 127.0.0.1 - - [09/Jan/2025 13:32:56] "GET / HTTP/1.1" 200 -
2025-01-09 13:32:56,464 - INFO - 
Searching Pixabay for: medical spa
2025-01-09 13:32:56,469 - DEBUG - Starting new HTTPS connection (1): pixabay.com:443
2025-01-09 13:32:56,990 - DEBUG - https://pixabay.com:443 "GET /api?key=48133257-76310a353e67a7ce6140a42f4&q=medical+spa&per_page=10&image_type=photo&orientation=horizontal&safesearch=True HTTP/11" 301 None
2025-01-09 13:32:56,992 - DEBUG - Starting new HTTP connection (1): pixabay.com:80
2025-01-09 13:32:57,052 - DEBUG - http://pixabay.com:80 "GET /api/?key=48133257-76310a353e67a7ce6140a42f4&q=medical+spa&per_page=10&image_type=photo&orientation=horizontal&safesearch=True HTTP/11" 301 167
2025-01-09 13:32:57,179 - DEBUG - https://pixabay.com:443 "GET /api/?key=48133257-76310a353e67a7ce6140a42f4&q=medical+spa&per_page=10&image_type=photo&orientation=horizontal&safesearch=True HTTP/11" 200 None
2025-01-09 13:32:57,184 - INFO - Pixabay results: 10
2025-01-09 13:32:57,184 - INFO - 
Trying Pexels search with query: medical spa
2025-01-09 13:32:57,185 - DEBUG - Starting new HTTPS connection (1): api.pexels.com:443
2025-01-09 13:32:57,721 - DEBUG - https://api.pexels.com:443 "GET /v1/search?query=medical+spa&per_page=10&orientation=landscape HTTP/11" 401 None
2025-01-09 13:32:57,724 - INFO - Pexels API error: 401 Client Error: Unauthorized for url: https://api.pexels.com/v1/search?query=medical+spa&per_page=10&orientation=landscape
2025-01-09 13:32:57,726 - INFO - Pexels results: 0
2025-01-09 13:32:57,726 - INFO - Total results: 10
2025-01-09 13:32:57,727 - INFO - 127.0.0.1 - - [09/Jan/2025 13:32:57] "GET /search?query=medical%20spa&t=1736447576462 HTTP/1.1" 200 -
2025-01-09 13:33:50,101 - INFO -  * Detected change in 'c:\\Users\\Big Daddy Pyatt\\CascadeProjects\\subscriptions\\nextjs-subscription-payments\\spotcircuit\\medical_spa_offers\\aeo_offer\\utils\\image_finder_web.py', reloading
2025-01-09 13:33:50,176 - INFO -  * Restarting with stat
2025-01-09 13:33:50,307 - INFO -  * Detected change in 'c:\\Users\\Big Daddy Pyatt\\CascadeProjects\\subscriptions\\nextjs-subscription-payments\\spotcircuit\\medical_spa_offers\\aeo_offer\\utils\\image_finder_web.py', reloading
2025-01-09 13:33:50,367 - INFO -  * Restarting with stat
2025-01-09 13:33:50,392 - INFO -  * Detected change in 'c:\\Users\\Big Daddy Pyatt\\CascadeProjects\\subscriptions\\nextjs-subscription-payments\\spotcircuit\\medical_spa_offers\\aeo_offer\\utils\\image_finder_web.py', reloading
2025-01-09 13:33:50,449 - INFO -  * Restarting with stat
2025-01-09 13:33:50,737 - INFO - 
=== Starting Pexels Image Finder ===
2025-01-09 13:33:50,737 - INFO - Server running on http://localhost:3800
2025-01-09 13:33:50,759 - WARNING -  * Debugger is active!
2025-01-09 13:33:50,780 - INFO -  * Debugger PIN: 139-578-246
2025-01-09 13:33:50,921 - INFO -  * Detected change in 'c:\\Users\\Big Daddy Pyatt\\CascadeProjects\\subscriptions\\nextjs-subscription-payments\\spotcircuit\\medical_spa_offers\\aeo_offer\\utils\\image_finder_web.py', reloading
2025-01-09 13:33:50,954 - INFO - 
=== Starting Pexels Image Finder ===
2025-01-09 13:33:50,954 - INFO - Server running on http://localhost:3800
2025-01-09 13:33:50,979 - WARNING -  * Debugger is active!
2025-01-09 13:33:50,992 - INFO -  * Detected change in 'c:\\Users\\Big Daddy Pyatt\\CascadeProjects\\subscriptions\\nextjs-subscription-payments\\spotcircuit\\medical_spa_offers\\aeo_offer\\utils\\image_finder_web.py', reloading
2025-01-09 13:33:50,995 - INFO -  * Restarting with stat
2025-01-09 13:33:51,003 - INFO -  * Debugger PIN: 139-578-246
2025-01-09 13:33:51,044 - INFO - 
=== Starting Pexels Image Finder ===
2025-01-09 13:33:51,044 - INFO - Server running on http://localhost:3800
2025-01-09 13:33:51,070 - WARNING -  * Debugger is active!
2025-01-09 13:33:51,074 - INFO -  * Restarting with stat
2025-01-09 13:33:51,091 - INFO -  * Debugger PIN: 139-578-246
2025-01-09 13:33:51,096 - INFO -  * Detected change in 'c:\\Users\\Big Daddy Pyatt\\CascadeProjects\\subscriptions\\nextjs-subscription-payments\\spotcircuit\\medical_spa_offers\\aeo_offer\\utils\\image_finder_web.py', reloading
2025-01-09 13:33:51,170 - INFO -  * Restarting with stat
2025-01-09 13:33:51,240 - INFO -  * Detected change in 'c:\\Users\\Big Daddy Pyatt\\CascadeProjects\\subscriptions\\nextjs-subscription-payments\\SpotCircuit\\medical_spa_offers\\aeo_offer\\utils\\image_finder_web.py', reloading
2025-01-09 13:33:51,317 - INFO -  * Restarting with stat
2025-01-09 13:33:51,666 - INFO - 
=== Starting Pexels Image Finder ===
2025-01-09 13:33:51,667 - INFO - Server running on http://localhost:3800
2025-01-09 13:33:51,689 - WARNING -  * Debugger is active!
2025-01-09 13:33:51,708 - INFO -  * Debugger PIN: 139-578-246
2025-01-09 13:33:51,725 - INFO -  * Detected change in 'c:\\Users\\Big Daddy Pyatt\\CascadeProjects\\subscriptions\\nextjs-subscription-payments\\spotcircuit\\medical_spa_offers\\aeo_offer\\utils\\image_finder_web.py', reloading
2025-01-09 13:33:51,732 - INFO - 
=== Starting Pexels Image Finder ===
2025-01-09 13:33:51,732 - INFO - Server running on http://localhost:3800
2025-01-09 13:33:51,756 - WARNING -  * Debugger is active!
2025-01-09 13:33:51,777 - INFO -  * Debugger PIN: 139-578-246
2025-01-09 13:33:51,801 - INFO -  * Restarting with stat
2025-01-09 13:33:51,829 - INFO - 
=== Starting Pexels Image Finder ===
2025-01-09 13:33:51,830 - INFO - Server running on http://localhost:3800
2025-01-09 13:33:51,858 - WARNING -  * Debugger is active!
2025-01-09 13:33:51,881 - INFO -  * Detected change in 'c:\\Users\\Big Daddy Pyatt\\CascadeProjects\\subscriptions\\nextjs-subscription-payments\\spotcircuit\\medical_spa_offers\\aeo_offer\\utils\\image_finder_web.py', reloading
2025-01-09 13:33:51,881 - INFO -  * Debugger PIN: 139-578-246
2025-01-09 13:33:51,968 - INFO -  * Restarting with stat
2025-01-09 13:33:52,009 - INFO - 
=== Starting Pexels Image Finder ===
2025-01-09 13:33:52,009 - INFO - Server running on http://localhost:3800
2025-01-09 13:33:52,034 - WARNING -  * Debugger is active!
2025-01-09 13:33:52,057 - INFO -  * Debugger PIN: 139-578-246
2025-01-09 13:33:52,516 - INFO - 
=== Starting Pexels Image Finder ===
2025-01-09 13:33:52,516 - INFO - Server running on http://localhost:3800
2025-01-09 13:33:52,540 - WARNING -  * Debugger is active!
2025-01-09 13:33:52,540 - INFO -  * Detected change in 'c:\\Users\\Big Daddy Pyatt\\CascadeProjects\\subscriptions\\nextjs-subscription-payments\\spotcircuit\\medical_spa_offers\\aeo_offer\\utils\\image_finder_web.py', reloading
2025-01-09 13:33:52,561 - INFO -  * Debugger PIN: 139-578-246
2025-01-09 13:33:52,611 - INFO -  * Restarting with stat
2025-01-09 13:33:52,648 - INFO - 
=== Starting Pexels Image Finder ===
2025-01-09 13:33:52,648 - INFO - Server running on http://localhost:3800
2025-01-09 13:33:52,672 - WARNING -  * Debugger is active!
2025-01-09 13:33:52,694 - INFO -  * Debugger PIN: 139-578-246
2025-01-09 13:33:53,260 - INFO - 
=== Starting Pexels Image Finder ===
2025-01-09 13:33:53,260 - INFO - Server running on http://localhost:3800
2025-01-09 13:33:53,283 - WARNING -  * Debugger is active!
2025-01-09 13:33:53,303 - INFO -  * Debugger PIN: 139-578-246
2025-01-09 13:34:05,030 - INFO -  * Detected change in 'c:\\Users\\Big Daddy Pyatt\\CascadeProjects\\subscriptions\\nextjs-subscription-payments\\spotcircuit\\medical_spa_offers\\aeo_offer\\utils\\image_finder_web.py', reloading
2025-01-09 13:34:05,089 - INFO -  * Restarting with stat
2025-01-09 13:34:05,452 - INFO -  * Detected change in 'c:\\Users\\Big Daddy Pyatt\\CascadeProjects\\subscriptions\\nextjs-subscription-payments\\spotcircuit\\medical_spa_offers\\aeo_offer\\utils\\image_finder_web.py', reloading
2025-01-09 13:34:05,507 - INFO -  * Restarting with stat
2025-01-09 13:34:05,580 - INFO - 
=== Starting Pexels Image Finder ===
2025-01-09 13:34:05,580 - INFO - Server running on http://localhost:3800
2025-01-09 13:34:05,598 - WARNING -  * Debugger is active!
2025-01-09 13:34:05,614 - INFO -  * Debugger PIN: 139-578-246
2025-01-09 13:34:05,624 - INFO -  * Detected change in 'c:\\Users\\Big Daddy Pyatt\\CascadeProjects\\subscriptions\\nextjs-subscription-payments\\spotcircuit\\medical_spa_offers\\aeo_offer\\utils\\image_finder_web.py', reloading
2025-01-09 13:34:05,689 - INFO -  * Restarting with stat
2025-01-09 13:34:05,783 - INFO -  * Detected change in 'c:\\Users\\Big Daddy Pyatt\\CascadeProjects\\subscriptions\\nextjs-subscription-payments\\spotcircuit\\medical_spa_offers\\aeo_offer\\utils\\image_finder_web.py', reloading
2025-01-09 13:34:05,866 - INFO -  * Restarting with stat
2025-01-09 13:34:06,053 - INFO -  * Detected change in 'c:\\Users\\Big Daddy Pyatt\\CascadeProjects\\subscriptions\\nextjs-subscription-payments\\SpotCircuit\\medical_spa_offers\\aeo_offer\\utils\\image_finder_web.py', reloading
2025-01-09 13:34:06,125 - INFO - 
=== Starting Pexels Image Finder ===
2025-01-09 13:34:06,125 - INFO - Server running on http://localhost:3800
2025-01-09 13:34:06,131 - INFO -  * Restarting with stat
2025-01-09 13:34:06,150 - WARNING -  * Debugger is active!
2025-01-09 13:34:06,172 - INFO -  * Debugger PIN: 139-578-246
2025-01-09 13:34:06,335 - INFO - 
=== Starting Pexels Image Finder ===
2025-01-09 13:34:06,335 - INFO - Server running on http://localhost:3800
2025-01-09 13:34:06,358 - WARNING -  * Debugger is active!
2025-01-09 13:34:06,380 - INFO -  * Debugger PIN: 139-578-246
2025-01-09 13:34:06,542 - INFO - 
=== Starting Pexels Image Finder ===
2025-01-09 13:34:06,542 - INFO - Server running on http://localhost:3800
2025-01-09 13:34:06,567 - WARNING -  * Debugger is active!
2025-01-09 13:34:06,588 - INFO -  * Debugger PIN: 139-578-246
2025-01-09 13:34:06,805 - INFO - 
=== Starting Pexels Image Finder ===
2025-01-09 13:34:06,806 - INFO - Server running on http://localhost:3800
2025-01-09 13:34:06,831 - WARNING -  * Debugger is active!
2025-01-09 13:34:06,836 - INFO -  * Detected change in 'c:\\Users\\Big Daddy Pyatt\\CascadeProjects\\subscriptions\\nextjs-subscription-payments\\spotcircuit\\medical_spa_offers\\aeo_offer\\utils\\image_finder_web.py', reloading
2025-01-09 13:34:06,853 - INFO -  * Debugger PIN: 139-578-246
2025-01-09 13:34:06,923 - INFO -  * Restarting with stat
2025-01-09 13:34:07,016 - INFO -  * Detected change in 'c:\\Users\\Big Daddy Pyatt\\CascadeProjects\\subscriptions\\nextjs-subscription-payments\\spotcircuit\\medical_spa_offers\\aeo_offer\\utils\\image_finder_web.py', reloading
2025-01-09 13:34:07,104 - INFO -  * Restarting with stat
2025-01-09 13:34:07,106 - INFO -  * Detected change in 'c:\\Users\\Big Daddy Pyatt\\CascadeProjects\\subscriptions\\nextjs-subscription-payments\\spotcircuit\\medical_spa_offers\\aeo_offer\\utils\\image_finder_web.py', reloading
2025-01-09 13:34:07,133 - INFO -  * Detected change in 'c:\\Users\\Big Daddy Pyatt\\CascadeProjects\\subscriptions\\nextjs-subscription-payments\\spotcircuit\\medical_spa_offers\\aeo_offer\\utils\\image_finder_web.py', reloading
2025-01-09 13:34:07,185 - INFO -  * Restarting with stat
2025-01-09 13:34:07,222 - INFO -  * Restarting with stat
2025-01-09 13:34:07,367 - INFO -  * Detected change in 'c:\\Users\\Big Daddy Pyatt\\CascadeProjects\\subscriptions\\nextjs-subscription-payments\\spotcircuit\\medical_spa_offers\\aeo_offer\\utils\\image_finder_web.py', reloading
2025-01-09 13:34:07,442 - INFO -  * Restarting with stat
2025-01-09 13:34:07,603 - INFO - 
=== Starting Pexels Image Finder ===
2025-01-09 13:34:07,603 - INFO - Server running on http://localhost:3800
2025-01-09 13:34:07,625 - WARNING -  * Debugger is active!
2025-01-09 13:34:07,643 - INFO -  * Debugger PIN: 139-578-246
2025-01-09 13:34:07,770 - INFO - 
=== Starting Pexels Image Finder ===
2025-01-09 13:34:07,770 - INFO - Server running on http://localhost:3800
2025-01-09 13:34:07,794 - WARNING -  * Debugger is active!
2025-01-09 13:34:07,814 - INFO -  * Debugger PIN: 139-578-246
2025-01-09 13:34:07,840 - INFO - 
=== Starting Pexels Image Finder ===
2025-01-09 13:34:07,840 - INFO - Server running on http://localhost:3800
2025-01-09 13:34:07,862 - INFO - 
=== Starting Pexels Image Finder ===
2025-01-09 13:34:07,862 - INFO - Server running on http://localhost:3800
2025-01-09 13:34:07,863 - WARNING -  * Debugger is active!
2025-01-09 13:34:07,882 - INFO -  * Debugger PIN: 139-578-246
2025-01-09 13:34:07,886 - WARNING -  * Debugger is active!
2025-01-09 13:34:07,907 - INFO -  * Debugger PIN: 139-578-246
2025-01-09 13:34:08,105 - INFO - 
=== Starting Pexels Image Finder ===
2025-01-09 13:34:08,105 - INFO - Server running on http://localhost:3800
2025-01-09 13:34:08,130 - WARNING -  * Debugger is active!
2025-01-09 13:34:08,152 - INFO -  * Debugger PIN: 139-578-246
2025-01-09 13:34:15,327 - INFO - 
=== Starting Pexels Image Finder ===
2025-01-09 13:34:15,327 - INFO - Server running on http://localhost:3800
2025-01-09 13:34:15,350 - INFO - [31m[1mWARNING: This is a development server. Do not use it in a production deployment. Use a production WSGI server instead.[0m
 * Running on http://127.0.0.1:3800
2025-01-09 13:34:15,350 - INFO - [33mPress CTRL+C to quit[0m
2025-01-09 13:34:15,358 - INFO -  * Restarting with stat
2025-01-09 13:34:15,868 - INFO - 
=== Starting Pexels Image Finder ===
2025-01-09 13:34:15,868 - INFO - Server running on http://localhost:3800
2025-01-09 13:34:15,885 - WARNING -  * Debugger is active!
2025-01-09 13:34:15,900 - INFO -  * Debugger PIN: 139-578-246
2025-01-09 13:34:26,186 - INFO - 127.0.0.1 - - [09/Jan/2025 13:34:26] "GET / HTTP/1.1" 200 -
2025-01-09 13:34:26,364 - INFO - 
Searching Pixabay for: medical spa
2025-01-09 13:34:26,368 - DEBUG - Starting new HTTPS connection (1): pixabay.com:443
2025-01-09 13:34:26,920 - DEBUG - https://pixabay.com:443 "GET /api?key=48133257-76310a353e67a7ce6140a42f4&q=medical+spa&per_page=10&image_type=photo&orientation=horizontal&safesearch=True HTTP/11" 301 None
2025-01-09 13:34:26,923 - DEBUG - Starting new HTTP connection (1): pixabay.com:80
2025-01-09 13:34:26,984 - DEBUG - http://pixabay.com:80 "GET /api/?key=48133257-76310a353e67a7ce6140a42f4&q=medical+spa&per_page=10&image_type=photo&orientation=horizontal&safesearch=True HTTP/11" 301 167
2025-01-09 13:34:27,090 - DEBUG - https://pixabay.com:443 "GET /api/?key=48133257-76310a353e67a7ce6140a42f4&q=medical+spa&per_page=10&image_type=photo&orientation=horizontal&safesearch=True HTTP/11" 200 None
2025-01-09 13:34:27,096 - INFO - Pixabay results: 10
2025-01-09 13:34:27,097 - INFO - 
Trying Pexels search with query: medical spa
2025-01-09 13:34:27,097 - INFO - Using Pexels API key: RCoXOGDmjtszWCUwiM7a0s6gesH12E6Gugb6WdYdykYKsjNVK564JiKI
2025-01-09 13:34:27,097 - INFO - Making request to Pexels API...
2025-01-09 13:34:27,099 - DEBUG - Starting new HTTPS connection (1): api.pexels.com:443
2025-01-09 13:34:27,711 - DEBUG - https://api.pexels.com:443 "GET /v1/search?query=medical+spa&per_page=10&orientation=landscape HTTP/11" 200 None
2025-01-09 13:34:27,714 - INFO - Pexels response status: 200
2025-01-09 13:34:27,715 - INFO - Pexels response headers: {'Date': 'Thu, 09 Jan 2025 18:33:50 GMT', 'Content-Type': 'application/json; charset=utf-8', 'Transfer-Encoding': 'chunked', 'Connection': 'keep-alive', 'CF-Ray': '8ff68497b9999c2b-IAD', 'CF-Cache-Status': 'HIT', 'Access-Control-Allow-Origin': '*', 'Age': '1420', 'Cache-Control': 'max-age=86400', 'ETag': 'W/"b7a957a9c9914b630fe13f20a03f303f"', 'Expires': 'Fri, 10 Jan 2025 18:33:50 GMT', 'Access-Control-Allow-Headers': 'Accept, Content-Type, Content-Length, Accept-Encoding, Authorization, User-Agent', 'x-frame-options': 'SAMEORIGIN', 'X-Ratelimit-Limit': '25000', 'X-Ratelimit-Remaining': '24973', 'X-Ratelimit-Reset': '1739038210', 'x-request-id': '0dd4a95f-e0d8-4177-b708-abaa41298f47', 'x-runtime': '0.205086', 'Set-Cookie': '__cf_bm=03JDiudTfxGUuiugOqCpXkHhNAGDUFUaaoRmpBqjjj4-1736447630-1.0.1.1-AocZiTdAkNGkH1PtkJjcfUxR7q7QUiU9mIGvcw4MX5tR.KWIz2O20JskfV6RL5O4LgETfuFbS169c5UK9aLkwA; path=/; expires=Thu, 09-Jan-25 19:03:50 GMT; domain=.pexels.com; HttpOnly; Secure; SameSite=None, _cfuvid=dCpNkH8E3Ax8nU2v5HPxdDyZYnozvM1Qmqo2T7YUZFI-1736447630130-0.0.1.1-604800000; path=/; domain=.pexels.com; HttpOnly; Secure; SameSite=None', 'Vary': 'Accept-Encoding', 'Server': 'cloudflare', 'Content-Encoding': 'gzip', 'alt-svc': 'h3=":443"; ma=86400'}
2025-01-09 13:34:27,715 - INFO - Pexels response data: {'page': 1, 'per_page': 10, 'photos': [{'id': 16131207, 'width': 5666, 'height': 3777, 'url': 'https://www.pexels.com/photo/woman-during-facial-treatment-16131207/', 'photographer': 'Omar Medina', 'photographer_url': 'https://www.pexels.com/@omarmedinaoficial', 'photographer_id': 16618519, 'avg_color': '#C1C1C3', 'src': {'original': 'https://images.pexels.com/photos/16131207/pexels-photo-16131207.jpeg', 'large2x': 'https://images.pexels.com/photos/16131207/pexels-photo-16131207.jpeg?auto=compres...
2025-01-09 13:34:27,716 - INFO - Successfully processed 10 Pexels images
2025-01-09 13:34:27,718 - INFO - Pexels results: 10
2025-01-09 13:34:27,718 - INFO - Total results: 20
2025-01-09 13:34:27,719 - INFO - 127.0.0.1 - - [09/Jan/2025 13:34:27] "GET /search?query=medical%20spa&t=1736447666362 HTTP/1.1" 200 -
2025-01-09 13:34:40,646 - INFO - 
Searching Pixabay for: medical spa
2025-01-09 13:34:40,648 - DEBUG - Starting new HTTPS connection (1): pixabay.com:443
2025-01-09 13:34:41,246 - DEBUG - https://pixabay.com:443 "GET /api?key=48133257-76310a353e67a7ce6140a42f4&q=medical+spa&per_page=10&image_type=photo&orientation=horizontal&safesearch=True HTTP/11" 301 None
2025-01-09 13:34:41,249 - DEBUG - Starting new HTTP connection (1): pixabay.com:80
2025-01-09 13:34:41,331 - DEBUG - http://pixabay.com:80 "GET /api/?key=48133257-76310a353e67a7ce6140a42f4&q=medical+spa&per_page=10&image_type=photo&orientation=horizontal&safesearch=True HTTP/11" 301 167
2025-01-09 13:34:41,431 - DEBUG - https://pixabay.com:443 "GET /api/?key=48133257-76310a353e67a7ce6140a42f4&q=medical+spa&per_page=10&image_type=photo&orientation=horizontal&safesearch=True HTTP/11" 200 None
2025-01-09 13:34:41,435 - INFO - Pixabay results: 10
2025-01-09 13:34:41,435 - INFO - 
Trying Pexels search with query: medical spa
2025-01-09 13:34:41,435 - INFO - Using Pexels API key: RCoXOGDmjtszWCUwiM7a0s6gesH12E6Gugb6WdYdykYKsjNVK564JiKI
2025-01-09 13:34:41,436 - INFO - Making request to Pexels API...
2025-01-09 13:34:41,437 - DEBUG - Starting new HTTPS connection (1): api.pexels.com:443
2025-01-09 13:34:42,162 - DEBUG - https://api.pexels.com:443 "GET /v1/search?query=medical+spa&per_page=10&orientation=landscape HTTP/11" 200 None
2025-01-09 13:34:42,166 - INFO - Pexels response status: 200
2025-01-09 13:34:42,167 - INFO - Pexels response headers: {'Date': 'Thu, 09 Jan 2025 18:34:04 GMT', 'Content-Type': 'application/json; charset=utf-8', 'Transfer-Encoding': 'chunked', 'Connection': 'keep-alive', 'CF-Ray': '8ff684f18fd8289a-IAD', 'CF-Cache-Status': 'HIT', 'Access-Control-Allow-Origin': '*', 'Age': '1434', 'Cache-Control': 'max-age=86400', 'ETag': 'W/"b7a957a9c9914b630fe13f20a03f303f"', 'Expires': 'Fri, 10 Jan 2025 18:34:04 GMT', 'Access-Control-Allow-Headers': 'Accept, Content-Type, Content-Length, Accept-Encoding, Authorization, User-Agent', 'x-frame-options': 'SAMEORIGIN', 'X-Ratelimit-Limit': '25000', 'X-Ratelimit-Remaining': '24972', 'X-Ratelimit-Reset': '1739038210', 'x-request-id': '0dd4a95f-e0d8-4177-b708-abaa41298f47', 'x-runtime': '0.205086', 'Set-Cookie': '__cf_bm=BoiUOaZUfO57lcxudgKd9qGjLO.XeyscqxzCp9gzGck-1736447644-1.0.1.1-R7JaUTVfFwxnaJg7eMPrpg.RKl0Kc.MwrTU0eGBT4YHpNCpH3_LlcAv_fsK69vwKbEtifPHT8Ouzk83zMkhw.Q; path=/; expires=Thu, 09-Jan-25 19:04:04 GMT; domain=.pexels.com; HttpOnly; Secure; SameSite=None, _cfuvid=ZCHZLkfqNDUG5mOmG63zHYOUvMTfnjKjNskiCBFa21U-1736447644579-0.0.1.1-604800000; path=/; domain=.pexels.com; HttpOnly; Secure; SameSite=None', 'Vary': 'Accept-Encoding', 'Server': 'cloudflare', 'Content-Encoding': 'gzip', 'alt-svc': 'h3=":443"; ma=86400'}
2025-01-09 13:34:42,168 - INFO - Pexels response data: {'page': 1, 'per_page': 10, 'photos': [{'id': 16131207, 'width': 5666, 'height': 3777, 'url': 'https://www.pexels.com/photo/woman-during-facial-treatment-16131207/', 'photographer': 'Omar Medina', 'photographer_url': 'https://www.pexels.com/@omarmedinaoficial', 'photographer_id': 16618519, 'avg_color': '#C1C1C3', 'src': {'original': 'https://images.pexels.com/photos/16131207/pexels-photo-16131207.jpeg', 'large2x': 'https://images.pexels.com/photos/16131207/pexels-photo-16131207.jpeg?auto=compres...
2025-01-09 13:34:42,168 - INFO - Successfully processed 10 Pexels images
2025-01-09 13:34:42,170 - INFO - Pexels results: 10
2025-01-09 13:34:42,170 - INFO - Total results: 20
2025-01-09 13:34:42,171 - INFO - 127.0.0.1 - - [09/Jan/2025 13:34:42] "GET /search?query=medical%20spa&t=1736447680644 HTTP/1.1" 200 -
2025-01-09 13:34:44,201 - INFO - 
Searching Pixabay for: medical spa
2025-01-09 13:34:44,203 - DEBUG - Starting new HTTPS connection (1): pixabay.com:443
2025-01-09 13:34:44,800 - DEBUG - https://pixabay.com:443 "GET /api?key=48133257-76310a353e67a7ce6140a42f4&q=medical+spa&per_page=10&image_type=photo&orientation=horizontal&safesearch=True HTTP/11" 301 None
2025-01-09 13:34:44,802 - DEBUG - Starting new HTTP connection (1): pixabay.com:80
2025-01-09 13:34:44,878 - DEBUG - http://pixabay.com:80 "GET /api/?key=48133257-76310a353e67a7ce6140a42f4&q=medical+spa&per_page=10&image_type=photo&orientation=horizontal&safesearch=True HTTP/11" 301 167
2025-01-09 13:34:45,013 - DEBUG - https://pixabay.com:443 "GET /api/?key=48133257-76310a353e67a7ce6140a42f4&q=medical+spa&per_page=10&image_type=photo&orientation=horizontal&safesearch=True HTTP/11" 200 None
2025-01-09 13:34:45,017 - INFO - Pixabay results: 10
2025-01-09 13:34:45,017 - INFO - 
Trying Pexels search with query: medical spa
2025-01-09 13:34:45,017 - INFO - Using Pexels API key: RCoXOGDmjtszWCUwiM7a0s6gesH12E6Gugb6WdYdykYKsjNVK564JiKI
2025-01-09 13:34:45,017 - INFO - Making request to Pexels API...
2025-01-09 13:34:45,019 - DEBUG - Starting new HTTPS connection (1): api.pexels.com:443
2025-01-09 13:34:45,732 - DEBUG - https://api.pexels.com:443 "GET /v1/search?query=medical+spa&per_page=10&orientation=landscape HTTP/11" 200 None
2025-01-09 13:34:45,733 - INFO - Pexels response status: 200
2025-01-09 13:34:45,734 - INFO - Pexels response headers: {'Date': 'Thu, 09 Jan 2025 18:34:08 GMT', 'Content-Type': 'application/json; charset=utf-8', 'Transfer-Encoding': 'chunked', 'Connection': 'keep-alive', 'CF-Ray': '8ff685088a1ec9b7-IAD', 'CF-Cache-Status': 'HIT', 'Access-Control-Allow-Origin': '*', 'Age': '1438', 'Cache-Control': 'max-age=86400', 'ETag': 'W/"b7a957a9c9914b630fe13f20a03f303f"', 'Expires': 'Fri, 10 Jan 2025 18:34:08 GMT', 'Access-Control-Allow-Headers': 'Accept, Content-Type, Content-Length, Accept-Encoding, Authorization, User-Agent', 'x-frame-options': 'SAMEORIGIN', 'X-Ratelimit-Limit': '25000', 'X-Ratelimit-Remaining': '24971', 'X-Ratelimit-Reset': '1739038210', 'x-request-id': '0dd4a95f-e0d8-4177-b708-abaa41298f47', 'x-runtime': '0.205086', 'Set-Cookie': '__cf_bm=l8OYNHE..yd9FiCj.EVLG7tH.RMh51NFnZB2.WVrfOU-1736447648-1.0.1.1-QkGhPWBvdYI1YB_.hnpR_URqe8YYHxHt1GlcHLpncAOCfCxhR3QJ8U211KlXp.qpRYOvPcy.c7AGJrYM8zoP1g; path=/; expires=Thu, 09-Jan-25 19:04:08 GMT; domain=.pexels.com; HttpOnly; Secure; SameSite=None, _cfuvid=QlpqgLJRrO_PKqVoZPWDcRMcfEplT_4p0F3ZCUqR5LQ-1736447648149-0.0.1.1-604800000; path=/; domain=.pexels.com; HttpOnly; Secure; SameSite=None', 'Vary': 'Accept-Encoding', 'Server': 'cloudflare', 'Content-Encoding': 'gzip', 'alt-svc': 'h3=":443"; ma=86400'}
2025-01-09 13:34:45,734 - INFO - Pexels response data: {'page': 1, 'per_page': 10, 'photos': [{'id': 16131207, 'width': 5666, 'height': 3777, 'url': 'https://www.pexels.com/photo/woman-during-facial-treatment-16131207/', 'photographer': 'Omar Medina', 'photographer_url': 'https://www.pexels.com/@omarmedinaoficial', 'photographer_id': 16618519, 'avg_color': '#C1C1C3', 'src': {'original': 'https://images.pexels.com/photos/16131207/pexels-photo-16131207.jpeg', 'large2x': 'https://images.pexels.com/photos/16131207/pexels-photo-16131207.jpeg?auto=compres...
2025-01-09 13:34:45,735 - INFO - Successfully processed 10 Pexels images
2025-01-09 13:34:45,736 - INFO - Pexels results: 10
2025-01-09 13:34:45,736 - INFO - Total results: 20
2025-01-09 13:34:45,736 - INFO - 127.0.0.1 - - [09/Jan/2025 13:34:45] "GET /search?query=medical%20spa&t=1736447683891 HTTP/1.1" 200 -
2025-01-09 13:34:48,653 - INFO - 
Searching Pixabay for: medical spa
2025-01-09 13:34:48,655 - DEBUG - Starting new HTTPS connection (1): pixabay.com:443
2025-01-09 13:34:49,248 - DEBUG - https://pixabay.com:443 "GET /api?key=48133257-76310a353e67a7ce6140a42f4&q=medical+spa&per_page=10&image_type=photo&orientation=horizontal&safesearch=True HTTP/11" 301 None
2025-01-09 13:34:49,250 - DEBUG - Starting new HTTP connection (1): pixabay.com:80
2025-01-09 13:34:49,313 - DEBUG - http://pixabay.com:80 "GET /api/?key=48133257-76310a353e67a7ce6140a42f4&q=medical+spa&per_page=10&image_type=photo&orientation=horizontal&safesearch=True HTTP/11" 301 167
2025-01-09 13:34:49,446 - DEBUG - https://pixabay.com:443 "GET /api/?key=48133257-76310a353e67a7ce6140a42f4&q=medical+spa&per_page=10&image_type=photo&orientation=horizontal&safesearch=True HTTP/11" 200 None
2025-01-09 13:34:49,450 - INFO - Pixabay results: 10
2025-01-09 13:34:49,450 - INFO - 
Trying Pexels search with query: medical spa
2025-01-09 13:34:49,451 - INFO - Using Pexels API key: RCoXOGDmjtszWCUwiM7a0s6gesH12E6Gugb6WdYdykYKsjNVK564JiKI
2025-01-09 13:34:49,451 - INFO - Making request to Pexels API...
2025-01-09 13:34:49,452 - DEBUG - Starting new HTTPS connection (1): api.pexels.com:443
2025-01-09 13:34:50,171 - DEBUG - https://api.pexels.com:443 "GET /v1/search?query=medical+spa&per_page=10&orientation=landscape HTTP/11" 200 None
2025-01-09 13:34:50,173 - INFO - Pexels response status: 200
2025-01-09 13:34:50,173 - INFO - Pexels response headers: {'Date': 'Thu, 09 Jan 2025 18:34:12 GMT', 'Content-Type': 'application/json; charset=utf-8', 'Transfer-Encoding': 'chunked', 'Connection': 'keep-alive', 'CF-Ray': '8ff68523af15c953-IAD', 'CF-Cache-Status': 'HIT', 'Access-Control-Allow-Origin': '*', 'Age': '1442', 'Cache-Control': 'max-age=86400', 'ETag': 'W/"b7a957a9c9914b630fe13f20a03f303f"', 'Expires': 'Fri, 10 Jan 2025 18:34:12 GMT', 'Access-Control-Allow-Headers': 'Accept, Content-Type, Content-Length, Accept-Encoding, Authorization, User-Agent', 'x-frame-options': 'SAMEORIGIN', 'X-Ratelimit-Limit': '25000', 'X-Ratelimit-Remaining': '24970', 'X-Ratelimit-Reset': '1739038210', 'x-request-id': '0dd4a95f-e0d8-4177-b708-abaa41298f47', 'x-runtime': '0.205086', 'Set-Cookie': '__cf_bm=Emz2Jipt.LvU2_aC_5kFqnjqLTHbbbmG9G74fgHni94-1736447652-1.0.1.1-G_woqqsrsEZ3ZQgZNUTAQ9oTfKpNBGMnPoytAAeT93FIy_fgpVs5Iu76Xs9Z_y0nsfJPdefniVTPP7_k_ETBCA; path=/; expires=Thu, 09-Jan-25 19:04:12 GMT; domain=.pexels.com; HttpOnly; Secure; SameSite=None, _cfuvid=hjEZ_GmyjQjYsyP11I4MleUt6vi3.4pQyJW7vA6bj.A-1736447652589-0.0.1.1-604800000; path=/; domain=.pexels.com; HttpOnly; Secure; SameSite=None', 'Vary': 'Accept-Encoding', 'Server': 'cloudflare', 'Content-Encoding': 'gzip', 'alt-svc': 'h3=":443"; ma=86400'}
2025-01-09 13:34:50,175 - INFO - Pexels response data: {'page': 1, 'per_page': 10, 'photos': [{'id': 16131207, 'width': 5666, 'height': 3777, 'url': 'https://www.pexels.com/photo/woman-during-facial-treatment-16131207/', 'photographer': 'Omar Medina', 'photographer_url': 'https://www.pexels.com/@omarmedinaoficial', 'photographer_id': 16618519, 'avg_color': '#C1C1C3', 'src': {'original': 'https://images.pexels.com/photos/16131207/pexels-photo-16131207.jpeg', 'large2x': 'https://images.pexels.com/photos/16131207/pexels-photo-16131207.jpeg?auto=compres...
2025-01-09 13:34:50,175 - INFO - Successfully processed 10 Pexels images
2025-01-09 13:34:50,177 - INFO - Pexels results: 10
2025-01-09 13:34:50,177 - INFO - Total results: 20
2025-01-09 13:34:50,177 - INFO - 127.0.0.1 - - [09/Jan/2025 13:34:50] "GET /search?query=medical%20spa&t=1736447688651 HTTP/1.1" 200 -
2025-01-09 13:34:52,260 - INFO - 
Searching Pixabay for: medical spa
2025-01-09 13:34:52,262 - DEBUG - Starting new HTTPS connection (1): pixabay.com:443
2025-01-09 13:34:52,865 - DEBUG - https://pixabay.com:443 "GET /api?key=48133257-76310a353e67a7ce6140a42f4&q=medical+spa&per_page=10&image_type=photo&orientation=horizontal&safesearch=True HTTP/11" 301 None
2025-01-09 13:34:52,867 - DEBUG - Starting new HTTP connection (1): pixabay.com:80
2025-01-09 13:34:52,944 - DEBUG - http://pixabay.com:80 "GET /api/?key=48133257-76310a353e67a7ce6140a42f4&q=medical+spa&per_page=10&image_type=photo&orientation=horizontal&safesearch=True HTTP/11" 301 167
2025-01-09 13:34:53,103 - DEBUG - https://pixabay.com:443 "GET /api/?key=48133257-76310a353e67a7ce6140a42f4&q=medical+spa&per_page=10&image_type=photo&orientation=horizontal&safesearch=True HTTP/11" 200 None
2025-01-09 13:34:53,109 - INFO - Pixabay results: 10
2025-01-09 13:34:53,109 - INFO - 
Trying Pexels search with query: medical spa
2025-01-09 13:34:53,109 - INFO - Using Pexels API key: RCoXOGDmjtszWCUwiM7a0s6gesH12E6Gugb6WdYdykYKsjNVK564JiKI
2025-01-09 13:34:53,109 - INFO - Making request to Pexels API...
2025-01-09 13:34:53,111 - DEBUG - Starting new HTTPS connection (1): api.pexels.com:443
2025-01-09 13:34:53,774 - DEBUG - https://api.pexels.com:443 "GET /v1/search?query=medical+spa&per_page=10&orientation=landscape HTTP/11" 200 None
2025-01-09 13:34:53,777 - INFO - Pexels response status: 200
2025-01-09 13:34:53,778 - INFO - Pexels response headers: {'Date': 'Thu, 09 Jan 2025 18:34:16 GMT', 'Content-Type': 'application/json; charset=utf-8', 'Transfer-Encoding': 'chunked', 'Connection': 'keep-alive', 'CF-Ray': '8ff6853a88c53b0b-IAD', 'CF-Cache-Status': 'HIT', 'Access-Control-Allow-Origin': '*', 'Age': '1446', 'Cache-Control': 'max-age=86400', 'ETag': 'W/"b7a957a9c9914b630fe13f20a03f303f"', 'Expires': 'Fri, 10 Jan 2025 18:34:16 GMT', 'Access-Control-Allow-Headers': 'Accept, Content-Type, Content-Length, Accept-Encoding, Authorization, User-Agent', 'x-frame-options': 'SAMEORIGIN', 'X-Ratelimit-Limit': '25000', 'X-Ratelimit-Remaining': '24969', 'X-Ratelimit-Reset': '1739038210', 'x-request-id': '0dd4a95f-e0d8-4177-b708-abaa41298f47', 'x-runtime': '0.205086', 'Set-Cookie': '__cf_bm=2m_xjdVte5u5AatiUx.HoOxJKhlODEw.WCQXESMheNM-1736447656-1.0.1.1-DfYBd5wS8GWwR.Nkv3p5wv1wfO1kffvJ0lgXFSj9ESsTHh3cZLovDY6X5lLJwNwzo3aQqzBYZQPMcfa2LFV3Dg; path=/; expires=Thu, 09-Jan-25 19:04:16 GMT; domain=.pexels.com; HttpOnly; Secure; SameSite=None, _cfuvid=G_Gqa9MTmRwOwqK5TeK8k2a1IJ8.p74AA5qKU.ERwzg-1736447656191-0.0.1.1-604800000; path=/; domain=.pexels.com; HttpOnly; Secure; SameSite=None', 'Vary': 'Accept-Encoding', 'Server': 'cloudflare', 'Content-Encoding': 'gzip', 'alt-svc': 'h3=":443"; ma=86400'}
2025-01-09 13:34:53,778 - INFO - Pexels response data: {'page': 1, 'per_page': 10, 'photos': [{'id': 16131207, 'width': 5666, 'height': 3777, 'url': 'https://www.pexels.com/photo/woman-during-facial-treatment-16131207/', 'photographer': 'Omar Medina', 'photographer_url': 'https://www.pexels.com/@omarmedinaoficial', 'photographer_id': 16618519, 'avg_color': '#C1C1C3', 'src': {'original': 'https://images.pexels.com/photos/16131207/pexels-photo-16131207.jpeg', 'large2x': 'https://images.pexels.com/photos/16131207/pexels-photo-16131207.jpeg?auto=compres...
2025-01-09 13:34:53,779 - INFO - Successfully processed 10 Pexels images
2025-01-09 13:34:53,780 - INFO - Pexels results: 10
2025-01-09 13:34:53,781 - INFO - Total results: 20
2025-01-09 13:34:53,782 - INFO - 127.0.0.1 - - [09/Jan/2025 13:34:53] "GET /search?query=medical%20spa&t=1736447691947 HTTP/1.1" 200 -
2025-01-09 13:34:58,198 - INFO - 
Searching Pixabay for: botox
2025-01-09 13:34:58,199 - DEBUG - Starting new HTTPS connection (1): pixabay.com:443
2025-01-09 13:34:58,787 - DEBUG - https://pixabay.com:443 "GET /api?key=48133257-76310a353e67a7ce6140a42f4&q=botox&per_page=10&image_type=photo&orientation=horizontal&safesearch=True HTTP/11" 301 None
2025-01-09 13:34:58,789 - DEBUG - Starting new HTTP connection (1): pixabay.com:80
2025-01-09 13:34:58,858 - DEBUG - http://pixabay.com:80 "GET /api/?key=48133257-76310a353e67a7ce6140a42f4&q=botox&per_page=10&image_type=photo&orientation=horizontal&safesearch=True HTTP/11" 301 167
2025-01-09 13:34:59,012 - DEBUG - https://pixabay.com:443 "GET /api/?key=48133257-76310a353e67a7ce6140a42f4&q=botox&per_page=10&image_type=photo&orientation=horizontal&safesearch=True HTTP/11" 200 None
2025-01-09 13:34:59,014 - INFO - Pixabay results: 3
2025-01-09 13:34:59,015 - INFO - 
Trying Pexels search with query: botox
2025-01-09 13:34:59,015 - INFO - Using Pexels API key: RCoXOGDmjtszWCUwiM7a0s6gesH12E6Gugb6WdYdykYKsjNVK564JiKI
2025-01-09 13:34:59,015 - INFO - Making request to Pexels API...
2025-01-09 13:34:59,017 - DEBUG - Starting new HTTPS connection (1): api.pexels.com:443
2025-01-09 13:34:59,672 - DEBUG - https://api.pexels.com:443 "GET /v1/search?query=botox&per_page=10&orientation=landscape HTTP/11" 200 None
2025-01-09 13:34:59,676 - INFO - Pexels response status: 200
2025-01-09 13:34:59,677 - INFO - Pexels response headers: {'Date': 'Thu, 09 Jan 2025 18:34:22 GMT', 'Content-Type': 'application/json; charset=utf-8', 'Transfer-Encoding': 'chunked', 'Connection': 'keep-alive', 'CF-Ray': '8ff6855f6f1cd684-IAD', 'CF-Cache-Status': 'HIT', 'Access-Control-Allow-Origin': '*', 'Age': '577', 'Cache-Control': 'max-age=86400', 'ETag': 'W/"4638b588c1f4934b618ec84529803d10"', 'Expires': 'Fri, 10 Jan 2025 18:34:22 GMT', 'Access-Control-Allow-Headers': 'Accept, Content-Type, Content-Length, Accept-Encoding, Authorization, User-Agent', 'x-frame-options': 'SAMEORIGIN', 'X-Ratelimit-Limit': '25000', 'X-Ratelimit-Remaining': '24968', 'X-Ratelimit-Reset': '1739038210', 'x-request-id': '1aa55990-b881-486a-8de1-573a8ff8a35c', 'x-runtime': '0.097854', 'Set-Cookie': '__cf_bm=5p4EJeZpRioUAt.BL0lQkFnT.g9iJ4xJro4_TFFfX8Q-1736447662-1.0.1.1-c56b4ayPA7aVgCx6LSDl04gtzt_6PiLs_9I1KNxOwX7IQAtqi3ksxBGSycAc6Vi0fXVn.gyN9IlFonQ0S7Kigg; path=/; expires=Thu, 09-Jan-25 19:04:22 GMT; domain=.pexels.com; HttpOnly; Secure; SameSite=None, _cfuvid=Lynl0ZkMSbcbcInFNPlax9Ef5SMEKni9XQq2ZrB46Ww-1736447662088-0.0.1.1-604800000; path=/; domain=.pexels.com; HttpOnly; Secure; SameSite=None', 'Vary': 'Accept-Encoding', 'Server': 'cloudflare', 'Content-Encoding': 'gzip', 'alt-svc': 'h3=":443"; ma=86400'}
2025-01-09 13:34:59,678 - INFO - Pexels response data: {'page': 1, 'per_page': 10, 'photos': [{'id': 3985311, 'width': 6000, 'height': 4000, 'url': 'https://www.pexels.com/photo/woman-getting-a-face-botox-3985311/', 'photographer': 'Gustavo Fring', 'photographer_url': 'https://www.pexels.com/@gustavo-fring', 'photographer_id': 2206740, 'avg_color': '#A49486', 'src': {'original': 'https://images.pexels.com/photos/3985311/pexels-photo-3985311.jpeg', 'large2x': 'https://images.pexels.com/photos/3985311/pexels-photo-3985311.jpeg?auto=compress&cs=tinysrg...
2025-01-09 13:34:59,678 - INFO - Successfully processed 10 Pexels images
2025-01-09 13:34:59,679 - INFO - Pexels results: 10
2025-01-09 13:34:59,680 - INFO - Total results: 13
2025-01-09 13:34:59,681 - INFO - 127.0.0.1 - - [09/Jan/2025 13:34:59] "GET /search?query=botox&t=1736447698196 HTTP/1.1" 200 -
2025-01-09 13:35:09,528 - INFO - 
Searching Pixabay for: botox
2025-01-09 13:35:09,530 - DEBUG - Starting new HTTPS connection (1): pixabay.com:443
2025-01-09 13:35:10,100 - DEBUG - https://pixabay.com:443 "GET /api?key=48133257-76310a353e67a7ce6140a42f4&q=botox&per_page=10&image_type=photo&orientation=horizontal&safesearch=True HTTP/11" 301 None
2025-01-09 13:35:10,102 - DEBUG - Starting new HTTP connection (1): pixabay.com:80
2025-01-09 13:35:10,176 - DEBUG - http://pixabay.com:80 "GET /api/?key=48133257-76310a353e67a7ce6140a42f4&q=botox&per_page=10&image_type=photo&orientation=horizontal&safesearch=True HTTP/11" 301 167
2025-01-09 13:35:10,376 - DEBUG - https://pixabay.com:443 "GET /api/?key=48133257-76310a353e67a7ce6140a42f4&q=botox&per_page=10&image_type=photo&orientation=horizontal&safesearch=True HTTP/11" 200 None
2025-01-09 13:35:10,379 - INFO - Pixabay results: 3
2025-01-09 13:35:10,380 - INFO - 
Trying Pexels search with query: botox
2025-01-09 13:35:10,380 - INFO - Using Pexels API key: RCoXOGDmjtszWCUwiM7a0s6gesH12E6Gugb6WdYdykYKsjNVK564JiKI
2025-01-09 13:35:10,380 - INFO - Making request to Pexels API...
2025-01-09 13:35:10,382 - DEBUG - Starting new HTTPS connection (1): api.pexels.com:443
2025-01-09 13:35:11,118 - DEBUG - https://api.pexels.com:443 "GET /v1/search?query=botox&per_page=10&orientation=landscape HTTP/11" 200 None
2025-01-09 13:35:11,119 - INFO - Pexels response status: 200
2025-01-09 13:35:11,119 - INFO - Pexels response headers: {'Date': 'Thu, 09 Jan 2025 18:34:33 GMT', 'Content-Type': 'application/json; charset=utf-8', 'Transfer-Encoding': 'chunked', 'Connection': 'keep-alive', 'CF-Ray': '8ff685a6a9050660-IAD', 'CF-Cache-Status': 'HIT', 'Access-Control-Allow-Origin': '*', 'Age': '588', 'Cache-Control': 'max-age=86400', 'ETag': 'W/"4638b588c1f4934b618ec84529803d10"', 'Expires': 'Fri, 10 Jan 2025 18:34:33 GMT', 'Access-Control-Allow-Headers': 'Accept, Content-Type, Content-Length, Accept-Encoding, Authorization, User-Agent', 'x-frame-options': 'SAMEORIGIN', 'X-Ratelimit-Limit': '25000', 'X-Ratelimit-Remaining': '24967', 'X-Ratelimit-Reset': '1739038210', 'x-request-id': '1aa55990-b881-486a-8de1-573a8ff8a35c', 'x-runtime': '0.097854', 'Set-Cookie': '__cf_bm=gRLHJZ1ucY3sDlohXy3Jd_Bm3iAM4KqUhsGKY9sfxi8-1736447673-1.0.1.1-QOK1qJgDKdqYqNMi.j0Z1Awzb1.WWINadIHd4I8E4FIk46lkLID6d_W53LP0S6QotVccEAZZaKaLjyke3JwkhQ; path=/; expires=Thu, 09-Jan-25 19:04:33 GMT; domain=.pexels.com; HttpOnly; Secure; SameSite=None, _cfuvid=rfpvmmvbEoJJuJ2519OGkXoM.xdAkgGi0nFt_u0s89U-1736447673535-0.0.1.1-604800000; path=/; domain=.pexels.com; HttpOnly; Secure; SameSite=None', 'Vary': 'Accept-Encoding', 'Server': 'cloudflare', 'Content-Encoding': 'gzip', 'alt-svc': 'h3=":443"; ma=86400'}
2025-01-09 13:35:11,120 - INFO - Pexels response data: {'page': 1, 'per_page': 10, 'photos': [{'id': 3985311, 'width': 6000, 'height': 4000, 'url': 'https://www.pexels.com/photo/woman-getting-a-face-botox-3985311/', 'photographer': 'Gustavo Fring', 'photographer_url': 'https://www.pexels.com/@gustavo-fring', 'photographer_id': 2206740, 'avg_color': '#A49486', 'src': {'original': 'https://images.pexels.com/photos/3985311/pexels-photo-3985311.jpeg', 'large2x': 'https://images.pexels.com/photos/3985311/pexels-photo-3985311.jpeg?auto=compress&cs=tinysrg...
2025-01-09 13:35:11,120 - INFO - Successfully processed 10 Pexels images
2025-01-09 13:35:11,122 - INFO - Pexels results: 10
2025-01-09 13:35:11,122 - INFO - Total results: 13
2025-01-09 13:35:11,123 - INFO - 127.0.0.1 - - [09/Jan/2025 13:35:11] "GET /search?query=botox&t=1736447709211 HTTP/1.1" 200 -
2025-01-09 13:35:12,333 - INFO - 
Searching Pixabay for: botox
2025-01-09 13:35:12,335 - DEBUG - Starting new HTTPS connection (1): pixabay.com:443
2025-01-09 13:35:12,935 - DEBUG - https://pixabay.com:443 "GET /api?key=48133257-76310a353e67a7ce6140a42f4&q=botox&per_page=10&image_type=photo&orientation=horizontal&safesearch=True HTTP/11" 301 None
2025-01-09 13:35:12,937 - DEBUG - Starting new HTTP connection (1): pixabay.com:80
2025-01-09 13:35:13,004 - DEBUG - http://pixabay.com:80 "GET /api/?key=48133257-76310a353e67a7ce6140a42f4&q=botox&per_page=10&image_type=photo&orientation=horizontal&safesearch=True HTTP/11" 301 167
2025-01-09 13:35:13,142 - DEBUG - https://pixabay.com:443 "GET /api/?key=48133257-76310a353e67a7ce6140a42f4&q=botox&per_page=10&image_type=photo&orientation=horizontal&safesearch=True HTTP/11" 200 None
2025-01-09 13:35:13,146 - INFO - Pixabay results: 3
2025-01-09 13:35:13,146 - INFO - 
Trying Pexels search with query: botox
2025-01-09 13:35:13,146 - INFO - Using Pexels API key: RCoXOGDmjtszWCUwiM7a0s6gesH12E6Gugb6WdYdykYKsjNVK564JiKI
2025-01-09 13:35:13,147 - INFO - Making request to Pexels API...
2025-01-09 13:35:13,148 - DEBUG - Starting new HTTPS connection (1): api.pexels.com:443
2025-01-09 13:35:13,836 - DEBUG - https://api.pexels.com:443 "GET /v1/search?query=botox&per_page=10&orientation=landscape HTTP/11" 200 None
2025-01-09 13:35:13,838 - INFO - Pexels response status: 200
2025-01-09 13:35:13,838 - INFO - Pexels response headers: {'Date': 'Thu, 09 Jan 2025 18:34:36 GMT', 'Content-Type': 'application/json; charset=utf-8', 'Transfer-Encoding': 'chunked', 'Connection': 'keep-alive', 'CF-Ray': '8ff685b7b90781c9-IAD', 'CF-Cache-Status': 'HIT', 'Access-Control-Allow-Origin': '*', 'Age': '591', 'Cache-Control': 'max-age=86400', 'ETag': 'W/"4638b588c1f4934b618ec84529803d10"', 'Expires': 'Fri, 10 Jan 2025 18:34:36 GMT', 'Access-Control-Allow-Headers': 'Accept, Content-Type, Content-Length, Accept-Encoding, Authorization, User-Agent', 'x-frame-options': 'SAMEORIGIN', 'X-Ratelimit-Limit': '25000', 'X-Ratelimit-Remaining': '24966', 'X-Ratelimit-Reset': '1739038210', 'x-request-id': '1aa55990-b881-486a-8de1-573a8ff8a35c', 'x-runtime': '0.097854', 'Set-Cookie': '__cf_bm=jG2oowbGvgVONH0P_STPrpzV7fDT47CmRA9hz8wQwlQ-1736447676-1.0.1.1-tc7iIxCsaAgPwQFijKm0iiIoJ7NnByXQqJlDo7_JH1vc0o0XwQZ31u5qPhEVLfpsZ3E1_ttjYqOxY7IdADh4Mw; path=/; expires=Thu, 09-Jan-25 19:04:36 GMT; domain=.pexels.com; HttpOnly; Secure; SameSite=None, _cfuvid=QK9lalcSBcAX2omGJpE6O1VAt8vBAn62ZUvF3Vb3u6Q-1736447676254-0.0.1.1-604800000; path=/; domain=.pexels.com; HttpOnly; Secure; SameSite=None', 'Vary': 'Accept-Encoding', 'Server': 'cloudflare', 'Content-Encoding': 'gzip', 'alt-svc': 'h3=":443"; ma=86400'}
2025-01-09 13:35:13,839 - INFO - Pexels response data: {'page': 1, 'per_page': 10, 'photos': [{'id': 3985311, 'width': 6000, 'height': 4000, 'url': 'https://www.pexels.com/photo/woman-getting-a-face-botox-3985311/', 'photographer': 'Gustavo Fring', 'photographer_url': 'https://www.pexels.com/@gustavo-fring', 'photographer_id': 2206740, 'avg_color': '#A49486', 'src': {'original': 'https://images.pexels.com/photos/3985311/pexels-photo-3985311.jpeg', 'large2x': 'https://images.pexels.com/photos/3985311/pexels-photo-3985311.jpeg?auto=compress&cs=tinysrg...
2025-01-09 13:35:13,839 - INFO - Successfully processed 10 Pexels images
2025-01-09 13:35:13,841 - INFO - Pexels results: 10
2025-01-09 13:35:13,841 - INFO - Total results: 13
2025-01-09 13:35:13,842 - INFO - 127.0.0.1 - - [09/Jan/2025 13:35:13] "GET /search?query=botox&t=1736447712331 HTTP/1.1" 200 -
2025-01-09 13:35:16,897 - INFO - 
Downloading 3 images to c:\Users\Big Daddy Pyatt\CascadeProjects\subscriptions\nextjs-subscription-payments\SpotCircuit\medical_spa_offers\aeo_offer\assets\images
2025-01-09 13:35:16,898 - INFO - Downloading image (background) to: c:\Users\Big Daddy Pyatt\CascadeProjects\subscriptions\nextjs-subscription-payments\SpotCircuit\medical_spa_offers\aeo_offer\assets\images\background_010925_13_35_1.webp
2025-01-09 13:35:16,899 - DEBUG - Starting new HTTPS connection (1): pixabay.com:443
2025-01-09 13:35:17,741 - DEBUG - https://pixabay.com:443 "GET /get/ge66b956b42b8faf21002fc79e6a96aeeb326302b6d931e3918c1606f6edb3cee2f02bf2ebb34bedc924d8451cb4cce04319709b4beb648ed0b8584a7cc8810f8_1280.jpg HTTP/11" 200 490303
2025-01-09 13:35:17,986 - DEBUG - Importing BlpImagePlugin
2025-01-09 13:35:17,988 - DEBUG - Importing BmpImagePlugin
2025-01-09 13:35:17,988 - DEBUG - Importing BufrStubImagePlugin
2025-01-09 13:35:17,989 - DEBUG - Importing CurImagePlugin
2025-01-09 13:35:17,990 - DEBUG - Importing DcxImagePlugin
2025-01-09 13:35:17,991 - DEBUG - Importing DdsImagePlugin
2025-01-09 13:35:17,992 - DEBUG - Importing EpsImagePlugin
2025-01-09 13:35:17,995 - DEBUG - Importing FitsImagePlugin
2025-01-09 13:35:17,996 - DEBUG - Importing FliImagePlugin
2025-01-09 13:35:17,996 - DEBUG - Importing FpxImagePlugin
2025-01-09 13:35:17,999 - DEBUG - Image: failed to import FpxImagePlugin: No module named 'olefile'
2025-01-09 13:35:17,999 - DEBUG - Importing FtexImagePlugin
2025-01-09 13:35:18,000 - DEBUG - Importing GbrImagePlugin
2025-01-09 13:35:18,001 - DEBUG - Importing GifImagePlugin
2025-01-09 13:35:18,001 - DEBUG - Importing GribStubImagePlugin
2025-01-09 13:35:18,002 - DEBUG - Importing Hdf5StubImagePlugin
2025-01-09 13:35:18,003 - DEBUG - Importing IcnsImagePlugin
2025-01-09 13:35:18,005 - DEBUG - Importing IcoImagePlugin
2025-01-09 13:35:18,006 - DEBUG - Importing ImImagePlugin
2025-01-09 13:35:18,007 - DEBUG - Importing ImtImagePlugin
2025-01-09 13:35:18,008 - DEBUG - Importing IptcImagePlugin
2025-01-09 13:35:18,009 - DEBUG - Importing JpegImagePlugin
2025-01-09 13:35:18,009 - DEBUG - Importing Jpeg2KImagePlugin
2025-01-09 13:35:18,009 - DEBUG - Importing McIdasImagePlugin
2025-01-09 13:35:18,010 - DEBUG - Importing MicImagePlugin
2025-01-09 13:35:18,012 - DEBUG - Image: failed to import MicImagePlugin: No module named 'olefile'
2025-01-09 13:35:18,012 - DEBUG - Importing MpegImagePlugin
2025-01-09 13:35:18,013 - DEBUG - Importing MpoImagePlugin
2025-01-09 13:35:18,021 - DEBUG - Importing MspImagePlugin
2025-01-09 13:35:18,022 - DEBUG - Importing PalmImagePlugin
2025-01-09 13:35:18,023 - DEBUG - Importing PcdImagePlugin
2025-01-09 13:35:18,024 - DEBUG - Importing PcxImagePlugin
2025-01-09 13:35:18,024 - DEBUG - Importing PdfImagePlugin
2025-01-09 13:35:18,031 - DEBUG - Importing PixarImagePlugin
2025-01-09 13:35:18,032 - DEBUG - Importing PngImagePlugin
2025-01-09 13:35:18,032 - DEBUG - Importing PpmImagePlugin
2025-01-09 13:35:18,032 - DEBUG - Importing PsdImagePlugin
2025-01-09 13:35:18,033 - DEBUG - Importing QoiImagePlugin
2025-01-09 13:35:18,034 - DEBUG - Importing SgiImagePlugin
2025-01-09 13:35:18,034 - DEBUG - Importing SpiderImagePlugin
2025-01-09 13:35:18,035 - DEBUG - Importing SunImagePlugin
2025-01-09 13:35:18,037 - DEBUG - Importing TgaImagePlugin
2025-01-09 13:35:18,038 - DEBUG - Importing TiffImagePlugin
2025-01-09 13:35:18,038 - DEBUG - Importing WebPImagePlugin
2025-01-09 13:35:18,040 - DEBUG - Importing WmfImagePlugin
2025-01-09 13:35:18,041 - DEBUG - Importing XbmImagePlugin
2025-01-09 13:35:18,042 - DEBUG - Importing XpmImagePlugin
2025-01-09 13:35:18,043 - DEBUG - Importing XVThumbImagePlugin
2025-01-09 13:35:18,714 - INFO - Successfully downloaded and converted: c:\Users\Big Daddy Pyatt\CascadeProjects\subscriptions\nextjs-subscription-payments\SpotCircuit\medical_spa_offers\aeo_offer\assets\images\background_010925_13_35_1.webp
2025-01-09 13:35:18,714 - INFO - Downloading image (treatment) to: c:\Users\Big Daddy Pyatt\CascadeProjects\subscriptions\nextjs-subscription-payments\SpotCircuit\medical_spa_offers\aeo_offer\assets\images\treatment_010925_13_35_2.webp
2025-01-09 13:35:18,716 - DEBUG - Starting new HTTPS connection (1): images.pexels.com:443
2025-01-09 13:35:19,455 - DEBUG - https://images.pexels.com:443 "GET /photos/4586741/pexels-photo-4586741.jpeg HTTP/11" 200 1948972
2025-01-09 13:35:20,050 - INFO - Successfully downloaded and converted: c:\Users\Big Daddy Pyatt\CascadeProjects\subscriptions\nextjs-subscription-payments\SpotCircuit\medical_spa_offers\aeo_offer\assets\images\treatment_010925_13_35_2.webp
2025-01-09 13:35:20,051 - INFO - Downloading image (treatment) to: c:\Users\Big Daddy Pyatt\CascadeProjects\subscriptions\nextjs-subscription-payments\SpotCircuit\medical_spa_offers\aeo_offer\assets\images\treatment_010925_13_35_3.webp
2025-01-09 13:35:20,053 - DEBUG - Starting new HTTPS connection (1): images.pexels.com:443
2025-01-09 13:35:20,663 - DEBUG - https://images.pexels.com:443 "GET /photos/4586708/pexels-photo-4586708.jpeg HTTP/11" 200 2377039
2025-01-09 13:35:21,428 - INFO - Successfully downloaded and converted: c:\Users\Big Daddy Pyatt\CascadeProjects\subscriptions\nextjs-subscription-payments\SpotCircuit\medical_spa_offers\aeo_offer\assets\images\treatment_010925_13_35_3.webp
2025-01-09 13:35:21,429 - INFO - 127.0.0.1 - - [09/Jan/2025 13:35:21] "POST /download HTTP/1.1" 200 -
2025-01-09 13:35:21,432 - INFO - 
Searching Pixabay for: botox
2025-01-09 13:35:21,434 - DEBUG - Starting new HTTPS connection (1): pixabay.com:443
2025-01-09 13:35:22,031 - DEBUG - https://pixabay.com:443 "GET /api?key=48133257-76310a353e67a7ce6140a42f4&q=botox&per_page=10&image_type=photo&orientation=horizontal&safesearch=True HTTP/11" 301 None
2025-01-09 13:35:22,032 - DEBUG - Starting new HTTP connection (1): pixabay.com:80
2025-01-09 13:35:22,100 - DEBUG - http://pixabay.com:80 "GET /api/?key=48133257-76310a353e67a7ce6140a42f4&q=botox&per_page=10&image_type=photo&orientation=horizontal&safesearch=True HTTP/11" 301 167
2025-01-09 13:35:22,228 - DEBUG - https://pixabay.com:443 "GET /api/?key=48133257-76310a353e67a7ce6140a42f4&q=botox&per_page=10&image_type=photo&orientation=horizontal&safesearch=True HTTP/11" 200 None
2025-01-09 13:35:22,232 - INFO - Pixabay results: 3
2025-01-09 13:35:22,232 - INFO - 
Trying Pexels search with query: botox
2025-01-09 13:35:22,233 - INFO - Using Pexels API key: RCoXOGDmjtszWCUwiM7a0s6gesH12E6Gugb6WdYdykYKsjNVK564JiKI
2025-01-09 13:35:22,233 - INFO - Making request to Pexels API...
2025-01-09 13:35:22,234 - DEBUG - Starting new HTTPS connection (1): api.pexels.com:443
2025-01-09 13:35:22,922 - DEBUG - https://api.pexels.com:443 "GET /v1/search?query=botox&per_page=10&orientation=landscape HTTP/11" 200 None
2025-01-09 13:35:22,923 - INFO - Pexels response status: 200
2025-01-09 13:35:22,923 - INFO - Pexels response headers: {'Date': 'Thu, 09 Jan 2025 18:34:45 GMT', 'Content-Type': 'application/json; charset=utf-8', 'Transfer-Encoding': 'chunked', 'Connection': 'keep-alive', 'CF-Ray': '8ff685f0adf239b6-IAD', 'CF-Cache-Status': 'HIT', 'Access-Control-Allow-Origin': '*', 'Age': '600', 'Cache-Control': 'max-age=86400', 'ETag': 'W/"4638b588c1f4934b618ec84529803d10"', 'Expires': 'Fri, 10 Jan 2025 18:34:45 GMT', 'Access-Control-Allow-Headers': 'Accept, Content-Type, Content-Length, Accept-Encoding, Authorization, User-Agent', 'x-frame-options': 'SAMEORIGIN', 'X-Ratelimit-Limit': '25000', 'X-Ratelimit-Remaining': '24965', 'X-Ratelimit-Reset': '1739038210', 'x-request-id': '1aa55990-b881-486a-8de1-573a8ff8a35c', 'x-runtime': '0.097854', 'Set-Cookie': '__cf_bm=0zweEPnq29O.2r7IkrytcEWDmf3NhCCn8JlFJUqKLq4-1736447685-1.0.1.1-Aaq5QL6LFQCTA6HjtxLVjpLT9QdFEAvt6VtEzdlECyBUjErAm6i2Lr2gcDr6PsUX1vWl7dWO2ZTb9FdfCQrPNQ; path=/; expires=Thu, 09-Jan-25 19:04:45 GMT; domain=.pexels.com; HttpOnly; Secure; SameSite=None, _cfuvid=SYwlU6fUqmqiPSwCiTTu88TytH7XoJqMTeYh3caAcyA-1736447685329-0.0.1.1-604800000; path=/; domain=.pexels.com; HttpOnly; Secure; SameSite=None', 'Vary': 'Accept-Encoding', 'Server': 'cloudflare', 'Content-Encoding': 'gzip', 'alt-svc': 'h3=":443"; ma=86400'}
2025-01-09 13:35:22,924 - INFO - Pexels response data: {'page': 1, 'per_page': 10, 'photos': [{'id': 3985311, 'width': 6000, 'height': 4000, 'url': 'https://www.pexels.com/photo/woman-getting-a-face-botox-3985311/', 'photographer': 'Gustavo Fring', 'photographer_url': 'https://www.pexels.com/@gustavo-fring', 'photographer_id': 2206740, 'avg_color': '#A49486', 'src': {'original': 'https://images.pexels.com/photos/3985311/pexels-photo-3985311.jpeg', 'large2x': 'https://images.pexels.com/photos/3985311/pexels-photo-3985311.jpeg?auto=compress&cs=tinysrg...
2025-01-09 13:35:22,924 - INFO - Successfully processed 10 Pexels images
2025-01-09 13:35:22,926 - INFO - Pexels results: 10
2025-01-09 13:35:22,927 - INFO - Total results: 13
2025-01-09 13:35:22,927 - INFO - 127.0.0.1 - - [09/Jan/2025 13:35:22] "GET /search?query=botox&t=1736447721430 HTTP/1.1" 200 -
2025-01-09 13:39:16,994 - INFO - 
=== Starting Pexels Image Finder ===
2025-01-09 13:39:16,994 - INFO - Server running on http://localhost:3800
2025-01-09 13:39:17,021 - INFO - [31m[1mWARNING: This is a development server. Do not use it in a production deployment. Use a production WSGI server instead.[0m
 * Running on http://127.0.0.1:3800
2025-01-09 13:39:17,022 - INFO - [33mPress CTRL+C to quit[0m
2025-01-09 13:39:17,029 - INFO -  * Restarting with stat
2025-01-09 13:39:17,619 - INFO - 
=== Starting Pexels Image Finder ===
2025-01-09 13:39:17,619 - INFO - Server running on http://localhost:3800
2025-01-09 13:39:17,636 - WARNING -  * Debugger is active!
2025-01-09 13:39:17,651 - INFO -  * Debugger PIN: 139-578-246
2025-01-09 13:40:24,262 - INFO - 
=== Starting Pexels Image Finder ===
2025-01-09 13:40:24,262 - INFO - Server running on http://localhost:3800
2025-01-09 13:40:24,291 - INFO - [31m[1mWARNING: This is a development server. Do not use it in a production deployment. Use a production WSGI server instead.[0m
 * Running on http://127.0.0.1:3800
2025-01-09 13:40:24,291 - INFO - [33mPress CTRL+C to quit[0m
2025-01-09 13:40:24,299 - INFO -  * Restarting with stat
2025-01-09 13:40:24,909 - INFO - 
=== Starting Pexels Image Finder ===
2025-01-09 13:40:24,909 - INFO - Server running on http://localhost:3800
2025-01-09 13:40:24,932 - WARNING -  * Debugger is active!
2025-01-09 13:40:24,961 - INFO -  * Debugger PIN: 139-578-246
2025-01-09 13:40:37,493 - INFO - 127.0.0.1 - - [09/Jan/2025 13:40:37] "GET / HTTP/1.1" 200 -
2025-01-09 13:40:37,615 - INFO - 
Searching Pixabay for: medical spa
2025-01-09 13:40:37,618 - DEBUG - Starting new HTTPS connection (1): pixabay.com:443
2025-01-09 13:40:38,267 - DEBUG - https://pixabay.com:443 "GET /api?key=48133257-76310a353e67a7ce6140a42f4&q=medical+spa&per_page=10&image_type=photo&orientation=horizontal&safesearch=True HTTP/11" 301 None
2025-01-09 13:40:38,269 - DEBUG - Starting new HTTP connection (1): pixabay.com:80
2025-01-09 13:40:38,335 - DEBUG - http://pixabay.com:80 "GET /api/?key=48133257-76310a353e67a7ce6140a42f4&q=medical+spa&per_page=10&image_type=photo&orientation=horizontal&safesearch=True HTTP/11" 301 167
2025-01-09 13:40:38,524 - DEBUG - https://pixabay.com:443 "GET /api/?key=48133257-76310a353e67a7ce6140a42f4&q=medical+spa&per_page=10&image_type=photo&orientation=horizontal&safesearch=True HTTP/11" 200 None
2025-01-09 13:40:38,528 - INFO - Pixabay results: 10
2025-01-09 13:40:38,528 - INFO - 
Trying Pexels search with query: medical spa
2025-01-09 13:40:38,529 - INFO - Using Pexels API key: RCoXOGDmjtszWCUwiM7a0s6gesH12E6Gugb6WdYdykYKsjNVK564JiKI
2025-01-09 13:40:38,529 - INFO - Making request to Pexels API...
2025-01-09 13:40:38,531 - DEBUG - Starting new HTTPS connection (1): api.pexels.com:443
2025-01-09 13:40:39,202 - DEBUG - https://api.pexels.com:443 "GET /v1/search?query=medical+spa&per_page=10&orientation=landscape HTTP/11" 200 None
2025-01-09 13:40:39,202 - INFO - Pexels response status: 200
2025-01-09 13:40:39,203 - INFO - Pexels response headers: {'Date': 'Thu, 09 Jan 2025 18:40:01 GMT', 'Content-Type': 'application/json; charset=utf-8', 'Transfer-Encoding': 'chunked', 'Connection': 'keep-alive', 'CF-Ray': '8ff68da9598882c3-IAD', 'CF-Cache-Status': 'HIT', 'Access-Control-Allow-Origin': '*', 'Age': '1791', 'Cache-Control': 'max-age=86400', 'ETag': 'W/"b7a957a9c9914b630fe13f20a03f303f"', 'Expires': 'Fri, 10 Jan 2025 18:40:01 GMT', 'Access-Control-Allow-Headers': 'Accept, Content-Type, Content-Length, Accept-Encoding, Authorization, User-Agent', 'x-frame-options': 'SAMEORIGIN', 'X-Ratelimit-Limit': '25000', 'X-Ratelimit-Remaining': '24964', 'X-Ratelimit-Reset': '1739038210', 'x-request-id': '0dd4a95f-e0d8-4177-b708-abaa41298f47', 'x-runtime': '0.205086', 'Set-Cookie': '__cf_bm=g6j7KwvuDyd2cNSOCwCuS8b7R1rPDA5Uk0wtXz5He3g-1736448001-1.0.1.1-TI.Qppx05_uc7xABEwmRy_cDDRBZ8N9ouHjtYJPXdwCK.fwhQDngYFufmhf4ta6lFttNE17.wXdzKtJ.nFQpuQ; path=/; expires=Thu, 09-Jan-25 19:10:01 GMT; domain=.pexels.com; HttpOnly; Secure; SameSite=None, _cfuvid=e5MmiyxPJEKBflZ8Y6_ctpRiET.6F.9MQXJnHqP6Zb4-1736448001617-0.0.1.1-604800000; path=/; domain=.pexels.com; HttpOnly; Secure; SameSite=None', 'Vary': 'Accept-Encoding', 'Server': 'cloudflare', 'Content-Encoding': 'gzip', 'alt-svc': 'h3=":443"; ma=86400'}
2025-01-09 13:40:39,203 - INFO - Pexels response data: {'page': 1, 'per_page': 10, 'photos': [{'id': 16131207, 'width': 5666, 'height': 3777, 'url': 'https://www.pexels.com/photo/woman-during-facial-treatment-16131207/', 'photographer': 'Omar Medina', 'photographer_url': 'https://www.pexels.com/@omarmedinaoficial', 'photographer_id': 16618519, 'avg_color': '#C1C1C3', 'src': {'original': 'https://images.pexels.com/photos/16131207/pexels-photo-16131207.jpeg', 'large2x': 'https://images.pexels.com/photos/16131207/pexels-photo-16131207.jpeg?auto=compres...
2025-01-09 13:40:39,204 - INFO - Successfully processed 10 Pexels images
2025-01-09 13:40:39,205 - INFO - Pexels results: 10
2025-01-09 13:40:39,205 - INFO - Total results: 20
2025-01-09 13:40:39,206 - INFO - 127.0.0.1 - - [09/Jan/2025 13:40:39] "GET /search?query=medical%20spa&t=1736448037613 HTTP/1.1" 200 -
2025-01-09 13:40:44,276 - INFO - 
Searching Pixabay for: medical spa
2025-01-09 13:40:44,278 - DEBUG - Starting new HTTPS connection (1): pixabay.com:443
2025-01-09 13:40:44,884 - DEBUG - https://pixabay.com:443 "GET /api?key=48133257-76310a353e67a7ce6140a42f4&q=medical+spa&per_page=10&image_type=photo&orientation=horizontal&safesearch=True HTTP/11" 301 None
2025-01-09 13:40:44,887 - DEBUG - Starting new HTTP connection (1): pixabay.com:80
2025-01-09 13:40:44,964 - DEBUG - http://pixabay.com:80 "GET /api/?key=48133257-76310a353e67a7ce6140a42f4&q=medical+spa&per_page=10&image_type=photo&orientation=horizontal&safesearch=True HTTP/11" 301 167
2025-01-09 13:40:45,092 - DEBUG - https://pixabay.com:443 "GET /api/?key=48133257-76310a353e67a7ce6140a42f4&q=medical+spa&per_page=10&image_type=photo&orientation=horizontal&safesearch=True HTTP/11" 200 None
2025-01-09 13:40:45,095 - INFO - Pixabay results: 10
2025-01-09 13:40:45,095 - INFO - 
Trying Pexels search with query: medical spa
2025-01-09 13:40:45,096 - INFO - Using Pexels API key: RCoXOGDmjtszWCUwiM7a0s6gesH12E6Gugb6WdYdykYKsjNVK564JiKI
2025-01-09 13:40:45,096 - INFO - Making request to Pexels API...
2025-01-09 13:40:45,097 - DEBUG - Starting new HTTPS connection (1): api.pexels.com:443
2025-01-09 13:40:45,698 - DEBUG - https://api.pexels.com:443 "GET /v1/search?query=medical+spa&per_page=10&orientation=landscape HTTP/11" 200 None
2025-01-09 13:40:45,700 - INFO - Pexels response status: 200
2025-01-09 13:40:45,701 - INFO - Pexels response headers: {'Date': 'Thu, 09 Jan 2025 18:40:08 GMT', 'Content-Type': 'application/json; charset=utf-8', 'Transfer-Encoding': 'chunked', 'Connection': 'keep-alive', 'CF-Ray': '8ff68dd24cab87af-IAD', 'CF-Cache-Status': 'HIT', 'Access-Control-Allow-Origin': '*', 'Age': '1798', 'Cache-Control': 'max-age=86400', 'ETag': 'W/"b7a957a9c9914b630fe13f20a03f303f"', 'Expires': 'Fri, 10 Jan 2025 18:40:08 GMT', 'Access-Control-Allow-Headers': 'Accept, Content-Type, Content-Length, Accept-Encoding, Authorization, User-Agent', 'x-frame-options': 'SAMEORIGIN', 'X-Ratelimit-Limit': '25000', 'X-Ratelimit-Remaining': '24963', 'X-Ratelimit-Reset': '1739038210', 'x-request-id': '0dd4a95f-e0d8-4177-b708-abaa41298f47', 'x-runtime': '0.205086', 'Set-Cookie': '__cf_bm=jFm0Zj5KvvHjh5we_YtTVHwF2Mw8IGLl7DoZy7pTKlg-1736448008-1.0.1.1-GXBqLuycZe5ZWddhLYlh9GGYmUG9.epBtjKXK3dWDksSgelOEd3Ery3mURCzDdq9wnBUS8.ZKfdydLBuAqKAsQ; path=/; expires=Thu, 09-Jan-25 19:10:08 GMT; domain=.pexels.com; HttpOnly; Secure; SameSite=None, _cfuvid=Jzo7CwSxyEU31MF_LdcNhKmPo3grUlZGqBNWFrWbKQc-1736448008112-0.0.1.1-604800000; path=/; domain=.pexels.com; HttpOnly; Secure; SameSite=None', 'Vary': 'Accept-Encoding', 'Server': 'cloudflare', 'Content-Encoding': 'gzip', 'alt-svc': 'h3=":443"; ma=86400'}
2025-01-09 13:40:45,701 - INFO - Pexels response data: {'page': 1, 'per_page': 10, 'photos': [{'id': 16131207, 'width': 5666, 'height': 3777, 'url': 'https://www.pexels.com/photo/woman-during-facial-treatment-16131207/', 'photographer': 'Omar Medina', 'photographer_url': 'https://www.pexels.com/@omarmedinaoficial', 'photographer_id': 16618519, 'avg_color': '#C1C1C3', 'src': {'original': 'https://images.pexels.com/photos/16131207/pexels-photo-16131207.jpeg', 'large2x': 'https://images.pexels.com/photos/16131207/pexels-photo-16131207.jpeg?auto=compres...
2025-01-09 13:40:45,702 - INFO - Successfully processed 10 Pexels images
2025-01-09 13:40:45,704 - INFO - Pexels results: 10
2025-01-09 13:40:45,704 - INFO - Total results: 20
2025-01-09 13:40:45,705 - INFO - 127.0.0.1 - - [09/Jan/2025 13:40:45] "GET /search?query=medical%20spa&t=1736448044273 HTTP/1.1" 200 -
2025-01-09 13:41:00,980 - INFO - 
Searching Pixabay for: medical spa
2025-01-09 13:41:00,982 - DEBUG - Starting new HTTPS connection (1): pixabay.com:443
2025-01-09 13:41:01,569 - DEBUG - https://pixabay.com:443 "GET /api?key=48133257-76310a353e67a7ce6140a42f4&q=medical+spa&per_page=10&image_type=photo&orientation=horizontal&safesearch=True HTTP/11" 301 None
2025-01-09 13:41:01,571 - DEBUG - Starting new HTTP connection (1): pixabay.com:80
2025-01-09 13:41:01,639 - DEBUG - http://pixabay.com:80 "GET /api/?key=48133257-76310a353e67a7ce6140a42f4&q=medical+spa&per_page=10&image_type=photo&orientation=horizontal&safesearch=True HTTP/11" 301 167
2025-01-09 13:41:01,745 - DEBUG - https://pixabay.com:443 "GET /api/?key=48133257-76310a353e67a7ce6140a42f4&q=medical+spa&per_page=10&image_type=photo&orientation=horizontal&safesearch=True HTTP/11" 200 None
2025-01-09 13:41:01,748 - INFO - Pixabay results: 10
2025-01-09 13:41:01,748 - INFO - 
Trying Pexels search with query: medical spa
2025-01-09 13:41:01,748 - INFO - Using Pexels API key: RCoXOGDmjtszWCUwiM7a0s6gesH12E6Gugb6WdYdykYKsjNVK564JiKI
2025-01-09 13:41:01,749 - INFO - Making request to Pexels API...
2025-01-09 13:41:01,750 - DEBUG - Starting new HTTPS connection (1): api.pexels.com:443
2025-01-09 13:41:02,483 - DEBUG - https://api.pexels.com:443 "GET /v1/search?query=medical+spa&per_page=10&orientation=landscape HTTP/11" 200 None
2025-01-09 13:41:02,485 - INFO - Pexels response status: 200
2025-01-09 13:41:02,485 - INFO - Pexels response headers: {'Date': 'Thu, 09 Jan 2025 18:40:24 GMT', 'Content-Type': 'application/json; charset=utf-8', 'Transfer-Encoding': 'chunked', 'Connection': 'keep-alive', 'CF-Ray': '8ff68e3b0a84172b-IAD', 'CF-Cache-Status': 'HIT', 'Access-Control-Allow-Origin': '*', 'Age': '1814', 'Cache-Control': 'max-age=86400', 'ETag': 'W/"b7a957a9c9914b630fe13f20a03f303f"', 'Expires': 'Fri, 10 Jan 2025 18:40:24 GMT', 'Access-Control-Allow-Headers': 'Accept, Content-Type, Content-Length, Accept-Encoding, Authorization, User-Agent', 'x-frame-options': 'SAMEORIGIN', 'X-Ratelimit-Limit': '25000', 'X-Ratelimit-Remaining': '24962', 'X-Ratelimit-Reset': '1739038210', 'x-request-id': '0dd4a95f-e0d8-4177-b708-abaa41298f47', 'x-runtime': '0.205086', 'Set-Cookie': '__cf_bm=u9GPSCXx6K9ZcCti0bWjFb0GpqPRo36dPB6VxDlbhRU-1736448024-1.0.1.1-xTlu4OMt2vep19bFin.dbqcpC_bKuLq6YBgvt2CkEjYqAvncnRzRFzqGTsIWuJe3WWj3iKO1gGlyZkCkkyJ0lg; path=/; expires=Thu, 09-Jan-25 19:10:24 GMT; domain=.pexels.com; HttpOnly; Secure; SameSite=None, _cfuvid=fgtussm8kzLzS_tuzdHgArtqH5.b5Kt2YyN2_nIN6QU-1736448024898-0.0.1.1-604800000; path=/; domain=.pexels.com; HttpOnly; Secure; SameSite=None', 'Vary': 'Accept-Encoding', 'Server': 'cloudflare', 'Content-Encoding': 'gzip', 'alt-svc': 'h3=":443"; ma=86400'}
2025-01-09 13:41:02,486 - INFO - Pexels response data: {'page': 1, 'per_page': 10, 'photos': [{'id': 16131207, 'width': 5666, 'height': 3777, 'url': 'https://www.pexels.com/photo/woman-during-facial-treatment-16131207/', 'photographer': 'Omar Medina', 'photographer_url': 'https://www.pexels.com/@omarmedinaoficial', 'photographer_id': 16618519, 'avg_color': '#C1C1C3', 'src': {'original': 'https://images.pexels.com/photos/16131207/pexels-photo-16131207.jpeg', 'large2x': 'https://images.pexels.com/photos/16131207/pexels-photo-16131207.jpeg?auto=compres...
2025-01-09 13:41:02,486 - INFO - Successfully processed 10 Pexels images
2025-01-09 13:41:02,488 - INFO - Pexels results: 10
2025-01-09 13:41:02,488 - INFO - Total results: 20
2025-01-09 13:41:02,489 - INFO - 127.0.0.1 - - [09/Jan/2025 13:41:02] "GET /search?query=medical%20spa&t=1736448060665 HTTP/1.1" 200 -
2025-01-09 13:41:06,203 - INFO - 
Searching Pixabay for: medical spa
2025-01-09 13:41:06,205 - DEBUG - Starting new HTTPS connection (1): pixabay.com:443
2025-01-09 13:41:06,762 - DEBUG - https://pixabay.com:443 "GET /api?key=48133257-76310a353e67a7ce6140a42f4&q=medical+spa&per_page=10&image_type=photo&orientation=horizontal&safesearch=True HTTP/11" 301 None
2025-01-09 13:41:06,765 - DEBUG - Starting new HTTP connection (1): pixabay.com:80
2025-01-09 13:41:06,823 - DEBUG - http://pixabay.com:80 "GET /api/?key=48133257-76310a353e67a7ce6140a42f4&q=medical+spa&per_page=10&image_type=photo&orientation=horizontal&safesearch=True HTTP/11" 301 167
2025-01-09 13:41:06,916 - DEBUG - https://pixabay.com:443 "GET /api/?key=48133257-76310a353e67a7ce6140a42f4&q=medical+spa&per_page=10&image_type=photo&orientation=horizontal&safesearch=True HTTP/11" 200 None
2025-01-09 13:41:06,921 - INFO - Pixabay results: 10
2025-01-09 13:41:06,922 - INFO - 
Trying Pexels search with query: medical spa
2025-01-09 13:41:06,922 - INFO - Using Pexels API key: RCoXOGDmjtszWCUwiM7a0s6gesH12E6Gugb6WdYdykYKsjNVK564JiKI
2025-01-09 13:41:06,922 - INFO - Making request to Pexels API...
2025-01-09 13:41:06,924 - DEBUG - Starting new HTTPS connection (1): api.pexels.com:443
2025-01-09 13:41:07,650 - DEBUG - https://api.pexels.com:443 "GET /v1/search?query=medical+spa&per_page=10&orientation=landscape HTTP/11" 200 None
2025-01-09 13:41:07,653 - INFO - Pexels response status: 200
2025-01-09 13:41:07,653 - INFO - Pexels response headers: {'Date': 'Thu, 09 Jan 2025 18:40:30 GMT', 'Content-Type': 'application/json; charset=utf-8', 'Transfer-Encoding': 'chunked', 'Connection': 'keep-alive', 'CF-Ray': '8ff68e5b2c511ff2-IAD', 'CF-Cache-Status': 'HIT', 'Access-Control-Allow-Origin': '*', 'Age': '1820', 'Cache-Control': 'max-age=86400', 'ETag': 'W/"b7a957a9c9914b630fe13f20a03f303f"', 'Expires': 'Fri, 10 Jan 2025 18:40:30 GMT', 'Access-Control-Allow-Headers': 'Accept, Content-Type, Content-Length, Accept-Encoding, Authorization, User-Agent', 'x-frame-options': 'SAMEORIGIN', 'X-Ratelimit-Limit': '25000', 'X-Ratelimit-Remaining': '24961', 'X-Ratelimit-Reset': '1739038210', 'x-request-id': '0dd4a95f-e0d8-4177-b708-abaa41298f47', 'x-runtime': '0.205086', 'Set-Cookie': '__cf_bm=fmp9w3uPhOBLaVoeKBP8eOWvK_nNDdl1b.4MBFqq3Bs-1736448030-1.0.1.1-ddxTawmhrq1R_3XE2CGUTvLyLkluBKphO0rTVOEaT3Dv0gWT2vjRM_cfhQZbnK2my7oC4tnsgOUk.jDRKBZsaA; path=/; expires=Thu, 09-Jan-25 19:10:30 GMT; domain=.pexels.com; HttpOnly; Secure; SameSite=None, _cfuvid=zEaYUJDtLVXGkBMbld59ubWcC66oMC_KXTRfRQEc1IA-1736448030064-0.0.1.1-604800000; path=/; domain=.pexels.com; HttpOnly; Secure; SameSite=None', 'Vary': 'Accept-Encoding', 'Server': 'cloudflare', 'Content-Encoding': 'gzip', 'alt-svc': 'h3=":443"; ma=86400'}
2025-01-09 13:41:07,654 - INFO - Pexels response data: {'page': 1, 'per_page': 10, 'photos': [{'id': 16131207, 'width': 5666, 'height': 3777, 'url': 'https://www.pexels.com/photo/woman-during-facial-treatment-16131207/', 'photographer': 'Omar Medina', 'photographer_url': 'https://www.pexels.com/@omarmedinaoficial', 'photographer_id': 16618519, 'avg_color': '#C1C1C3', 'src': {'original': 'https://images.pexels.com/photos/16131207/pexels-photo-16131207.jpeg', 'large2x': 'https://images.pexels.com/photos/16131207/pexels-photo-16131207.jpeg?auto=compres...
2025-01-09 13:41:07,655 - INFO - Successfully processed 10 Pexels images
2025-01-09 13:41:07,656 - INFO - Pexels results: 10
2025-01-09 13:41:07,656 - INFO - Total results: 20
2025-01-09 13:41:07,657 - INFO - 127.0.0.1 - - [09/Jan/2025 13:41:07] "GET /search?query=medical%20spa&t=1736448066201 HTTP/1.1" 200 -
2025-01-09 13:41:11,576 - INFO - 
Searching Pixabay for: medical spa
2025-01-09 13:41:11,578 - DEBUG - Starting new HTTPS connection (1): pixabay.com:443
2025-01-09 13:41:12,198 - DEBUG - https://pixabay.com:443 "GET /api?key=48133257-76310a353e67a7ce6140a42f4&q=medical+spa&per_page=10&image_type=photo&orientation=horizontal&safesearch=True HTTP/11" 301 None
2025-01-09 13:41:12,200 - DEBUG - Starting new HTTP connection (1): pixabay.com:80
2025-01-09 13:41:12,257 - DEBUG - http://pixabay.com:80 "GET /api/?key=48133257-76310a353e67a7ce6140a42f4&q=medical+spa&per_page=10&image_type=photo&orientation=horizontal&safesearch=True HTTP/11" 301 167
2025-01-09 13:41:12,351 - DEBUG - https://pixabay.com:443 "GET /api/?key=48133257-76310a353e67a7ce6140a42f4&q=medical+spa&per_page=10&image_type=photo&orientation=horizontal&safesearch=True HTTP/11" 200 None
2025-01-09 13:41:12,354 - INFO - Pixabay results: 10
2025-01-09 13:41:12,354 - INFO - 
Trying Pexels search with query: medical spa
2025-01-09 13:41:12,355 - INFO - Using Pexels API key: RCoXOGDmjtszWCUwiM7a0s6gesH12E6Gugb6WdYdykYKsjNVK564JiKI
2025-01-09 13:41:12,355 - INFO - Making request to Pexels API...
2025-01-09 13:41:12,356 - DEBUG - Starting new HTTPS connection (1): api.pexels.com:443
2025-01-09 13:41:13,065 - DEBUG - https://api.pexels.com:443 "GET /v1/search?query=medical+spa&per_page=10&orientation=landscape HTTP/11" 200 None
2025-01-09 13:41:13,067 - INFO - Pexels response status: 200
2025-01-09 13:41:13,067 - INFO - Pexels response headers: {'Date': 'Thu, 09 Jan 2025 18:40:35 GMT', 'Content-Type': 'application/json; charset=utf-8', 'Transfer-Encoding': 'chunked', 'Connection': 'keep-alive', 'CF-Ray': '8ff68e7d3f0d821a-IAD', 'CF-Cache-Status': 'HIT', 'Access-Control-Allow-Origin': '*', 'Age': '1825', 'Cache-Control': 'max-age=86400', 'ETag': 'W/"b7a957a9c9914b630fe13f20a03f303f"', 'Expires': 'Fri, 10 Jan 2025 18:40:35 GMT', 'Access-Control-Allow-Headers': 'Accept, Content-Type, Content-Length, Accept-Encoding, Authorization, User-Agent', 'x-frame-options': 'SAMEORIGIN', 'X-Ratelimit-Limit': '25000', 'X-Ratelimit-Remaining': '24960', 'X-Ratelimit-Reset': '1739038210', 'x-request-id': '0dd4a95f-e0d8-4177-b708-abaa41298f47', 'x-runtime': '0.205086', 'Set-Cookie': '__cf_bm=WcfZ9mMD7dsVrlogr_uSayJyBsyRIuxc.QM6jat92eg-1736448035-1.0.1.1-z_PfIhVu3sS5KFmSMpn4geTPQcwRomOykkGmqODjtfhP8vXel1WTzyVJm4Qlrj7oD9mAeuyqZnWxZxwpXlPnTw; path=/; expires=Thu, 09-Jan-25 19:10:35 GMT; domain=.pexels.com; HttpOnly; Secure; SameSite=None, _cfuvid=KOZm2z2j6xnxO1jvd9gd6v0Teyy5TsIma_wtnrkJNII-1736448035480-0.0.1.1-604800000; path=/; domain=.pexels.com; HttpOnly; Secure; SameSite=None', 'Vary': 'Accept-Encoding', 'Server': 'cloudflare', 'Content-Encoding': 'gzip', 'alt-svc': 'h3=":443"; ma=86400'}
2025-01-09 13:41:13,068 - INFO - Pexels response data: {'page': 1, 'per_page': 10, 'photos': [{'id': 16131207, 'width': 5666, 'height': 3777, 'url': 'https://www.pexels.com/photo/woman-during-facial-treatment-16131207/', 'photographer': 'Omar Medina', 'photographer_url': 'https://www.pexels.com/@omarmedinaoficial', 'photographer_id': 16618519, 'avg_color': '#C1C1C3', 'src': {'original': 'https://images.pexels.com/photos/16131207/pexels-photo-16131207.jpeg', 'large2x': 'https://images.pexels.com/photos/16131207/pexels-photo-16131207.jpeg?auto=compres...
2025-01-09 13:41:13,068 - INFO - Successfully processed 10 Pexels images
2025-01-09 13:41:13,070 - INFO - Pexels results: 10
2025-01-09 13:41:13,071 - INFO - Total results: 20
2025-01-09 13:41:13,072 - INFO - 127.0.0.1 - - [09/Jan/2025 13:41:13] "GET /search?query=medical%20spa&t=1736448071273 HTTP/1.1" 200 -
2025-01-09 13:42:20,148 - INFO -  * Detected change in 'c:\\Users\\Big Daddy Pyatt\\CascadeProjects\\subscriptions\\nextjs-subscription-payments\\spotcircuit\\medical_spa_offers\\aeo_offer\\utils\\image_finder_web.py', reloading
2025-01-09 13:42:20,204 - INFO -  * Restarting with stat
2025-01-09 13:42:20,254 - INFO -  * Detected change in 'c:\\Users\\Big Daddy Pyatt\\CascadeProjects\\subscriptions\\nextjs-subscription-payments\\spotcircuit\\medical_spa_offers\\aeo_offer\\utils\\image_finder_web.py', reloading
2025-01-09 13:42:20,273 - INFO -  * Detected change in 'c:\\Users\\Big Daddy Pyatt\\CascadeProjects\\subscriptions\\nextjs-subscription-payments\\spotcircuit\\medical_spa_offers\\aeo_offer\\utils\\image_finder_web.py', reloading
2025-01-09 13:42:20,321 - INFO -  * Restarting with stat
2025-01-09 13:42:20,353 - INFO -  * Restarting with stat
2025-01-09 13:42:20,427 - INFO -  * Detected change in 'c:\\Users\\Big Daddy Pyatt\\CascadeProjects\\subscriptions\\nextjs-subscription-payments\\spotcircuit\\medical_spa_offers\\aeo_offer\\utils\\image_finder_web.py', reloading
2025-01-09 13:42:20,507 - INFO -  * Restarting with stat
2025-01-09 13:42:20,637 - INFO -  * Detected change in 'c:\\Users\\Big Daddy Pyatt\\CascadeProjects\\subscriptions\\nextjs-subscription-payments\\spotcircuit\\medical_spa_offers\\aeo_offer\\utils\\image_finder_web.py', reloading
2025-01-09 13:42:20,723 - INFO -  * Restarting with stat
2025-01-09 13:42:20,844 - INFO -  * Detected change in 'c:\\Users\\Big Daddy Pyatt\\CascadeProjects\\subscriptions\\nextjs-subscription-payments\\SpotCircuit\\medical_spa_offers\\aeo_offer\\utils\\image_finder_web.py', reloading
2025-01-09 13:42:20,885 - INFO - 
=== Starting Pexels Image Finder ===
2025-01-09 13:42:20,886 - INFO - Server running on http://localhost:3800
2025-01-09 13:42:20,902 - INFO -  * Detected change in 'c:\\Users\\Big Daddy Pyatt\\CascadeProjects\\subscriptions\\nextjs-subscription-payments\\spotcircuit\\medical_spa_offers\\aeo_offer\\utils\\image_finder_web.py', reloading
2025-01-09 13:42:20,911 - WARNING -  * Debugger is active!
2025-01-09 13:42:20,934 - INFO -  * Debugger PIN: 139-578-246
2025-01-09 13:42:20,961 - INFO -  * Restarting with stat
2025-01-09 13:42:21,006 - INFO -  * Restarting with stat
2025-01-09 13:42:21,015 - INFO - 
=== Starting Pexels Image Finder ===
2025-01-09 13:42:21,016 - INFO - Server running on http://localhost:3800
2025-01-09 13:42:21,042 - WARNING -  * Debugger is active!
2025-01-09 13:42:21,048 - INFO - 
=== Starting Pexels Image Finder ===
2025-01-09 13:42:21,048 - INFO - Server running on http://localhost:3800
2025-01-09 13:42:21,064 - INFO -  * Debugger PIN: 139-578-246
2025-01-09 13:42:21,075 - WARNING -  * Debugger is active!
2025-01-09 13:42:21,084 - INFO -  * Detected change in 'c:\\Users\\Big Daddy Pyatt\\CascadeProjects\\subscriptions\\nextjs-subscription-payments\\spotcircuit\\medical_spa_offers\\aeo_offer\\utils\\image_finder_web.py', reloading
2025-01-09 13:42:21,099 - INFO -  * Debugger PIN: 139-578-246
2025-01-09 13:42:21,172 - INFO -  * Restarting with stat
2025-01-09 13:42:21,220 - INFO - 
=== Starting Pexels Image Finder ===
2025-01-09 13:42:21,221 - INFO - Server running on http://localhost:3800
2025-01-09 13:42:21,245 - WARNING -  * Debugger is active!
2025-01-09 13:42:21,268 - INFO -  * Debugger PIN: 139-578-246
2025-01-09 13:42:21,458 - INFO - 
=== Starting Pexels Image Finder ===
2025-01-09 13:42:21,458 - INFO - Server running on http://localhost:3800
2025-01-09 13:42:21,483 - WARNING -  * Debugger is active!
2025-01-09 13:42:21,506 - INFO -  * Debugger PIN: 139-578-246
2025-01-09 13:42:21,597 - INFO -  * Detected change in 'c:\\Users\\Big Daddy Pyatt\\CascadeProjects\\subscriptions\\nextjs-subscription-payments\\spotcircuit\\medical_spa_offers\\aeo_offer\\utils\\image_finder_web.py', reloading
2025-01-09 13:42:21,626 - INFO -  * Detected change in 'c:\\Users\\Big Daddy Pyatt\\CascadeProjects\\subscriptions\\nextjs-subscription-payments\\spotcircuit\\medical_spa_offers\\aeo_offer\\utils\\image_finder_web.py', reloading
2025-01-09 13:42:21,673 - INFO -  * Detected change in 'c:\\Users\\Big Daddy Pyatt\\CascadeProjects\\subscriptions\\nextjs-subscription-payments\\spotcircuit\\medical_spa_offers\\aeo_offer\\utils\\image_finder_web.py', reloading
2025-01-09 13:42:21,690 - INFO -  * Restarting with stat
2025-01-09 13:42:21,721 - INFO - 
=== Starting Pexels Image Finder ===
2025-01-09 13:42:21,722 - INFO - Server running on http://localhost:3800
2025-01-09 13:42:21,723 - INFO -  * Restarting with stat
2025-01-09 13:42:21,747 - INFO - 
=== Starting Pexels Image Finder ===
2025-01-09 13:42:21,747 - INFO - Server running on http://localhost:3800
2025-01-09 13:42:21,752 - WARNING -  * Debugger is active!
2025-01-09 13:42:21,775 - WARNING -  * Debugger is active!
2025-01-09 13:42:21,776 - INFO -  * Debugger PIN: 139-578-246
2025-01-09 13:42:21,777 - INFO -  * Restarting with stat
2025-01-09 13:42:21,797 - INFO -  * Debugger PIN: 139-578-246
2025-01-09 13:42:21,913 - INFO - 
=== Starting Pexels Image Finder ===
2025-01-09 13:42:21,913 - INFO - Server running on http://localhost:3800
2025-01-09 13:42:21,938 - WARNING -  * Debugger is active!
2025-01-09 13:42:21,961 - INFO -  * Debugger PIN: 139-578-246
2025-01-09 13:42:21,977 - INFO -  * Detected change in 'c:\\Users\\Big Daddy Pyatt\\CascadeProjects\\subscriptions\\nextjs-subscription-payments\\spotcircuit\\medical_spa_offers\\aeo_offer\\utils\\image_finder_web.py', reloading
2025-01-09 13:42:22,066 - INFO -  * Restarting with stat
2025-01-09 13:42:22,310 - INFO -  * Detected change in 'c:\\Users\\Big Daddy Pyatt\\CascadeProjects\\subscriptions\\nextjs-subscription-payments\\spotcircuit\\medical_spa_offers\\aeo_offer\\utils\\image_finder_web.py', reloading
2025-01-09 13:42:22,416 - INFO -  * Restarting with stat
2025-01-09 13:42:22,449 - INFO - 
=== Starting Pexels Image Finder ===
2025-01-09 13:42:22,450 - INFO - Server running on http://localhost:3800
2025-01-09 13:42:22,476 - WARNING -  * Debugger is active!
2025-01-09 13:42:22,486 - INFO - 
=== Starting Pexels Image Finder ===
2025-01-09 13:42:22,486 - INFO - Server running on http://localhost:3800
2025-01-09 13:42:22,499 - INFO -  * Debugger PIN: 139-578-246
2025-01-09 13:42:22,514 - WARNING -  * Debugger is active!
2025-01-09 13:42:22,554 - INFO - 
=== Starting Pexels Image Finder ===
2025-01-09 13:42:22,554 - INFO - Server running on http://localhost:3800
2025-01-09 13:42:22,567 - INFO -  * Debugger PIN: 139-578-246
2025-01-09 13:42:22,588 - WARNING -  * Debugger is active!
2025-01-09 13:42:22,612 - INFO -  * Debugger PIN: 139-578-246
2025-01-09 13:42:22,851 - INFO - 
=== Starting Pexels Image Finder ===
2025-01-09 13:42:22,851 - INFO - Server running on http://localhost:3800
2025-01-09 13:42:22,875 - WARNING -  * Debugger is active!
2025-01-09 13:42:22,898 - INFO -  * Debugger PIN: 139-578-246
2025-01-09 13:42:23,193 - INFO - 
=== Starting Pexels Image Finder ===
2025-01-09 13:42:23,194 - INFO - Server running on http://localhost:3800
2025-01-09 13:42:23,219 - WARNING -  * Debugger is active!
2025-01-09 13:42:23,245 - INFO -  * Debugger PIN: 139-578-246
2025-01-09 13:42:49,665 - INFO - 
=== Starting Pexels Image Finder ===
2025-01-09 13:42:49,665 - INFO - Server running on http://localhost:3800
2025-01-09 13:42:49,693 - INFO - [31m[1mWARNING: This is a development server. Do not use it in a production deployment. Use a production WSGI server instead.[0m
 * Running on http://127.0.0.1:3800
2025-01-09 13:42:49,694 - INFO - [33mPress CTRL+C to quit[0m
2025-01-09 13:42:49,701 - INFO -  * Restarting with stat
2025-01-09 13:42:50,318 - INFO - 
=== Starting Pexels Image Finder ===
2025-01-09 13:42:50,318 - INFO - Server running on http://localhost:3800
2025-01-09 13:42:50,335 - WARNING -  * Debugger is active!
2025-01-09 13:42:50,355 - INFO -  * Debugger PIN: 139-578-246
2025-01-09 13:43:29,811 - INFO -  * Detected change in 'c:\\Users\\Big Daddy Pyatt\\CascadeProjects\\subscriptions\\nextjs-subscription-payments\\spotcircuit\\medical_spa_offers\\aeo_offer\\utils\\image_finder_web.py', reloading
2025-01-09 13:43:29,880 - INFO -  * Restarting with stat
2025-01-09 13:43:30,015 - INFO -  * Detected change in 'c:\\Users\\Big Daddy Pyatt\\CascadeProjects\\subscriptions\\nextjs-subscription-payments\\spotcircuit\\medical_spa_offers\\aeo_offer\\utils\\image_finder_web.py', reloading
2025-01-09 13:43:30,073 - INFO -  * Restarting with stat
2025-01-09 13:43:30,485 - INFO - 
=== Starting Pexels Image Finder ===
2025-01-09 13:43:30,485 - INFO - Server running on http://localhost:3800
2025-01-09 13:43:30,499 - INFO -  * Detected change in 'c:\\Users\\Big Daddy Pyatt\\CascadeProjects\\subscriptions\\nextjs-subscription-payments\\spotcircuit\\medical_spa_offers\\aeo_offer\\utils\\image_finder_web.py', reloading
2025-01-09 13:43:30,510 - WARNING -  * Debugger is active!
2025-01-09 13:43:30,533 - INFO -  * Debugger PIN: 139-578-246
2025-01-09 13:43:30,581 - INFO -  * Restarting with stat
2025-01-09 13:43:30,606 - INFO -  * Detected change in 'c:\\Users\\Big Daddy Pyatt\\CascadeProjects\\subscriptions\\nextjs-subscription-payments\\spotcircuit\\medical_spa_offers\\aeo_offer\\utils\\image_finder_web.py', reloading
2025-01-09 13:43:30,684 - INFO -  * Restarting with stat
2025-01-09 13:43:30,717 - INFO - 
=== Starting Pexels Image Finder ===
2025-01-09 13:43:30,717 - INFO - Server running on http://localhost:3800
2025-01-09 13:43:30,744 - WARNING -  * Debugger is active!
2025-01-09 13:43:30,767 - INFO -  * Debugger PIN: 139-578-246
2025-01-09 13:43:30,992 - INFO -  * Detected change in 'c:\\Users\\Big Daddy Pyatt\\CascadeProjects\\subscriptions\\nextjs-subscription-payments\\spotcircuit\\medical_spa_offers\\aeo_offer\\utils\\image_finder_web.py', reloading
2025-01-09 13:43:31,085 - INFO -  * Restarting with stat
2025-01-09 13:43:31,154 - INFO -  * Detected change in 'c:\\Users\\Big Daddy Pyatt\\CascadeProjects\\subscriptions\\nextjs-subscription-payments\\spotcircuit\\medical_spa_offers\\aeo_offer\\utils\\image_finder_web.py', reloading
2025-01-09 13:43:31,260 - INFO -  * Restarting with stat
2025-01-09 13:43:31,344 - INFO - 
=== Starting Pexels Image Finder ===
2025-01-09 13:43:31,344 - INFO - Server running on http://localhost:3800
2025-01-09 13:43:31,371 - WARNING -  * Debugger is active!
2025-01-09 13:43:31,397 - INFO -  * Debugger PIN: 139-578-246
2025-01-09 13:43:31,467 - INFO - 
=== Starting Pexels Image Finder ===
2025-01-09 13:43:31,467 - INFO - Server running on http://localhost:3800
2025-01-09 13:43:31,493 - WARNING -  * Debugger is active!
2025-01-09 13:43:31,517 - INFO -  * Debugger PIN: 139-578-246
2025-01-09 13:43:31,590 - INFO -  * Detected change in 'c:\\Users\\Big Daddy Pyatt\\CascadeProjects\\subscriptions\\nextjs-subscription-payments\\spotcircuit\\medical_spa_offers\\aeo_offer\\utils\\image_finder_web.py', reloading
2025-01-09 13:43:31,686 - INFO -  * Restarting with stat
2025-01-09 13:43:31,878 - INFO - 
=== Starting Pexels Image Finder ===
2025-01-09 13:43:31,878 - INFO - Server running on http://localhost:3800
2025-01-09 13:43:31,884 - INFO -  * Detected change in 'c:\\Users\\Big Daddy Pyatt\\CascadeProjects\\subscriptions\\nextjs-subscription-payments\\SpotCircuit\\medical_spa_offers\\aeo_offer\\utils\\image_finder_web.py', reloading
2025-01-09 13:43:31,910 - WARNING -  * Debugger is active!
2025-01-09 13:43:31,927 - INFO -  * Detected change in 'c:\\Users\\Big Daddy Pyatt\\CascadeProjects\\subscriptions\\nextjs-subscription-payments\\spotcircuit\\medical_spa_offers\\aeo_offer\\utils\\image_finder_web.py', reloading
2025-01-09 13:43:31,933 - INFO -  * Debugger PIN: 139-578-246
2025-01-09 13:43:31,981 - INFO -  * Restarting with stat
2025-01-09 13:43:32,007 - INFO -  * Detected change in 'c:\\Users\\Big Daddy Pyatt\\CascadeProjects\\subscriptions\\nextjs-subscription-payments\\spotcircuit\\medical_spa_offers\\aeo_offer\\utils\\image_finder_web.py', reloading
2025-01-09 13:43:32,039 - INFO -  * Restarting with stat
2025-01-09 13:43:32,047 - INFO - 
=== Starting Pexels Image Finder ===
2025-01-09 13:43:32,047 - INFO - Server running on http://localhost:3800
2025-01-09 13:43:32,073 - WARNING -  * Debugger is active!
2025-01-09 13:43:32,098 - INFO -  * Debugger PIN: 139-578-246
2025-01-09 13:43:32,106 - INFO -  * Detected change in 'c:\\Users\\Big Daddy Pyatt\\CascadeProjects\\subscriptions\\nextjs-subscription-payments\\spotcircuit\\medical_spa_offers\\aeo_offer\\utils\\image_finder_web.py', reloading
2025-01-09 13:43:32,114 - INFO -  * Restarting with stat
2025-01-09 13:43:32,119 - INFO -  * Detected change in 'c:\\Users\\Big Daddy Pyatt\\CascadeProjects\\subscriptions\\nextjs-subscription-payments\\spotcircuit\\medical_spa_offers\\aeo_offer\\utils\\image_finder_web.py', reloading
2025-01-09 13:43:32,198 - INFO -  * Detected change in 'c:\\Users\\Big Daddy Pyatt\\CascadeProjects\\subscriptions\\nextjs-subscription-payments\\spotcircuit\\medical_spa_offers\\aeo_offer\\utils\\image_finder_web.py', reloading
2025-01-09 13:43:32,208 - INFO -  * Restarting with stat
2025-01-09 13:43:32,218 - INFO -  * Restarting with stat
2025-01-09 13:43:32,301 - INFO -  * Restarting with stat
2025-01-09 13:43:32,470 - INFO - 
=== Starting Pexels Image Finder ===
2025-01-09 13:43:32,470 - INFO - Server running on http://localhost:3800
2025-01-09 13:43:32,495 - WARNING -  * Debugger is active!
2025-01-09 13:43:32,518 - INFO -  * Debugger PIN: 139-578-246
2025-01-09 13:43:32,600 - INFO -  * Detected change in 'c:\\Users\\Big Daddy Pyatt\\CascadeProjects\\subscriptions\\nextjs-subscription-payments\\spotcircuit\\medical_spa_offers\\aeo_offer\\utils\\image_finder_web.py', reloading
2025-01-09 13:43:32,700 - INFO -  * Restarting with stat
2025-01-09 13:43:32,760 - INFO - 
=== Starting Pexels Image Finder ===
2025-01-09 13:43:32,761 - INFO - Server running on http://localhost:3800
2025-01-09 13:43:32,791 - WARNING -  * Debugger is active!
2025-01-09 13:43:32,808 - INFO - 
=== Starting Pexels Image Finder ===
2025-01-09 13:43:32,808 - INFO - Server running on http://localhost:3800
2025-01-09 13:43:32,817 - INFO -  * Debugger PIN: 139-578-246
2025-01-09 13:43:32,834 - WARNING -  * Debugger is active!
2025-01-09 13:43:32,858 - INFO -  * Debugger PIN: 139-578-246
2025-01-09 13:43:32,888 - INFO - 
=== Starting Pexels Image Finder ===
2025-01-09 13:43:32,888 - INFO - Server running on http://localhost:3800
2025-01-09 13:43:32,921 - WARNING -  * Debugger is active!
2025-01-09 13:43:32,946 - INFO -  * Debugger PIN: 139-578-246
2025-01-09 13:43:32,992 - INFO - 
=== Starting Pexels Image Finder ===
2025-01-09 13:43:32,993 - INFO - Server running on http://localhost:3800
2025-01-09 13:43:32,999 - INFO - 
=== Starting Pexels Image Finder ===
2025-01-09 13:43:33,000 - INFO - Server running on http://localhost:3800
2025-01-09 13:43:33,019 - WARNING -  * Debugger is active!
2025-01-09 13:43:33,027 - WARNING -  * Debugger is active!
2025-01-09 13:43:33,043 - INFO -  * Debugger PIN: 139-578-246
2025-01-09 13:43:33,053 - INFO -  * Debugger PIN: 139-578-246
2025-01-09 13:43:33,071 - INFO - 
=== Starting Pexels Image Finder ===
2025-01-09 13:43:33,071 - INFO - Server running on http://localhost:3800
2025-01-09 13:43:33,113 - WARNING -  * Debugger is active!
2025-01-09 13:43:33,138 - INFO -  * Debugger PIN: 139-578-246
2025-01-09 13:43:33,465 - INFO - 
=== Starting Pexels Image Finder ===
2025-01-09 13:43:33,466 - INFO - Server running on http://localhost:3800
2025-01-09 13:43:33,493 - WARNING -  * Debugger is active!
2025-01-09 13:43:33,516 - INFO -  * Debugger PIN: 139-578-246
2025-01-09 13:43:56,368 - INFO -  * Detected change in 'c:\\Users\\Big Daddy Pyatt\\CascadeProjects\\subscriptions\\nextjs-subscription-payments\\spotcircuit\\medical_spa_offers\\aeo_offer\\utils\\image_finder_web.py', reloading
2025-01-09 13:43:56,431 - INFO -  * Restarting with stat
2025-01-09 13:43:56,524 - INFO -  * Detected change in 'c:\\Users\\Big Daddy Pyatt\\CascadeProjects\\subscriptions\\nextjs-subscription-payments\\spotcircuit\\medical_spa_offers\\aeo_offer\\utils\\image_finder_web.py', reloading
2025-01-09 13:43:56,552 - INFO -  * Detected change in 'c:\\Users\\Big Daddy Pyatt\\CascadeProjects\\subscriptions\\nextjs-subscription-payments\\spotcircuit\\medical_spa_offers\\aeo_offer\\utils\\image_finder_web.py', reloading
2025-01-09 13:43:56,584 - INFO -  * Restarting with stat
2025-01-09 13:43:56,628 - INFO -  * Restarting with stat
2025-01-09 13:43:56,994 - INFO - 
=== Starting Pexels Image Finder ===
2025-01-09 13:43:56,995 - INFO - Server running on http://localhost:3800
2025-01-09 13:43:57,015 - WARNING -  * Debugger is active!
2025-01-09 13:43:57,037 - INFO -  * Debugger PIN: 139-578-246
2025-01-09 13:43:57,190 - INFO - 
=== Starting Pexels Image Finder ===
2025-01-09 13:43:57,190 - INFO - Server running on http://localhost:3800
2025-01-09 13:43:57,213 - WARNING -  * Debugger is active!
2025-01-09 13:43:57,236 - INFO -  * Debugger PIN: 139-578-246
2025-01-09 13:43:57,239 - INFO - 
=== Starting Pexels Image Finder ===
2025-01-09 13:43:57,239 - INFO - Server running on http://localhost:3800
2025-01-09 13:43:57,264 - WARNING -  * Debugger is active!
2025-01-09 13:43:57,286 - INFO -  * Debugger PIN: 139-578-246
2025-01-09 13:43:57,738 - INFO -  * Detected change in 'c:\\Users\\Big Daddy Pyatt\\CascadeProjects\\subscriptions\\nextjs-subscription-payments\\spotcircuit\\medical_spa_offers\\aeo_offer\\utils\\image_finder_web.py', reloading
2025-01-09 13:43:57,824 - INFO -  * Restarting with stat
2025-01-09 13:43:57,929 - INFO -  * Detected change in 'c:\\Users\\Big Daddy Pyatt\\CascadeProjects\\subscriptions\\nextjs-subscription-payments\\spotcircuit\\medical_spa_offers\\aeo_offer\\utils\\image_finder_web.py', reloading
2025-01-09 13:43:57,948 - INFO -  * Detected change in 'c:\\Users\\Big Daddy Pyatt\\CascadeProjects\\subscriptions\\nextjs-subscription-payments\\spotcircuit\\medical_spa_offers\\aeo_offer\\utils\\image_finder_web.py', reloading
2025-01-09 13:43:57,974 - INFO -  * Detected change in 'c:\\Users\\Big Daddy Pyatt\\CascadeProjects\\subscriptions\\nextjs-subscription-payments\\spotcircuit\\medical_spa_offers\\aeo_offer\\utils\\image_finder_web.py', reloading
2025-01-09 13:43:58,026 - INFO -  * Restarting with stat
2025-01-09 13:43:58,045 - INFO -  * Restarting with stat
2025-01-09 13:43:58,067 - INFO -  * Detected change in 'c:\\Users\\Big Daddy Pyatt\\CascadeProjects\\subscriptions\\nextjs-subscription-payments\\spotcircuit\\medical_spa_offers\\aeo_offer\\utils\\image_finder_web.py', reloading
2025-01-09 13:43:58,074 - INFO -  * Restarting with stat
2025-01-09 13:43:58,121 - INFO -  * Detected change in 'c:\\Users\\Big Daddy Pyatt\\CascadeProjects\\subscriptions\\nextjs-subscription-payments\\spotcircuit\\medical_spa_offers\\aeo_offer\\utils\\image_finder_web.py', reloading
2025-01-09 13:43:58,165 - INFO -  * Restarting with stat
2025-01-09 13:43:58,213 - INFO -  * Restarting with stat
2025-01-09 13:43:58,324 - INFO -  * Detected change in 'c:\\Users\\Big Daddy Pyatt\\CascadeProjects\\subscriptions\\nextjs-subscription-payments\\SpotCircuit\\medical_spa_offers\\aeo_offer\\utils\\image_finder_web.py', reloading
2025-01-09 13:43:58,327 - INFO -  * Detected change in 'c:\\Users\\Big Daddy Pyatt\\CascadeProjects\\subscriptions\\nextjs-subscription-payments\\spotcircuit\\medical_spa_offers\\aeo_offer\\utils\\image_finder_web.py', reloading
2025-01-09 13:43:58,411 - INFO -  * Detected change in 'c:\\Users\\Big Daddy Pyatt\\CascadeProjects\\subscriptions\\nextjs-subscription-payments\\spotcircuit\\medical_spa_offers\\aeo_offer\\utils\\image_finder_web.py', reloading
2025-01-09 13:43:58,433 - INFO -  * Restarting with stat
2025-01-09 13:43:58,437 - INFO -  * Restarting with stat
2025-01-09 13:43:58,528 - INFO -  * Restarting with stat
2025-01-09 13:43:58,559 - INFO -  * Detected change in 'c:\\Users\\Big Daddy Pyatt\\CascadeProjects\\subscriptions\\nextjs-subscription-payments\\spotcircuit\\medical_spa_offers\\aeo_offer\\utils\\image_finder_web.py', reloading
2025-01-09 13:43:58,626 - INFO - 
=== Starting Pexels Image Finder ===
2025-01-09 13:43:58,626 - INFO - Server running on http://localhost:3800
2025-01-09 13:43:58,653 - INFO -  * Detected change in 'c:\\Users\\Big Daddy Pyatt\\CascadeProjects\\subscriptions\\nextjs-subscription-payments\\spotcircuit\\medical_spa_offers\\aeo_offer\\utils\\image_finder_web.py', reloading
2025-01-09 13:43:58,656 - WARNING -  * Debugger is active!
2025-01-09 13:43:58,665 - INFO -  * Restarting with stat
2025-01-09 13:43:58,680 - INFO -  * Debugger PIN: 139-578-246
2025-01-09 13:43:58,782 - INFO -  * Restarting with stat
2025-01-09 13:43:58,812 - INFO - 
=== Starting Pexels Image Finder ===
2025-01-09 13:43:58,812 - INFO - Server running on http://localhost:3800
2025-01-09 13:43:58,835 - INFO - 
=== Starting Pexels Image Finder ===
2025-01-09 13:43:58,835 - INFO - Server running on http://localhost:3800
2025-01-09 13:43:58,844 - WARNING -  * Debugger is active!
2025-01-09 13:43:58,868 - INFO -  * Debugger PIN: 139-578-246
2025-01-09 13:43:58,873 - WARNING -  * Debugger is active!
2025-01-09 13:43:58,897 - INFO - 
=== Starting Pexels Image Finder ===
2025-01-09 13:43:58,897 - INFO - Server running on http://localhost:3800
2025-01-09 13:43:58,899 - INFO -  * Debugger PIN: 139-578-246
2025-01-09 13:43:58,928 - WARNING -  * Debugger is active!
2025-01-09 13:43:58,958 - INFO -  * Debugger PIN: 139-578-246
2025-01-09 13:43:58,988 - INFO - 
=== Starting Pexels Image Finder ===
2025-01-09 13:43:58,988 - INFO - Server running on http://localhost:3800
2025-01-09 13:43:59,021 - WARNING -  * Debugger is active!
2025-01-09 13:43:59,042 - INFO - 
=== Starting Pexels Image Finder ===
2025-01-09 13:43:59,042 - INFO - Server running on http://localhost:3800
2025-01-09 13:43:59,046 - INFO -  * Debugger PIN: 139-578-246
2025-01-09 13:43:59,068 - WARNING -  * Debugger is active!
2025-01-09 13:43:59,092 - INFO -  * Debugger PIN: 139-578-246
2025-01-09 13:43:59,247 - INFO - 
=== Starting Pexels Image Finder ===
2025-01-09 13:43:59,247 - INFO - Server running on http://localhost:3800
2025-01-09 13:43:59,250 - INFO - 
=== Starting Pexels Image Finder ===
2025-01-09 13:43:59,250 - INFO - Server running on http://localhost:3800
2025-01-09 13:43:59,276 - WARNING -  * Debugger is active!
2025-01-09 13:43:59,277 - WARNING -  * Debugger is active!
2025-01-09 13:43:59,300 - INFO -  * Debugger PIN: 139-578-246
2025-01-09 13:43:59,300 - INFO -  * Debugger PIN: 139-578-246
2025-01-09 13:43:59,333 - INFO - 
=== Starting Pexels Image Finder ===
2025-01-09 13:43:59,333 - INFO - Server running on http://localhost:3800
2025-01-09 13:43:59,360 - WARNING -  * Debugger is active!
2025-01-09 13:43:59,385 - INFO -  * Debugger PIN: 139-578-246
2025-01-09 13:43:59,509 - INFO - 
=== Starting Pexels Image Finder ===
2025-01-09 13:43:59,509 - INFO - Server running on http://localhost:3800
2025-01-09 13:43:59,533 - WARNING -  * Debugger is active!
2025-01-09 13:43:59,559 - INFO -  * Debugger PIN: 139-578-246
2025-01-09 13:43:59,571 - INFO - 
=== Starting Pexels Image Finder ===
2025-01-09 13:43:59,572 - INFO - Server running on http://localhost:3800
2025-01-09 13:43:59,597 - WARNING -  * Debugger is active!
2025-01-09 13:43:59,623 - INFO -  * Debugger PIN: 139-578-246
2025-01-09 13:45:42,275 - INFO -  * Detected change in 'c:\\Users\\Big Daddy Pyatt\\CascadeProjects\\subscriptions\\nextjs-subscription-payments\\spotcircuit\\medical_spa_offers\\aeo_offer\\utils\\image_finder_web.py', reloading
2025-01-09 13:45:42,345 - INFO -  * Restarting with stat
2025-01-09 13:45:42,528 - INFO -  * Detected change in 'c:\\Users\\Big Daddy Pyatt\\CascadeProjects\\subscriptions\\nextjs-subscription-payments\\spotcircuit\\medical_spa_offers\\aeo_offer\\utils\\image_finder_web.py', reloading
2025-01-09 13:45:42,591 - INFO -  * Detected change in 'c:\\Users\\Big Daddy Pyatt\\CascadeProjects\\subscriptions\\nextjs-subscription-payments\\spotcircuit\\medical_spa_offers\\aeo_offer\\utils\\image_finder_web.py', reloading
2025-01-09 13:45:42,612 - INFO -  * Restarting with stat
2025-01-09 13:45:42,680 - INFO -  * Restarting with stat
2025-01-09 13:45:42,877 - INFO -  * Detected change in 'c:\\Users\\Big Daddy Pyatt\\CascadeProjects\\subscriptions\\nextjs-subscription-payments\\spotcircuit\\medical_spa_offers\\aeo_offer\\utils\\image_finder_web.py', reloading
2025-01-09 13:45:42,964 - INFO -  * Restarting with stat
2025-01-09 13:45:43,020 - INFO - 
=== Starting Pexels Image Finder ===
2025-01-09 13:45:43,021 - INFO - Server running on http://localhost:3800
2025-01-09 13:45:43,045 - WARNING -  * Debugger is active!
2025-01-09 13:45:43,068 - INFO -  * Debugger PIN: 139-578-246
2025-01-09 13:45:43,177 - INFO -  * Detected change in 'c:\\Users\\Big Daddy Pyatt\\CascadeProjects\\subscriptions\\nextjs-subscription-payments\\spotcircuit\\medical_spa_offers\\aeo_offer\\utils\\image_finder_web.py', reloading
2025-01-09 13:45:43,217 - INFO -  * Detected change in 'c:\\Users\\Big Daddy Pyatt\\CascadeProjects\\subscriptions\\nextjs-subscription-payments\\spotcircuit\\medical_spa_offers\\aeo_offer\\utils\\image_finder_web.py', reloading
2025-01-09 13:45:43,267 - INFO -  * Restarting with stat
2025-01-09 13:45:43,312 - INFO - 
=== Starting Pexels Image Finder ===
2025-01-09 13:45:43,313 - INFO - Server running on http://localhost:3800
2025-01-09 13:45:43,314 - INFO -  * Restarting with stat
2025-01-09 13:45:43,349 - WARNING -  * Debugger is active!
2025-01-09 13:45:43,372 - INFO -  * Debugger PIN: 139-578-246
2025-01-09 13:45:43,385 - INFO - 
=== Starting Pexels Image Finder ===
2025-01-09 13:45:43,386 - INFO - Server running on http://localhost:3800
2025-01-09 13:45:43,413 - WARNING -  * Debugger is active!
2025-01-09 13:45:43,436 - INFO -  * Debugger PIN: 139-578-246
2025-01-09 13:45:43,548 - INFO -  * Detected change in 'c:\\Users\\Big Daddy Pyatt\\CascadeProjects\\subscriptions\\nextjs-subscription-payments\\spotcircuit\\medical_spa_offers\\aeo_offer\\utils\\image_finder_web.py', reloading
2025-01-09 13:45:43,635 - INFO -  * Restarting with stat
2025-01-09 13:45:43,703 - INFO - 
=== Starting Pexels Image Finder ===
2025-01-09 13:45:43,703 - INFO - Server running on http://localhost:3800
2025-01-09 13:45:43,729 - WARNING -  * Debugger is active!
2025-01-09 13:45:43,753 - INFO -  * Debugger PIN: 139-578-246
2025-01-09 13:45:43,969 - INFO -  * Detected change in 'c:\\Users\\Big Daddy Pyatt\\CascadeProjects\\subscriptions\\nextjs-subscription-payments\\SpotCircuit\\medical_spa_offers\\aeo_offer\\utils\\image_finder_web.py', reloading
2025-01-09 13:45:43,978 - INFO -  * Detected change in 'c:\\Users\\Big Daddy Pyatt\\CascadeProjects\\subscriptions\\nextjs-subscription-payments\\spotcircuit\\medical_spa_offers\\aeo_offer\\utils\\image_finder_web.py', reloading
2025-01-09 13:45:44,028 - INFO - 
=== Starting Pexels Image Finder ===
2025-01-09 13:45:44,029 - INFO - Server running on http://localhost:3800
2025-01-09 13:45:44,055 - INFO -  * Detected change in 'c:\\Users\\Big Daddy Pyatt\\CascadeProjects\\subscriptions\\nextjs-subscription-payments\\spotcircuit\\medical_spa_offers\\aeo_offer\\utils\\image_finder_web.py', reloading
2025-01-09 13:45:44,062 - WARNING -  * Debugger is active!
2025-01-09 13:45:44,074 - INFO -  * Restarting with stat
2025-01-09 13:45:44,076 - INFO -  * Restarting with stat
2025-01-09 13:45:44,083 - INFO - 
=== Starting Pexels Image Finder ===
2025-01-09 13:45:44,083 - INFO - Server running on http://localhost:3800
2025-01-09 13:45:44,084 - INFO -  * Debugger PIN: 139-578-246
2025-01-09 13:45:44,113 - WARNING -  * Debugger is active!
2025-01-09 13:45:44,130 - INFO -  * Detected change in 'c:\\Users\\Big Daddy Pyatt\\CascadeProjects\\subscriptions\\nextjs-subscription-payments\\spotcircuit\\medical_spa_offers\\aeo_offer\\utils\\image_finder_web.py', reloading
2025-01-09 13:45:44,138 - INFO -  * Debugger PIN: 139-578-246
2025-01-09 13:45:44,160 - INFO -  * Restarting with stat
2025-01-09 13:45:44,229 - INFO -  * Restarting with stat
2025-01-09 13:45:44,333 - INFO -  * Detected change in 'c:\\Users\\Big Daddy Pyatt\\CascadeProjects\\subscriptions\\nextjs-subscription-payments\\spotcircuit\\medical_spa_offers\\aeo_offer\\utils\\image_finder_web.py', reloading
2025-01-09 13:45:44,350 - INFO -  * Detected change in 'c:\\Users\\Big Daddy Pyatt\\CascadeProjects\\subscriptions\\nextjs-subscription-payments\\spotcircuit\\medical_spa_offers\\aeo_offer\\utils\\image_finder_web.py', reloading
2025-01-09 13:45:44,416 - INFO - 
=== Starting Pexels Image Finder ===
2025-01-09 13:45:44,416 - INFO - Server running on http://localhost:3800
2025-01-09 13:45:44,439 - INFO -  * Restarting with stat
2025-01-09 13:45:44,446 - WARNING -  * Debugger is active!
2025-01-09 13:45:44,452 - INFO -  * Restarting with stat
2025-01-09 13:45:44,469 - INFO -  * Debugger PIN: 139-578-246
2025-01-09 13:45:44,850 - INFO - 
=== Starting Pexels Image Finder ===
2025-01-09 13:45:44,851 - INFO - Server running on http://localhost:3800
2025-01-09 13:45:44,866 - INFO - 
=== Starting Pexels Image Finder ===
2025-01-09 13:45:44,866 - INFO - Server running on http://localhost:3800
2025-01-09 13:45:44,884 - WARNING -  * Debugger is active!
2025-01-09 13:45:44,897 - WARNING -  * Debugger is active!
2025-01-09 13:45:44,909 - INFO -  * Debugger PIN: 139-578-246
2025-01-09 13:45:44,920 - INFO -  * Debugger PIN: 139-578-246
2025-01-09 13:45:44,951 - INFO - 
=== Starting Pexels Image Finder ===
2025-01-09 13:45:44,951 - INFO - Server running on http://localhost:3800
2025-01-09 13:45:44,977 - WARNING -  * Debugger is active!
2025-01-09 13:45:45,001 - INFO -  * Debugger PIN: 139-578-246
2025-01-09 13:45:45,006 - INFO - 
=== Starting Pexels Image Finder ===
2025-01-09 13:45:45,006 - INFO - Server running on http://localhost:3800
2025-01-09 13:45:45,034 - WARNING -  * Debugger is active!
2025-01-09 13:45:45,058 - INFO -  * Debugger PIN: 139-578-246
2025-01-09 13:45:45,180 - INFO -  * Detected change in 'c:\\Users\\Big Daddy Pyatt\\CascadeProjects\\subscriptions\\nextjs-subscription-payments\\spotcircuit\\medical_spa_offers\\aeo_offer\\utils\\image_finder_web.py', reloading
2025-01-09 13:45:45,210 - INFO - 
=== Starting Pexels Image Finder ===
2025-01-09 13:45:45,210 - INFO - Server running on http://localhost:3800
2025-01-09 13:45:45,210 - INFO - Server running on http://localhost:3800
2025-01-09 13:45:45,237 - WARNING -  * Debugger is active!
2025-01-09 13:45:45,237 - WARNING -  * Debugger is active!
2025-01-09 13:45:45,263 - INFO -  * Debugger PIN: 139-578-246
2025-01-09 13:45:45,263 - INFO -  * Debugger PIN: 139-578-246
2025-01-09 13:45:45,264 - INFO -  * Restarting with stat
2025-01-09 13:45:45,992 - INFO - 
=== Starting Pexels Image Finder ===
2025-01-09 13:45:45,992 - INFO - Server running on http://localhost:3800
2025-01-09 13:45:46,019 - WARNING -  * Debugger is active!
2025-01-09 13:45:46,042 - INFO -  * Debugger PIN: 139-578-246
2025-01-09 13:49:25,113 - INFO - 
=== Starting Pexels Image Finder ===
2025-01-09 13:49:25,113 - INFO - Server running on http://localhost:3800
2025-01-09 13:49:25,143 - INFO - [31m[1mWARNING: This is a development server. Do not use it in a production deployment. Use a production WSGI server instead.[0m
 * Running on http://127.0.0.1:3800
2025-01-09 13:49:25,143 - INFO - [33mPress CTRL+C to quit[0m
2025-01-09 13:49:25,151 - INFO -  * Restarting with stat
2025-01-09 13:49:25,733 - INFO - 
=== Starting Pexels Image Finder ===
2025-01-09 13:49:25,733 - INFO - Server running on http://localhost:3800
2025-01-09 13:49:25,754 - WARNING -  * Debugger is active!
2025-01-09 13:49:25,770 - INFO -  * Debugger PIN: 139-578-246
2025-01-09 13:49:45,015 - INFO - 127.0.0.1 - - [09/Jan/2025 13:49:45] "GET / HTTP/1.1" 200 -
2025-01-09 13:49:45,115 - INFO - 
Searching Pixabay for: medical spa (page 1)
2025-01-09 13:49:45,121 - DEBUG - Starting new HTTPS connection (1): pixabay.com:443
2025-01-09 13:49:45,727 - DEBUG - https://pixabay.com:443 "GET /api?key=48133257-76310a353e67a7ce6140a42f4&q=medical+spa&per_page=15&page=1&image_type=photo&orientation=horizontal&safesearch=True HTTP/11" 301 None
2025-01-09 13:49:45,768 - DEBUG - Starting new HTTP connection (1): pixabay.com:80
2025-01-09 13:49:45,845 - DEBUG - http://pixabay.com:80 "GET /api/?key=48133257-76310a353e67a7ce6140a42f4&q=medical+spa&per_page=15&page=1&image_type=photo&orientation=horizontal&safesearch=True HTTP/11" 301 167
2025-01-09 13:49:46,649 - DEBUG - https://pixabay.com:443 "GET /api/?key=48133257-76310a353e67a7ce6140a42f4&q=medical+spa&per_page=15&page=1&image_type=photo&orientation=horizontal&safesearch=True HTTP/11" 200 None
2025-01-09 13:49:46,654 - INFO - Pixabay results page 1: 15
2025-01-09 13:49:46,654 - INFO - 
Trying Pexels search with query: medical spa (page 1)
2025-01-09 13:49:46,655 - INFO - Using Pexels API key: RCoXOGDmjtszWCUwiM7a0s6gesH12E6Gugb6WdYdykYKsjNVK564JiKI
2025-01-09 13:49:46,655 - INFO - Making request to Pexels API...
2025-01-09 13:49:46,657 - DEBUG - Starting new HTTPS connection (1): api.pexels.com:443
2025-01-09 13:49:47,715 - DEBUG - https://api.pexels.com:443 "GET /v1/search?query=medical+spa&per_page=15&page=1&orientation=landscape HTTP/11" 200 None
2025-01-09 13:49:47,717 - INFO - Pexels response status: 200
2025-01-09 13:49:47,718 - INFO - Pexels response headers: {'Date': 'Thu, 09 Jan 2025 18:49:10 GMT', 'Content-Type': 'application/json; charset=utf-8', 'Transfer-Encoding': 'chunked', 'Connection': 'keep-alive', 'CF-Ray': '8ff69b0c4c9e0606-IAD', 'CF-Cache-Status': 'MISS', 'Access-Control-Allow-Origin': '*', 'Cache-Control': 'max-age=86400', 'ETag': 'W/"c51aa84a549d2535baea17e42ac826bd"', 'Expires': 'Fri, 10 Jan 2025 18:49:10 GMT', 'Access-Control-Allow-Headers': 'Accept, Content-Type, Content-Length, Accept-Encoding, Authorization, User-Agent', 'x-frame-options': 'SAMEORIGIN', 'X-Ratelimit-Limit': '25000', 'X-Ratelimit-Remaining': '24959', 'X-Ratelimit-Reset': '1739038210', 'x-request-id': '052503f8-584a-4bd1-bbfb-820d988d046d', 'x-runtime': '0.214760', 'Set-Cookie': '__cf_bm=FvTvAHQZfmrDR.n4raSCXmj3afRUJ0qY9qMjq9eAqUY-1736448550-1.0.1.1-Bi0zb5uNeWVqjoiobR65I5QLJ2tj0ZxFkYHAJkAor4S_15jxBN3DDjQpr0WIfyFnSiUKuGW2NiI7Fsq_BL4VvQ; path=/; expires=Thu, 09-Jan-25 19:19:10 GMT; domain=.pexels.com; HttpOnly; Secure; SameSite=None, _cfuvid=ubzrIwnkqVreLLl2jRmj1B0iRc8YzfqOsnBIXxxcxiI-1736448550125-0.0.1.1-604800000; path=/; domain=.pexels.com; HttpOnly; Secure; SameSite=None', 'Vary': 'Accept-Encoding', 'Server': 'cloudflare', 'Content-Encoding': 'gzip', 'alt-svc': 'h3=":443"; ma=86400'}
2025-01-09 13:49:47,719 - INFO - Pexels response data: {'page': 1, 'per_page': 15, 'photos': [{'id': 16131207, 'width': 5666, 'height': 3777, 'url': 'https://www.pexels.com/photo/woman-during-facial-treatment-16131207/', 'photographer': 'Omar Medina', 'photographer_url': 'https://www.pexels.com/@omarmedinaoficial', 'photographer_id': 16618519, 'avg_color': '#C1C1C3', 'src': {'original': 'https://images.pexels.com/photos/16131207/pexels-photo-16131207.jpeg', 'large2x': 'https://images.pexels.com/photos/16131207/pexels-photo-16131207.jpeg?auto=compres...
2025-01-09 13:49:47,719 - INFO - Successfully processed 15 Pexels images
2025-01-09 13:49:47,722 - INFO - Pexels results page 1: 15
2025-01-09 13:49:47,723 - INFO - 127.0.0.1 - - [09/Jan/2025 13:49:47] "GET /search?query=medical%20spa&pixabay_page=1&pexels_page=1&t=1736448585113 HTTP/1.1" 200 -
2025-01-09 13:50:04,418 - INFO - 
Searching Pixabay for: botox (page 1)
2025-01-09 13:50:04,419 - DEBUG - Starting new HTTPS connection (1): pixabay.com:443
2025-01-09 13:50:05,063 - DEBUG - https://pixabay.com:443 "GET /api?key=48133257-76310a353e67a7ce6140a42f4&q=botox&per_page=15&page=1&image_type=photo&orientation=horizontal&safesearch=True HTTP/11" 301 None
2025-01-09 13:50:05,065 - DEBUG - Starting new HTTP connection (1): pixabay.com:80
2025-01-09 13:50:05,119 - DEBUG - http://pixabay.com:80 "GET /api/?key=48133257-76310a353e67a7ce6140a42f4&q=botox&per_page=15&page=1&image_type=photo&orientation=horizontal&safesearch=True HTTP/11" 301 167
2025-01-09 13:50:05,349 - DEBUG - https://pixabay.com:443 "GET /api/?key=48133257-76310a353e67a7ce6140a42f4&q=botox&per_page=15&page=1&image_type=photo&orientation=horizontal&safesearch=True HTTP/11" 200 None
2025-01-09 13:50:05,352 - INFO - Pixabay results page 1: 3
2025-01-09 13:50:05,352 - INFO - 
Trying Pexels search with query: botox (page 1)
2025-01-09 13:50:05,353 - INFO - Using Pexels API key: RCoXOGDmjtszWCUwiM7a0s6gesH12E6Gugb6WdYdykYKsjNVK564JiKI
2025-01-09 13:50:05,353 - INFO - Making request to Pexels API...
2025-01-09 13:50:05,354 - DEBUG - Starting new HTTPS connection (1): api.pexels.com:443
2025-01-09 13:50:06,353 - DEBUG - https://api.pexels.com:443 "GET /v1/search?query=botox&per_page=15&page=1&orientation=landscape HTTP/11" 200 None
2025-01-09 13:50:06,355 - INFO - Pexels response status: 200
2025-01-09 13:50:06,356 - INFO - Pexels response headers: {'Date': 'Thu, 09 Jan 2025 18:49:28 GMT', 'Content-Type': 'application/json; charset=utf-8', 'Transfer-Encoding': 'chunked', 'Connection': 'keep-alive', 'CF-Ray': '8ff69b8018eb801b-IAD', 'CF-Cache-Status': 'MISS', 'Access-Control-Allow-Origin': '*', 'Cache-Control': 'max-age=86400', 'ETag': 'W/"39f7535f8821015cc67a0f8bb14165f8"', 'Expires': 'Fri, 10 Jan 2025 18:49:28 GMT', 'Access-Control-Allow-Headers': 'Accept, Content-Type, Content-Length, Accept-Encoding, Authorization, User-Agent', 'x-frame-options': 'SAMEORIGIN', 'X-Ratelimit-Limit': '25000', 'X-Ratelimit-Remaining': '24958', 'X-Ratelimit-Reset': '1739038210', 'x-request-id': 'ac5bb35a-b892-4155-a07d-eeb175bf7948', 'x-runtime': '0.318219', 'Set-Cookie': '__cf_bm=gdZM_jxWjA98_q.ehxdYYhcJo7SApVPs7.6kGmFMkms-1736448568-1.0.1.1-3Ol7RHEuflf7TXWHg5rXcLSoom47M0wb0mvUluSpqoQnTpeyucp1LbuPbZyMejM4Ettbc.tBbpSCW9xBH1V23w; path=/; expires=Thu, 09-Jan-25 19:19:28 GMT; domain=.pexels.com; HttpOnly; Secure; SameSite=None, _cfuvid=VzJBFNUuKMZ.87l23MHY4C1zZ5DIvZcRfml9wKPoixQ-1736448568764-0.0.1.1-604800000; path=/; domain=.pexels.com; HttpOnly; Secure; SameSite=None', 'Vary': 'Accept-Encoding', 'Server': 'cloudflare', 'Content-Encoding': 'gzip', 'alt-svc': 'h3=":443"; ma=86400'}
2025-01-09 13:50:06,357 - INFO - Pexels response data: {'page': 1, 'per_page': 15, 'photos': [{'id': 3985311, 'width': 6000, 'height': 4000, 'url': 'https://www.pexels.com/photo/woman-getting-a-face-botox-3985311/', 'photographer': 'Gustavo Fring', 'photographer_url': 'https://www.pexels.com/@gustavo-fring', 'photographer_id': 2206740, 'avg_color': '#A49486', 'src': {'original': 'https://images.pexels.com/photos/3985311/pexels-photo-3985311.jpeg', 'large2x': 'https://images.pexels.com/photos/3985311/pexels-photo-3985311.jpeg?auto=compress&cs=tinysrg...
2025-01-09 13:50:06,357 - INFO - Successfully processed 15 Pexels images
2025-01-09 13:50:06,359 - INFO - Pexels results page 1: 15
2025-01-09 13:50:06,359 - INFO - 127.0.0.1 - - [09/Jan/2025 13:50:06] "GET /search?query=botox&pixabay_page=1&pexels_page=1&t=1736448604415 HTTP/1.1" 200 -
2025-01-09 13:50:11,178 - INFO - 
Searching Pixabay for: botox (page 2)
2025-01-09 13:50:11,179 - DEBUG - Starting new HTTPS connection (1): pixabay.com:443
2025-01-09 13:50:11,880 - DEBUG - https://pixabay.com:443 "GET /api?key=48133257-76310a353e67a7ce6140a42f4&q=botox&per_page=15&page=2&image_type=photo&orientation=horizontal&safesearch=True HTTP/11" 301 None
2025-01-09 13:50:11,882 - DEBUG - Starting new HTTP connection (1): pixabay.com:80
2025-01-09 13:50:11,985 - DEBUG - http://pixabay.com:80 "GET /api/?key=48133257-76310a353e67a7ce6140a42f4&q=botox&per_page=15&page=2&image_type=photo&orientation=horizontal&safesearch=True HTTP/11" 301 167
2025-01-09 13:50:12,156 - DEBUG - https://pixabay.com:443 "GET /api/?key=48133257-76310a353e67a7ce6140a42f4&q=botox&per_page=15&page=2&image_type=photo&orientation=horizontal&safesearch=True HTTP/11" 200 35
2025-01-09 13:50:12,158 - INFO - Pixabay results page 2: 0
2025-01-09 13:50:12,158 - INFO - 
Trying Pexels search with query: botox (page 1)
2025-01-09 13:50:12,159 - INFO - Using Pexels API key: RCoXOGDmjtszWCUwiM7a0s6gesH12E6Gugb6WdYdykYKsjNVK564JiKI
2025-01-09 13:50:12,159 - INFO - Making request to Pexels API...
2025-01-09 13:50:12,160 - DEBUG - Starting new HTTPS connection (1): api.pexels.com:443
2025-01-09 13:50:12,918 - DEBUG - https://api.pexels.com:443 "GET /v1/search?query=botox&per_page=15&page=1&orientation=landscape HTTP/11" 200 None
2025-01-09 13:50:12,920 - INFO - Pexels response status: 200
2025-01-09 13:50:12,921 - INFO - Pexels response headers: {'Date': 'Thu, 09 Jan 2025 18:49:35 GMT', 'Content-Type': 'application/json; charset=utf-8', 'Transfer-Encoding': 'chunked', 'Connection': 'keep-alive', 'CF-Ray': '8ff69bab2faf5782-IAD', 'CF-Cache-Status': 'HIT', 'Access-Control-Allow-Origin': '*', 'Age': '7', 'Cache-Control': 'max-age=86400', 'ETag': 'W/"39f7535f8821015cc67a0f8bb14165f8"', 'Expires': 'Fri, 10 Jan 2025 18:49:35 GMT', 'Access-Control-Allow-Headers': 'Accept, Content-Type, Content-Length, Accept-Encoding, Authorization, User-Agent', 'x-frame-options': 'SAMEORIGIN', 'X-Ratelimit-Limit': '25000', 'X-Ratelimit-Remaining': '24957', 'X-Ratelimit-Reset': '1739038210', 'x-request-id': 'ac5bb35a-b892-4155-a07d-eeb175bf7948', 'x-runtime': '0.318219', 'Set-Cookie': '__cf_bm=uYinXFBlchy3_pFpzs2Qp4LgAo_b46sCccM1uaEIdnE-1736448575-1.0.1.1-loUvj3djsCh52UN6j2RqxQvbrvrhxR.4fed2OI9nXX0z8bC688QdaxP1UpjhgGUUOsK62lSOdP_HwuGe7zAhTA; path=/; expires=Thu, 09-Jan-25 19:19:35 GMT; domain=.pexels.com; HttpOnly; Secure; SameSite=None, _cfuvid=Vcxr9QoPdlmsQTucoJLGRnyB2KYH0PRDmHSDFMNvqKE-1736448575330-0.0.1.1-604800000; path=/; domain=.pexels.com; HttpOnly; Secure; SameSite=None', 'Vary': 'Accept-Encoding', 'Server': 'cloudflare', 'Content-Encoding': 'gzip', 'alt-svc': 'h3=":443"; ma=86400'}
2025-01-09 13:50:12,922 - INFO - Pexels response data: {'page': 1, 'per_page': 15, 'photos': [{'id': 3985311, 'width': 6000, 'height': 4000, 'url': 'https://www.pexels.com/photo/woman-getting-a-face-botox-3985311/', 'photographer': 'Gustavo Fring', 'photographer_url': 'https://www.pexels.com/@gustavo-fring', 'photographer_id': 2206740, 'avg_color': '#A49486', 'src': {'original': 'https://images.pexels.com/photos/3985311/pexels-photo-3985311.jpeg', 'large2x': 'https://images.pexels.com/photos/3985311/pexels-photo-3985311.jpeg?auto=compress&cs=tinysrg...
2025-01-09 13:50:12,922 - INFO - Successfully processed 15 Pexels images
2025-01-09 13:50:12,924 - INFO - Pexels results page 1: 15
2025-01-09 13:50:12,925 - INFO - 127.0.0.1 - - [09/Jan/2025 13:50:12] "GET /search?query=botox&pixabay_page=2&pexels_page=1&t=1736448610871 HTTP/1.1" 200 -
2025-01-09 13:50:56,121 - INFO - 
Searching Pixabay for: botox (page 2)
2025-01-09 13:50:56,123 - DEBUG - Starting new HTTPS connection (1): pixabay.com:443
2025-01-09 13:50:56,811 - DEBUG - https://pixabay.com:443 "GET /api?key=48133257-76310a353e67a7ce6140a42f4&q=botox&per_page=15&page=2&image_type=photo&orientation=horizontal&safesearch=True HTTP/11" 301 None
2025-01-09 13:50:56,813 - DEBUG - Starting new HTTP connection (1): pixabay.com:80
2025-01-09 13:50:56,885 - DEBUG - http://pixabay.com:80 "GET /api/?key=48133257-76310a353e67a7ce6140a42f4&q=botox&per_page=15&page=2&image_type=photo&orientation=horizontal&safesearch=True HTTP/11" 301 167
2025-01-09 13:50:57,064 - DEBUG - https://pixabay.com:443 "GET /api/?key=48133257-76310a353e67a7ce6140a42f4&q=botox&per_page=15&page=2&image_type=photo&orientation=horizontal&safesearch=True HTTP/11" 200 35
2025-01-09 13:50:57,066 - INFO - Pixabay results page 2: 0
2025-01-09 13:50:57,067 - INFO - 
Trying Pexels search with query: botox (page 2)
2025-01-09 13:50:57,068 - INFO - Using Pexels API key: RCoXOGDmjtszWCUwiM7a0s6gesH12E6Gugb6WdYdykYKsjNVK564JiKI
2025-01-09 13:50:57,068 - INFO - Making request to Pexels API...
2025-01-09 13:50:57,069 - DEBUG - Starting new HTTPS connection (1): api.pexels.com:443
2025-01-09 13:50:58,053 - DEBUG - https://api.pexels.com:443 "GET /v1/search?query=botox&per_page=15&page=2&orientation=landscape HTTP/11" 200 None
2025-01-09 13:50:58,054 - INFO - Pexels response status: 200
2025-01-09 13:50:58,054 - INFO - Pexels response headers: {'Date': 'Thu, 09 Jan 2025 18:50:20 GMT', 'Content-Type': 'application/json; charset=utf-8', 'Transfer-Encoding': 'chunked', 'Connection': 'keep-alive', 'CF-Ray': '8ff69cc38a805a04-IAD', 'CF-Cache-Status': 'MISS', 'Access-Control-Allow-Origin': '*', 'Cache-Control': 'max-age=86400', 'ETag': 'W/"620b2ca650464d05bb7dfac05b287937"', 'Expires': 'Fri, 10 Jan 2025 18:50:20 GMT', 'Access-Control-Allow-Headers': 'Accept, Content-Type, Content-Length, Accept-Encoding, Authorization, User-Agent', 'x-frame-options': 'SAMEORIGIN', 'X-Ratelimit-Limit': '25000', 'X-Ratelimit-Remaining': '24956', 'X-Ratelimit-Reset': '1739038210', 'x-request-id': '17ae953d-f8c5-42b6-8d3e-aae664ae9b0d', 'x-runtime': '0.278279', 'Set-Cookie': '__cf_bm=u3ohSiW.Nkpmz6jPPY03ymvdxoUesESYodYwLCv75BE-1736448620-1.0.1.1-kU80fV71a7v69TlLF7Tp9QbJDqNrZJPWvGfkmsFTciUsqInsr2M3pvh_CyLPTa_mFDY6hMhQTMbF3TEGjQCY9w; path=/; expires=Thu, 09-Jan-25 19:20:20 GMT; domain=.pexels.com; HttpOnly; Secure; SameSite=None, _cfuvid=GjRlOsFrjU_QLU19Kns3FiJB5OBC0cSahc_UjqcNtLc-1736448620464-0.0.1.1-604800000; path=/; domain=.pexels.com; HttpOnly; Secure; SameSite=None', 'Vary': 'Accept-Encoding', 'Server': 'cloudflare', 'Content-Encoding': 'gzip', 'alt-svc': 'h3=":443"; ma=86400'}
2025-01-09 13:50:58,055 - INFO - Pexels response data: {'page': 2, 'per_page': 15, 'photos': [{'id': 29516876, 'width': 6240, 'height': 4160, 'url': 'https://www.pexels.com/photo/close-up-of-hands-holding-cosmetic-serum-vials-29516876/', 'photographer': 'Laura Villela Beauty Designer | Brasil', 'photographer_url': 'https://www.pexels.com/@itslauravillela', 'photographer_id': 438615876, 'avg_color': '#947A7D', 'src': {'original': 'https://images.pexels.com/photos/29516876/pexels-photo-29516876.jpeg', 'large2x': 'https://images.pexels.com/photos/29516...
2025-01-09 13:50:58,055 - INFO - Successfully processed 5 Pexels images
2025-01-09 13:50:58,056 - INFO - Pexels results page 2: 5
2025-01-09 13:50:58,057 - INFO - 127.0.0.1 - - [09/Jan/2025 13:50:58] "GET /search?query=botox&pixabay_page=2&pexels_page=2&t=1736448656118 HTTP/1.1" 200 -
2025-01-09 13:51:17,502 - INFO - 
Searching Pixabay for: botox (page 2)
2025-01-09 13:51:17,505 - DEBUG - Starting new HTTPS connection (1): pixabay.com:443
2025-01-09 13:51:18,206 - DEBUG - https://pixabay.com:443 "GET /api?key=48133257-76310a353e67a7ce6140a42f4&q=botox&per_page=15&page=2&image_type=photo&orientation=horizontal&safesearch=True HTTP/11" 301 None
2025-01-09 13:51:18,207 - DEBUG - Starting new HTTP connection (1): pixabay.com:80
2025-01-09 13:51:18,270 - DEBUG - http://pixabay.com:80 "GET /api/?key=48133257-76310a353e67a7ce6140a42f4&q=botox&per_page=15&page=2&image_type=photo&orientation=horizontal&safesearch=True HTTP/11" 301 167
2025-01-09 13:51:18,469 - DEBUG - https://pixabay.com:443 "GET /api/?key=48133257-76310a353e67a7ce6140a42f4&q=botox&per_page=15&page=2&image_type=photo&orientation=horizontal&safesearch=True HTTP/11" 200 35
2025-01-09 13:51:18,472 - INFO - Pixabay results page 2: 0
2025-01-09 13:51:18,472 - INFO - 
Trying Pexels search with query: botox (page 3)
2025-01-09 13:51:18,472 - INFO - Using Pexels API key: RCoXOGDmjtszWCUwiM7a0s6gesH12E6Gugb6WdYdykYKsjNVK564JiKI
2025-01-09 13:51:18,473 - INFO - Making request to Pexels API...
2025-01-09 13:51:18,475 - DEBUG - Starting new HTTPS connection (1): api.pexels.com:443
2025-01-09 13:51:19,234 - DEBUG - https://api.pexels.com:443 "GET /v1/search?query=botox&per_page=15&page=3&orientation=landscape HTTP/11" 200 None
2025-01-09 13:51:19,236 - INFO - Pexels response status: 200
2025-01-09 13:51:19,236 - INFO - Pexels response headers: {'Date': 'Thu, 09 Jan 2025 18:50:41 GMT', 'Content-Type': 'application/json; charset=utf-8', 'Transfer-Encoding': 'chunked', 'Connection': 'keep-alive', 'CF-Ray': '8ff69d497ba7d68f-IAD', 'CF-Cache-Status': 'MISS', 'Access-Control-Allow-Origin': '*', 'Cache-Control': 'max-age=86400', 'ETag': 'W/"a8a83cf4c9bbd29046c45201f639f84d"', 'Expires': 'Fri, 10 Jan 2025 18:50:41 GMT', 'Access-Control-Allow-Headers': 'Accept, Content-Type, Content-Length, Accept-Encoding, Authorization, User-Agent', 'x-frame-options': 'SAMEORIGIN', 'X-Ratelimit-Limit': '25000', 'X-Ratelimit-Remaining': '24955', 'X-Ratelimit-Reset': '1739038210', 'x-request-id': '569e4d08-197a-4c37-8abb-716508e88487', 'x-runtime': '0.023734', 'Set-Cookie': '__cf_bm=7_ByxJhvDVIE0P9.kz6KDkVIkNjNYYmVGEqD95ObHTM-1736448641-1.0.1.1-hMCP2cTrDJMd4uzyzrsdJ9s6npoiKGji2kp3XSfrefjfbJTN8vjdD_9DO.VLdu71fj6DILuAFgh806xRTYRRqQ; path=/; expires=Thu, 09-Jan-25 19:20:41 GMT; domain=.pexels.com; HttpOnly; Secure; SameSite=None, _cfuvid=k4V926O3aP5UKIZ4Vvhn_kiw58Wpepa663bm7uufkM4-1736448641647-0.0.1.1-604800000; path=/; domain=.pexels.com; HttpOnly; Secure; SameSite=None', 'Vary': 'Accept-Encoding', 'Server': 'cloudflare', 'Content-Encoding': 'gzip', 'alt-svc': 'h3=":443"; ma=86400'}
2025-01-09 13:51:19,237 - INFO - Pexels response data: {'page': 3, 'per_page': 15, 'photos': [], 'total_results': 20, 'prev_page': 'https://api.pexels.com/v1/search/?orientation=landscape&page=2&per_page=15&query=botox'}...
2025-01-09 13:51:19,237 - INFO - Successfully processed 0 Pexels images
2025-01-09 13:51:19,238 - INFO - Pexels results page 3: 0
2025-01-09 13:51:19,239 - INFO - 127.0.0.1 - - [09/Jan/2025 13:51:19] "GET /search?query=botox&pixabay_page=2&pexels_page=3&t=1736448677198 HTTP/1.1" 200 -
2025-01-09 13:51:43,814 - INFO - 
Searching Pixabay for: morpheus8 (page 1)
2025-01-09 13:51:43,817 - DEBUG - Starting new HTTPS connection (1): pixabay.com:443
2025-01-09 13:51:44,435 - DEBUG - https://pixabay.com:443 "GET /api?key=48133257-76310a353e67a7ce6140a42f4&q=morpheus8&per_page=15&page=1&image_type=photo&orientation=horizontal&safesearch=True HTTP/11" 301 None
2025-01-09 13:51:44,437 - DEBUG - Starting new HTTP connection (1): pixabay.com:80
2025-01-09 13:51:44,492 - DEBUG - http://pixabay.com:80 "GET /api/?key=48133257-76310a353e67a7ce6140a42f4&q=morpheus8&per_page=15&page=1&image_type=photo&orientation=horizontal&safesearch=True HTTP/11" 301 167
2025-01-09 13:51:44,614 - DEBUG - https://pixabay.com:443 "GET /api/?key=48133257-76310a353e67a7ce6140a42f4&q=morpheus8&per_page=15&page=1&image_type=photo&orientation=horizontal&safesearch=True HTTP/11" 200 35
2025-01-09 13:51:44,617 - INFO - Pixabay results page 1: 0
2025-01-09 13:51:44,617 - INFO - 
Trying Pexels search with query: morpheus8 (page 1)
2025-01-09 13:51:44,617 - INFO - Using Pexels API key: RCoXOGDmjtszWCUwiM7a0s6gesH12E6Gugb6WdYdykYKsjNVK564JiKI
2025-01-09 13:51:44,618 - INFO - Making request to Pexels API...
2025-01-09 13:51:44,619 - DEBUG - Starting new HTTPS connection (1): api.pexels.com:443
2025-01-09 13:51:45,447 - DEBUG - https://api.pexels.com:443 "GET /v1/search?query=morpheus8&per_page=15&page=1&orientation=landscape HTTP/11" 200 None
2025-01-09 13:51:45,448 - INFO - Pexels response status: 200
2025-01-09 13:51:45,448 - INFO - Pexels response headers: {'Date': 'Thu, 09 Jan 2025 18:51:07 GMT', 'Content-Type': 'application/json; charset=utf-8', 'Transfer-Encoding': 'chunked', 'Connection': 'keep-alive', 'CF-Ray': '8ff69ded0d6d3901-IAD', 'CF-Cache-Status': 'MISS', 'Access-Control-Allow-Origin': '*', 'Cache-Control': 'max-age=86400', 'ETag': 'W/"b6a2ca59d1bcc128c1769a5852ec2021"', 'Expires': 'Fri, 10 Jan 2025 18:51:07 GMT', 'Access-Control-Allow-Headers': 'Accept, Content-Type, Content-Length, Accept-Encoding, Authorization, User-Agent', 'x-frame-options': 'SAMEORIGIN', 'X-Ratelimit-Limit': '25000', 'X-Ratelimit-Remaining': '24954', 'X-Ratelimit-Reset': '1739038210', 'x-request-id': 'be31b7dc-c4bd-4787-8b43-e95d624d335b', 'x-runtime': '0.055834', 'Set-Cookie': '__cf_bm=eVkH9a5ESmMC.00R6yDa1stS9uI57LQJRrQ1O0eXTCQ-1736448667-1.0.1.1-s8ZzFozDumqphsQrkgkDW2SyXHF.3kWwRMBY4aaKTLnAUyfF0kluNk51.AMfkaahjpzlaglaz3UVCGEPXy1I.w; path=/; expires=Thu, 09-Jan-25 19:21:07 GMT; domain=.pexels.com; HttpOnly; Secure; SameSite=None, _cfuvid=fvXYUi3IHUdJ_aN_riidugzGnp158iNyYs1KKRTS3ig-1736448667860-0.0.1.1-604800000; path=/; domain=.pexels.com; HttpOnly; Secure; SameSite=None', 'Vary': 'Accept-Encoding', 'Server': 'cloudflare', 'Content-Encoding': 'gzip', 'alt-svc': 'h3=":443"; ma=86400'}
2025-01-09 13:51:45,449 - INFO - Pexels response data: {'page': 1, 'per_page': 15, 'photos': [{'id': 29407601, 'width': 4496, 'height': 3000, 'url': 'https://www.pexels.com/photo/vibrant-blue-butterfly-resting-on-a-stone-path-29407601/', 'photographer': 'wenjr', 'photographer_url': 'https://www.pexels.com/@wenjr', 'photographer_id': 3802668, 'avg_color': '#585F58', 'src': {'original': 'https://images.pexels.com/photos/29407601/pexels-photo-29407601.jpeg', 'large2x': 'https://images.pexels.com/photos/29407601/pexels-photo-29407601.jpeg?auto=compress&...
2025-01-09 13:51:45,449 - INFO - Successfully processed 4 Pexels images
2025-01-09 13:51:45,451 - INFO - Pexels results page 1: 4
2025-01-09 13:51:45,452 - INFO - 127.0.0.1 - - [09/Jan/2025 13:51:45] "GET /search?query=morpheus8&pixabay_page=1&pexels_page=1&t=1736448703812 HTTP/1.1" 200 -
2025-01-09 13:51:56,165 - INFO - 
Searching Pixabay for: laser hair removal (page 1)
2025-01-09 13:51:56,168 - DEBUG - Starting new HTTPS connection (1): pixabay.com:443
2025-01-09 13:51:56,860 - DEBUG - https://pixabay.com:443 "GET /api?key=48133257-76310a353e67a7ce6140a42f4&q=laser+hair+removal&per_page=15&page=1&image_type=photo&orientation=horizontal&safesearch=True HTTP/11" 301 None
2025-01-09 13:51:56,862 - DEBUG - Starting new HTTP connection (1): pixabay.com:80
2025-01-09 13:51:56,951 - DEBUG - http://pixabay.com:80 "GET /api/?key=48133257-76310a353e67a7ce6140a42f4&q=laser+hair+removal&per_page=15&page=1&image_type=photo&orientation=horizontal&safesearch=True HTTP/11" 301 167
2025-01-09 13:51:57,094 - DEBUG - https://pixabay.com:443 "GET /api/?key=48133257-76310a353e67a7ce6140a42f4&q=laser+hair+removal&per_page=15&page=1&image_type=photo&orientation=horizontal&safesearch=True HTTP/11" 200 None
2025-01-09 13:51:57,097 - INFO - Pixabay results page 1: 15
2025-01-09 13:51:57,098 - INFO - 
Trying Pexels search with query: laser hair removal (page 1)
2025-01-09 13:51:57,098 - INFO - Using Pexels API key: RCoXOGDmjtszWCUwiM7a0s6gesH12E6Gugb6WdYdykYKsjNVK564JiKI
2025-01-09 13:51:57,098 - INFO - Making request to Pexels API...
2025-01-09 13:51:57,100 - DEBUG - Starting new HTTPS connection (1): api.pexels.com:443
2025-01-09 13:51:58,131 - DEBUG - https://api.pexels.com:443 "GET /v1/search?query=laser+hair+removal&per_page=15&page=1&orientation=landscape HTTP/11" 200 None
2025-01-09 13:51:58,134 - INFO - Pexels response status: 200
2025-01-09 13:51:58,134 - INFO - Pexels response headers: {'Date': 'Thu, 09 Jan 2025 18:51:20 GMT', 'Content-Type': 'application/json; charset=utf-8', 'Transfer-Encoding': 'chunked', 'Connection': 'keep-alive', 'CF-Ray': '8ff69e3ac87486f1-IAD', 'CF-Cache-Status': 'MISS', 'Access-Control-Allow-Origin': '*', 'Cache-Control': 'max-age=86400', 'ETag': 'W/"652bc725fb5c245ce4728bca429f2831"', 'Expires': 'Fri, 10 Jan 2025 18:51:20 GMT', 'Access-Control-Allow-Headers': 'Accept, Content-Type, Content-Length, Accept-Encoding, Authorization, User-Agent', 'x-frame-options': 'SAMEORIGIN', 'X-Ratelimit-Limit': '25000', 'X-Ratelimit-Remaining': '24953', 'X-Ratelimit-Reset': '1739038210', 'x-request-id': 'a19a293a-6bd1-458b-a017-d42928806388', 'x-runtime': '0.262292', 'Set-Cookie': '__cf_bm=jo8W7S6HrPVxWDCITXvVk62xVBSa._5Wz6VWU.JGBxc-1736448680-1.0.1.1-R9oezcTS.K6qx2poqiUNdPf8444KHwPyMv9pdig0GjRRUlsSYbcTqcvOwJm.bw4BenM3UcxPY0z7PXJz.31T4Q; path=/; expires=Thu, 09-Jan-25 19:21:20 GMT; domain=.pexels.com; HttpOnly; Secure; SameSite=None, _cfuvid=WF9RPVQqE42ajdo76mI10MYFu6w1QX9e2UXG2TmmJlI-1736448680542-0.0.1.1-604800000; path=/; domain=.pexels.com; HttpOnly; Secure; SameSite=None', 'Vary': 'Accept-Encoding', 'Server': 'cloudflare', 'Content-Encoding': 'gzip', 'alt-svc': 'h3=":443"; ma=86400'}
2025-01-09 13:51:58,135 - INFO - Pexels response data: {'page': 1, 'per_page': 15, 'photos': [{'id': 29021129, 'width': 4185, 'height': 2818, 'url': 'https://www.pexels.com/photo/professional-laser-hair-removal-treatment-session-29021129/', 'photographer': 'Pexels User', 'photographer_url': 'https://www.pexels.com/@pexels-user-2006151901', 'photographer_id': 2006151901, 'avg_color': '#B4B3A1', 'src': {'original': 'https://images.pexels.com/photos/29021129/pexels-photo-29021129.jpeg', 'large2x': 'https://images.pexels.com/photos/29021129/pexels-photo...
2025-01-09 13:51:58,135 - INFO - Successfully processed 15 Pexels images
2025-01-09 13:51:58,137 - INFO - Pexels results page 1: 15
2025-01-09 13:51:58,138 - INFO - 127.0.0.1 - - [09/Jan/2025 13:51:58] "GET /search?query=laser%20hair%20removal&pixabay_page=1&pexels_page=1&t=1736448715853 HTTP/1.1" 200 -
2025-01-09 13:52:30,521 - INFO - 
Searching Pixabay for: medical weight loss (page 1)
2025-01-09 13:52:30,524 - DEBUG - Starting new HTTPS connection (1): pixabay.com:443
2025-01-09 13:52:31,147 - DEBUG - https://pixabay.com:443 "GET /api?key=48133257-76310a353e67a7ce6140a42f4&q=medical+weight+loss&per_page=15&page=1&image_type=photo&orientation=horizontal&safesearch=True HTTP/11" 301 None
2025-01-09 13:52:31,149 - DEBUG - Starting new HTTP connection (1): pixabay.com:80
2025-01-09 13:52:31,204 - DEBUG - http://pixabay.com:80 "GET /api/?key=48133257-76310a353e67a7ce6140a42f4&q=medical+weight+loss&per_page=15&page=1&image_type=photo&orientation=horizontal&safesearch=True HTTP/11" 301 167
2025-01-09 13:52:31,328 - DEBUG - https://pixabay.com:443 "GET /api/?key=48133257-76310a353e67a7ce6140a42f4&q=medical+weight+loss&per_page=15&page=1&image_type=photo&orientation=horizontal&safesearch=True HTTP/11" 200 None
2025-01-09 13:52:31,333 - INFO - Pixabay results page 1: 15
2025-01-09 13:52:31,333 - INFO - 
Trying Pexels search with query: medical weight loss (page 1)
2025-01-09 13:52:31,334 - INFO - Using Pexels API key: RCoXOGDmjtszWCUwiM7a0s6gesH12E6Gugb6WdYdykYKsjNVK564JiKI
2025-01-09 13:52:31,334 - INFO - Making request to Pexels API...
2025-01-09 13:52:31,336 - DEBUG - Starting new HTTPS connection (1): api.pexels.com:443
2025-01-09 13:52:32,231 - DEBUG - https://api.pexels.com:443 "GET /v1/search?query=medical+weight+loss&per_page=15&page=1&orientation=landscape HTTP/11" 200 None
2025-01-09 13:52:32,233 - INFO - Pexels response status: 200
2025-01-09 13:52:32,234 - INFO - Pexels response headers: {'Date': 'Thu, 09 Jan 2025 18:51:54 GMT', 'Content-Type': 'application/json; charset=utf-8', 'Transfer-Encoding': 'chunked', 'Connection': 'keep-alive', 'CF-Ray': '8ff69f10ebffc98b-IAD', 'CF-Cache-Status': 'MISS', 'Access-Control-Allow-Origin': '*', 'Cache-Control': 'max-age=86400', 'ETag': 'W/"94a5f7b31204b75e12bd43d575d040ee"', 'Expires': 'Fri, 10 Jan 2025 18:51:54 GMT', 'Access-Control-Allow-Headers': 'Accept, Content-Type, Content-Length, Accept-Encoding, Authorization, User-Agent', 'x-frame-options': 'SAMEORIGIN', 'X-Ratelimit-Limit': '25000', 'X-Ratelimit-Remaining': '24952', 'X-Ratelimit-Reset': '1739038210', 'x-request-id': '01fa996a-5418-486e-b208-196676110aa1', 'x-runtime': '0.167373', 'Set-Cookie': '__cf_bm=5jMAP338Hskl5aVKK3Aw39HrA97YjBO7sw63rpSnk20-1736448714-1.0.1.1-jjeXmYgafqfs_QGmTcLK.87HwQPzUBv7bdrzl7Ck88aJYgl6M2RFU9QUaPeQjTErhP9QMonB8WI3VUmt08d92A; path=/; expires=Thu, 09-Jan-25 19:21:54 GMT; domain=.pexels.com; HttpOnly; Secure; SameSite=None, _cfuvid=vU5PmJ5xtdOVwu.k.tpPgJY2y.Adzx4oxvbYdycz20w-1736448714644-0.0.1.1-604800000; path=/; domain=.pexels.com; HttpOnly; Secure; SameSite=None', 'Vary': 'Accept-Encoding', 'Server': 'cloudflare', 'Content-Encoding': 'gzip', 'alt-svc': 'h3=":443"; ma=86400'}
2025-01-09 13:52:32,234 - INFO - Pexels response data: {'page': 1, 'per_page': 15, 'photos': [{'id': 3913020, 'width': 7952, 'height': 5304, 'url': 'https://www.pexels.com/photo/person-putting-ankle-foot-orthosis-to-the-patient-3913020/', 'photographer': 'ThisIsEngineering', 'photographer_url': 'https://www.pexels.com/@thisisengineering', 'photographer_id': 2149839, 'avg_color': '#574E48', 'src': {'original': 'https://images.pexels.com/photos/3913020/pexels-photo-3913020.jpeg', 'large2x': 'https://images.pexels.com/photos/3913020/pexels-photo-391302...
2025-01-09 13:52:32,235 - INFO - Successfully processed 15 Pexels images
2025-01-09 13:52:32,238 - INFO - Pexels results page 1: 15
2025-01-09 13:52:32,240 - INFO - 127.0.0.1 - - [09/Jan/2025 13:52:32] "GET /search?query=medical%20weight%20loss&pixabay_page=1&pexels_page=1&t=1736448750519 HTTP/1.1" 200 -
2025-01-09 13:52:53,860 - INFO - 
Searching Pixabay for: medical weight loss (page 1)
2025-01-09 13:52:53,863 - DEBUG - Starting new HTTPS connection (1): pixabay.com:443
2025-01-09 13:52:54,561 - DEBUG - https://pixabay.com:443 "GET /api?key=48133257-76310a353e67a7ce6140a42f4&q=medical+weight+loss&per_page=15&page=1&image_type=photo&orientation=horizontal&safesearch=True HTTP/11" 301 None
2025-01-09 13:52:54,564 - DEBUG - Starting new HTTP connection (1): pixabay.com:80
2025-01-09 13:52:54,623 - DEBUG - http://pixabay.com:80 "GET /api/?key=48133257-76310a353e67a7ce6140a42f4&q=medical+weight+loss&per_page=15&page=1&image_type=photo&orientation=horizontal&safesearch=True HTTP/11" 301 167
2025-01-09 13:52:54,756 - DEBUG - https://pixabay.com:443 "GET /api/?key=48133257-76310a353e67a7ce6140a42f4&q=medical+weight+loss&per_page=15&page=1&image_type=photo&orientation=horizontal&safesearch=True HTTP/11" 200 None
2025-01-09 13:52:54,759 - INFO - Pixabay results page 1: 15
2025-01-09 13:52:54,759 - INFO - 
Trying Pexels search with query: medical weight loss (page 2)
2025-01-09 13:52:54,760 - INFO - Using Pexels API key: RCoXOGDmjtszWCUwiM7a0s6gesH12E6Gugb6WdYdykYKsjNVK564JiKI
2025-01-09 13:52:54,760 - INFO - Making request to Pexels API...
2025-01-09 13:52:54,762 - DEBUG - Starting new HTTPS connection (1): api.pexels.com:443
2025-01-09 13:52:55,698 - DEBUG - https://api.pexels.com:443 "GET /v1/search?query=medical+weight+loss&per_page=15&page=2&orientation=landscape HTTP/11" 200 None
2025-01-09 13:52:55,699 - INFO - Pexels response status: 200
2025-01-09 13:52:55,699 - INFO - Pexels response headers: {'Date': 'Thu, 09 Jan 2025 18:52:18 GMT', 'Content-Type': 'application/json; charset=utf-8', 'Transfer-Encoding': 'chunked', 'Connection': 'keep-alive', 'CF-Ray': '8ff69fa31c10574c-IAD', 'CF-Cache-Status': 'MISS', 'Access-Control-Allow-Origin': '*', 'Cache-Control': 'max-age=86400', 'ETag': 'W/"c2c71595c08d2ba019f63bf283a97da9"', 'Expires': 'Fri, 10 Jan 2025 18:52:18 GMT', 'Access-Control-Allow-Headers': 'Accept, Content-Type, Content-Length, Accept-Encoding, Authorization, User-Agent', 'x-frame-options': 'SAMEORIGIN', 'X-Ratelimit-Limit': '25000', 'X-Ratelimit-Remaining': '24951', 'X-Ratelimit-Reset': '1739038210', 'x-request-id': 'c85fa3fd-9fe8-4ca7-ba51-2a32b6494a71', 'x-runtime': '0.254949', 'Set-Cookie': '__cf_bm=s0XhliOh0rydOlgbU2sldcf33St9XdfjeJxSGR3H87Y-1736448738-1.0.1.1-nKqIK4BlX7A3fKyC_QzswOOl3oRXIf6NN74i2..SMNSPzcsnBfkq_iCXpuN2GrTrK2N8EIXkWSr8d_tzrf1Zdw; path=/; expires=Thu, 09-Jan-25 19:22:18 GMT; domain=.pexels.com; HttpOnly; Secure; SameSite=None, _cfuvid=kMr_A73jh1lkcyfemC3P28ozDoi0JnMppVVuDGEnrGc-1736448738108-0.0.1.1-604800000; path=/; domain=.pexels.com; HttpOnly; Secure; SameSite=None', 'Vary': 'Accept-Encoding', 'Server': 'cloudflare', 'Content-Encoding': 'gzip', 'alt-svc': 'h3=":443"; ma=86400'}
2025-01-09 13:52:55,700 - INFO - Pexels response data: {'page': 2, 'per_page': 15, 'photos': [{'id': 7083683, 'width': 4733, 'height': 3009, 'url': 'https://www.pexels.com/photo/assorted-pills-and-tablets-piled-on-a-black-surface-7083683/', 'photographer': 'David  Peterson', 'photographer_url': 'https://www.pexels.com/@davidpeterson', 'photographer_id': 110068, 'avg_color': '#252020', 'src': {'original': 'https://images.pexels.com/photos/7083683/pexels-photo-7083683.jpeg', 'large2x': 'https://images.pexels.com/photos/7083683/pexels-photo-7083683.jpe...
2025-01-09 13:52:55,701 - INFO - Successfully processed 15 Pexels images
2025-01-09 13:52:55,703 - INFO - Pexels results page 2: 15
2025-01-09 13:52:55,703 - INFO - 127.0.0.1 - - [09/Jan/2025 13:52:55] "GET /search?query=medical%20weight%20loss&pixabay_page=1&pexels_page=2&t=1736448773550 HTTP/1.1" 200 -
2025-01-09 13:53:00,320 - INFO - 
Searching Pixabay for: medical weight loss (page 2)
2025-01-09 13:53:00,322 - DEBUG - Starting new HTTPS connection (1): pixabay.com:443
2025-01-09 13:53:00,953 - DEBUG - https://pixabay.com:443 "GET /api?key=48133257-76310a353e67a7ce6140a42f4&q=medical+weight+loss&per_page=15&page=2&image_type=photo&orientation=horizontal&safesearch=True HTTP/11" 301 None
2025-01-09 13:53:00,956 - DEBUG - Starting new HTTP connection (1): pixabay.com:80
2025-01-09 13:53:01,014 - DEBUG - http://pixabay.com:80 "GET /api/?key=48133257-76310a353e67a7ce6140a42f4&q=medical+weight+loss&per_page=15&page=2&image_type=photo&orientation=horizontal&safesearch=True HTTP/11" 301 167
2025-01-09 13:53:01,224 - DEBUG - https://pixabay.com:443 "GET /api/?key=48133257-76310a353e67a7ce6140a42f4&q=medical+weight+loss&per_page=15&page=2&image_type=photo&orientation=horizontal&safesearch=True HTTP/11" 200 None
2025-01-09 13:53:01,231 - INFO - Pixabay results page 2: 15
2025-01-09 13:53:01,231 - INFO - 
Trying Pexels search with query: medical weight loss (page 2)
2025-01-09 13:53:01,231 - INFO - Using Pexels API key: RCoXOGDmjtszWCUwiM7a0s6gesH12E6Gugb6WdYdykYKsjNVK564JiKI
2025-01-09 13:53:01,232 - INFO - Making request to Pexels API...
2025-01-09 13:53:01,234 - DEBUG - Starting new HTTPS connection (1): api.pexels.com:443
2025-01-09 13:53:01,950 - DEBUG - https://api.pexels.com:443 "GET /v1/search?query=medical+weight+loss&per_page=15&page=2&orientation=landscape HTTP/11" 200 None
2025-01-09 13:53:01,952 - INFO - Pexels response status: 200
2025-01-09 13:53:01,952 - INFO - Pexels response headers: {'Date': 'Thu, 09 Jan 2025 18:52:24 GMT', 'Content-Type': 'application/json; charset=utf-8', 'Transfer-Encoding': 'chunked', 'Connection': 'keep-alive', 'CF-Ray': '8ff69fcbcec7ef66-IAD', 'CF-Cache-Status': 'HIT', 'Access-Control-Allow-Origin': '*', 'Age': '6', 'Cache-Control': 'max-age=86400', 'ETag': 'W/"c2c71595c08d2ba019f63bf283a97da9"', 'Expires': 'Fri, 10 Jan 2025 18:52:24 GMT', 'Access-Control-Allow-Headers': 'Accept, Content-Type, Content-Length, Accept-Encoding, Authorization, User-Agent', 'x-frame-options': 'SAMEORIGIN', 'X-Ratelimit-Limit': '25000', 'X-Ratelimit-Remaining': '24950', 'X-Ratelimit-Reset': '1739038210', 'x-request-id': 'c85fa3fd-9fe8-4ca7-ba51-2a32b6494a71', 'x-runtime': '0.254949', 'Set-Cookie': '__cf_bm=ODXBOYZ0RtWhw1cOBHzhLqZOjl.sARrETbLbCkZfdkA-1736448744-1.0.1.1-DYxRV.y1fj8FKJBS.7b_ldAtG_kg167ZFvELC_NrIjOTIw5SNLT5.ETbkLG52K7.kXZVIp5OJFUg5pLDH.J76w; path=/; expires=Thu, 09-Jan-25 19:22:24 GMT; domain=.pexels.com; HttpOnly; Secure; SameSite=None, _cfuvid=smaxsJVNIXhi1Et6CQo3IZDkfuSomx3W56OaVfb63.4-1736448744362-0.0.1.1-604800000; path=/; domain=.pexels.com; HttpOnly; Secure; SameSite=None', 'Vary': 'Accept-Encoding', 'Server': 'cloudflare', 'Content-Encoding': 'gzip', 'alt-svc': 'h3=":443"; ma=86400'}
2025-01-09 13:53:01,953 - INFO - Pexels response data: {'page': 2, 'per_page': 15, 'photos': [{'id': 7083683, 'width': 4733, 'height': 3009, 'url': 'https://www.pexels.com/photo/assorted-pills-and-tablets-piled-on-a-black-surface-7083683/', 'photographer': 'David  Peterson', 'photographer_url': 'https://www.pexels.com/@davidpeterson', 'photographer_id': 110068, 'avg_color': '#252020', 'src': {'original': 'https://images.pexels.com/photos/7083683/pexels-photo-7083683.jpeg', 'large2x': 'https://images.pexels.com/photos/7083683/pexels-photo-7083683.jpe...
2025-01-09 13:53:01,954 - INFO - Successfully processed 15 Pexels images
2025-01-09 13:53:01,955 - INFO - Pexels results page 2: 15
2025-01-09 13:53:01,956 - INFO - 127.0.0.1 - - [09/Jan/2025 13:53:01] "GET /search?query=medical%20weight%20loss&pixabay_page=2&pexels_page=2&t=1736448780318 HTTP/1.1" 200 -
2025-01-09 13:54:00,973 - INFO - 
Downloading 11 images to c:\Users\Big Daddy Pyatt\CascadeProjects\subscriptions\nextjs-subscription-payments\SpotCircuit\medical_spa_offers\aeo_offer\assets\images
2025-01-09 13:54:00,974 - INFO - Downloading image (treatment) to: c:\Users\Big Daddy Pyatt\CascadeProjects\subscriptions\nextjs-subscription-payments\SpotCircuit\medical_spa_offers\aeo_offer\assets\images\treatment_010925_13_54_1.webp
2025-01-09 13:54:00,998 - INFO - 127.0.0.1 - - [09/Jan/2025 13:54:00] "[35m[1mPOST /download HTTP/1.1[0m" 500 -
2025-01-09 13:55:09,671 - INFO - 
Downloading 5 images to c:\Users\Big Daddy Pyatt\CascadeProjects\subscriptions\nextjs-subscription-payments\SpotCircuit\medical_spa_offers\aeo_offer\assets\images
2025-01-09 13:55:09,672 - INFO - Downloading image (treatment) to: c:\Users\Big Daddy Pyatt\CascadeProjects\subscriptions\nextjs-subscription-payments\SpotCircuit\medical_spa_offers\aeo_offer\assets\images\treatment_010925_13_55_1.webp
2025-01-09 13:55:09,700 - INFO - 127.0.0.1 - - [09/Jan/2025 13:55:09] "[35m[1mPOST /download HTTP/1.1[0m" 500 -
2025-01-09 13:56:04,907 - INFO - 
=== Starting Pexels Image Finder ===
2025-01-09 13:56:04,907 - INFO - Server running on http://localhost:3800
2025-01-09 13:56:04,935 - INFO - [31m[1mWARNING: This is a development server. Do not use it in a production deployment. Use a production WSGI server instead.[0m
 * Running on http://127.0.0.1:3800
2025-01-09 13:56:04,935 - INFO - [33mPress CTRL+C to quit[0m
2025-01-09 13:56:04,942 - INFO -  * Restarting with stat
2025-01-09 13:56:05,586 - INFO - 
=== Starting Pexels Image Finder ===
2025-01-09 13:56:05,586 - INFO - Server running on http://localhost:3800
2025-01-09 13:56:05,611 - WARNING -  * Debugger is active!
2025-01-09 13:56:05,631 - INFO -  * Debugger PIN: 139-578-246
2025-01-09 13:56:14,590 - INFO - 127.0.0.1 - - [09/Jan/2025 13:56:14] "GET / HTTP/1.1" 200 -
2025-01-09 13:56:14,726 - INFO - 
Searching Pixabay for: medical spa (page 1)
2025-01-09 13:56:14,729 - DEBUG - Starting new HTTPS connection (1): pixabay.com:443
2025-01-09 13:56:15,549 - DEBUG - https://pixabay.com:443 "GET /api?key=48133257-76310a353e67a7ce6140a42f4&q=medical+spa&per_page=15&page=1&image_type=photo&orientation=horizontal&safesearch=True HTTP/11" 301 None
2025-01-09 13:56:15,552 - DEBUG - Starting new HTTP connection (1): pixabay.com:80
2025-01-09 13:56:15,606 - DEBUG - http://pixabay.com:80 "GET /api/?key=48133257-76310a353e67a7ce6140a42f4&q=medical+spa&per_page=15&page=1&image_type=photo&orientation=horizontal&safesearch=True HTTP/11" 301 167
2025-01-09 13:56:16,272 - DEBUG - https://pixabay.com:443 "GET /api/?key=48133257-76310a353e67a7ce6140a42f4&q=medical+spa&per_page=15&page=1&image_type=photo&orientation=horizontal&safesearch=True HTTP/11" 200 None
2025-01-09 13:56:16,277 - INFO - Pixabay results page 1: 15
2025-01-09 13:56:16,277 - INFO - 
Trying Pexels search with query: medical spa (page 1)
2025-01-09 13:56:16,278 - INFO - Using Pexels API key: RCoXOGDmjtszWCUwiM7a0s6gesH12E6Gugb6WdYdykYKsjNVK564JiKI
2025-01-09 13:56:16,278 - INFO - Making request to Pexels API...
2025-01-09 13:56:16,279 - DEBUG - Starting new HTTPS connection (1): api.pexels.com:443
2025-01-09 13:56:16,915 - DEBUG - https://api.pexels.com:443 "GET /v1/search?query=medical+spa&per_page=15&page=1&orientation=landscape HTTP/11" 200 None
2025-01-09 13:56:16,917 - INFO - Pexels response status: 200
2025-01-09 13:56:16,917 - INFO - Pexels response headers: {'Date': 'Thu, 09 Jan 2025 18:55:39 GMT', 'Content-Type': 'application/json; charset=utf-8', 'Transfer-Encoding': 'chunked', 'Connection': 'keep-alive', 'CF-Ray': '8ff6a48e59681757-IAD', 'CF-Cache-Status': 'HIT', 'Access-Control-Allow-Origin': '*', 'Age': '389', 'Cache-Control': 'max-age=86400', 'ETag': 'W/"c51aa84a549d2535baea17e42ac826bd"', 'Expires': 'Fri, 10 Jan 2025 18:55:39 GMT', 'Access-Control-Allow-Headers': 'Accept, Content-Type, Content-Length, Accept-Encoding, Authorization, User-Agent', 'x-frame-options': 'SAMEORIGIN', 'X-Ratelimit-Limit': '25000', 'X-Ratelimit-Remaining': '24949', 'X-Ratelimit-Reset': '1739038210', 'x-request-id': '052503f8-584a-4bd1-bbfb-820d988d046d', 'x-runtime': '0.214760', 'Set-Cookie': '__cf_bm=vH5nNHHyWDO4miw6bMt9UHrjGYoCYiDPFuMS.E5YEbQ-1736448939-1.0.1.1-cG0blL8dmV4YEWpCmzXJo6jIMc3NcDB2RCqc7Cq8UZRC6F0NW3LUYeiAT4DF_aK0jr8591kFC0tmmhJ6LSxooQ; path=/; expires=Thu, 09-Jan-25 19:25:39 GMT; domain=.pexels.com; HttpOnly; Secure; SameSite=None, _cfuvid=ZllWm89lFDZLzLCLKBYFkkzhTrljpPxKokoMIcdJaRI-1736448939325-0.0.1.1-604800000; path=/; domain=.pexels.com; HttpOnly; Secure; SameSite=None', 'Vary': 'Accept-Encoding', 'Server': 'cloudflare', 'Content-Encoding': 'gzip', 'alt-svc': 'h3=":443"; ma=86400'}
2025-01-09 13:56:16,918 - INFO - Pexels response data: {'page': 1, 'per_page': 15, 'photos': [{'id': 16131207, 'width': 5666, 'height': 3777, 'url': 'https://www.pexels.com/photo/woman-during-facial-treatment-16131207/', 'photographer': 'Omar Medina', 'photographer_url': 'https://www.pexels.com/@omarmedinaoficial', 'photographer_id': 16618519, 'avg_color': '#C1C1C3', 'src': {'original': 'https://images.pexels.com/photos/16131207/pexels-photo-16131207.jpeg', 'large2x': 'https://images.pexels.com/photos/16131207/pexels-photo-16131207.jpeg?auto=compres...
2025-01-09 13:56:16,919 - INFO - Successfully processed 15 Pexels images
2025-01-09 13:56:16,920 - INFO - Pexels results page 1: 15
2025-01-09 13:56:16,921 - INFO - 127.0.0.1 - - [09/Jan/2025 13:56:16] "GET /search?query=medical%20spa&pixabay_page=1&pexels_page=1&t=1736448974724 HTTP/1.1" 200 -
2025-01-09 13:56:31,999 - INFO - 
Searching Pixabay for: medical spa (page 2)
2025-01-09 13:56:32,001 - DEBUG - Starting new HTTPS connection (1): pixabay.com:443
2025-01-09 13:56:32,767 - DEBUG - https://pixabay.com:443 "GET /api?key=48133257-76310a353e67a7ce6140a42f4&q=medical+spa&per_page=15&page=2&image_type=photo&orientation=horizontal&safesearch=True HTTP/11" 301 None
2025-01-09 13:56:32,768 - DEBUG - Starting new HTTP connection (1): pixabay.com:80
2025-01-09 13:56:32,822 - DEBUG - http://pixabay.com:80 "GET /api/?key=48133257-76310a353e67a7ce6140a42f4&q=medical+spa&per_page=15&page=2&image_type=photo&orientation=horizontal&safesearch=True HTTP/11" 301 167
2025-01-09 13:56:33,009 - DEBUG - https://pixabay.com:443 "GET /api/?key=48133257-76310a353e67a7ce6140a42f4&q=medical+spa&per_page=15&page=2&image_type=photo&orientation=horizontal&safesearch=True HTTP/11" 200 None
2025-01-09 13:56:33,013 - INFO - Pixabay results page 2: 15
2025-01-09 13:56:33,013 - INFO - 
Trying Pexels search with query: medical spa (page 1)
2025-01-09 13:56:33,014 - INFO - Using Pexels API key: RCoXOGDmjtszWCUwiM7a0s6gesH12E6Gugb6WdYdykYKsjNVK564JiKI
2025-01-09 13:56:33,014 - INFO - Making request to Pexels API...
2025-01-09 13:56:33,016 - DEBUG - Starting new HTTPS connection (1): api.pexels.com:443
2025-01-09 13:56:33,714 - DEBUG - https://api.pexels.com:443 "GET /v1/search?query=medical+spa&per_page=15&page=1&orientation=landscape HTTP/11" 200 None
2025-01-09 13:56:33,717 - INFO - Pexels response status: 200
2025-01-09 13:56:33,718 - INFO - Pexels response headers: {'Date': 'Thu, 09 Jan 2025 18:55:56 GMT', 'Content-Type': 'application/json; charset=utf-8', 'Transfer-Encoding': 'chunked', 'Connection': 'keep-alive', 'CF-Ray': '8ff6a4f70c727fbe-IAD', 'CF-Cache-Status': 'HIT', 'Access-Control-Allow-Origin': '*', 'Age': '406', 'Cache-Control': 'max-age=86400', 'ETag': 'W/"c51aa84a549d2535baea17e42ac826bd"', 'Expires': 'Fri, 10 Jan 2025 18:55:56 GMT', 'Access-Control-Allow-Headers': 'Accept, Content-Type, Content-Length, Accept-Encoding, Authorization, User-Agent', 'x-frame-options': 'SAMEORIGIN', 'X-Ratelimit-Limit': '25000', 'X-Ratelimit-Remaining': '24948', 'X-Ratelimit-Reset': '1739038210', 'x-request-id': '052503f8-584a-4bd1-bbfb-820d988d046d', 'x-runtime': '0.214760', 'Set-Cookie': '__cf_bm=AdzCQmxEcQJdzPSasAh8oFfGCNkqjjhrCJofa4c0rLY-1736448956-1.0.1.1-TzaVmXAOQzQDWdl18S0XUm8HlSD.4s1B9d0uHvhADkyAaps56ffIqxqZ5yR_QjvzSV8mCln95WKXj2DnLCip8g; path=/; expires=Thu, 09-Jan-25 19:25:56 GMT; domain=.pexels.com; HttpOnly; Secure; SameSite=None, _cfuvid=tba5oWOLveibmUJTSsqln0VrW8gH0ixyv18_nIei4pQ-1736448956124-0.0.1.1-604800000; path=/; domain=.pexels.com; HttpOnly; Secure; SameSite=None', 'Vary': 'Accept-Encoding', 'Server': 'cloudflare', 'Content-Encoding': 'gzip', 'alt-svc': 'h3=":443"; ma=86400'}
2025-01-09 13:56:33,719 - INFO - Pexels response data: {'page': 1, 'per_page': 15, 'photos': [{'id': 16131207, 'width': 5666, 'height': 3777, 'url': 'https://www.pexels.com/photo/woman-during-facial-treatment-16131207/', 'photographer': 'Omar Medina', 'photographer_url': 'https://www.pexels.com/@omarmedinaoficial', 'photographer_id': 16618519, 'avg_color': '#C1C1C3', 'src': {'original': 'https://images.pexels.com/photos/16131207/pexels-photo-16131207.jpeg', 'large2x': 'https://images.pexels.com/photos/16131207/pexels-photo-16131207.jpeg?auto=compres...
2025-01-09 13:56:33,719 - INFO - Successfully processed 15 Pexels images
2025-01-09 13:56:33,721 - INFO - Pexels results page 1: 15
2025-01-09 13:56:33,722 - INFO - 127.0.0.1 - - [09/Jan/2025 13:56:33] "GET /search?query=medical%20spa&pixabay_page=2&pexels_page=1&t=1736448991997 HTTP/1.1" 200 -
2025-01-09 13:56:55,947 - INFO - 
Searching Pixabay for: medical spa (page 2)
2025-01-09 13:56:55,948 - DEBUG - Starting new HTTPS connection (1): pixabay.com:443
2025-01-09 13:56:56,562 - DEBUG - https://pixabay.com:443 "GET /api?key=48133257-76310a353e67a7ce6140a42f4&q=medical+spa&per_page=15&page=2&image_type=photo&orientation=horizontal&safesearch=True HTTP/11" 301 None
2025-01-09 13:56:56,564 - DEBUG - Starting new HTTP connection (1): pixabay.com:80
2025-01-09 13:56:56,616 - DEBUG - http://pixabay.com:80 "GET /api/?key=48133257-76310a353e67a7ce6140a42f4&q=medical+spa&per_page=15&page=2&image_type=photo&orientation=horizontal&safesearch=True HTTP/11" 301 167
2025-01-09 13:56:56,783 - DEBUG - https://pixabay.com:443 "GET /api/?key=48133257-76310a353e67a7ce6140a42f4&q=medical+spa&per_page=15&page=2&image_type=photo&orientation=horizontal&safesearch=True HTTP/11" 200 None
2025-01-09 13:56:56,787 - INFO - Pixabay results page 2: 15
2025-01-09 13:56:56,787 - INFO - 
Trying Pexels search with query: medical spa (page 2)
2025-01-09 13:56:56,788 - INFO - Using Pexels API key: RCoXOGDmjtszWCUwiM7a0s6gesH12E6Gugb6WdYdykYKsjNVK564JiKI
2025-01-09 13:56:56,788 - INFO - Making request to Pexels API...
2025-01-09 13:56:56,789 - DEBUG - Starting new HTTPS connection (1): api.pexels.com:443
2025-01-09 13:56:57,658 - DEBUG - https://api.pexels.com:443 "GET /v1/search?query=medical+spa&per_page=15&page=2&orientation=landscape HTTP/11" 200 None
2025-01-09 13:56:57,660 - INFO - Pexels response status: 200
2025-01-09 13:56:57,661 - INFO - Pexels response headers: {'Date': 'Thu, 09 Jan 2025 18:56:20 GMT', 'Content-Type': 'application/json; charset=utf-8', 'Transfer-Encoding': 'chunked', 'Connection': 'keep-alive', 'CF-Ray': '8ff6a58c0e98c97f-IAD', 'CF-Cache-Status': 'MISS', 'Access-Control-Allow-Origin': '*', 'Cache-Control': 'max-age=86400', 'ETag': 'W/"3f4ed9688f945b004090f9f1801b49a4"', 'Expires': 'Fri, 10 Jan 2025 18:56:20 GMT', 'Access-Control-Allow-Headers': 'Accept, Content-Type, Content-Length, Accept-Encoding, Authorization, User-Agent', 'x-frame-options': 'SAMEORIGIN', 'X-Ratelimit-Limit': '25000', 'X-Ratelimit-Remaining': '24947', 'X-Ratelimit-Reset': '1739038210', 'x-request-id': '596b85c4-1700-4de9-992b-a38acbbc4056', 'x-runtime': '0.144704', 'Set-Cookie': '__cf_bm=rNsPUOLZEIo1qo6rs_p_aIbjTUrjwwItm0OiPgdVmjM-1736448980-1.0.1.1-f5r0OyMzrqZlmUlqg_4c7GBNJO7hypPAhTI1i2Vx4SnzDahWcwfrZtSzp010wV6JXa7dgbzLYEkjSCm7dZ8fLw; path=/; expires=Thu, 09-Jan-25 19:26:20 GMT; domain=.pexels.com; HttpOnly; Secure; SameSite=None, _cfuvid=JeMTVZ0GuiiJq6R3uo303Mcmh321xKjmu_ExB.Jtm8k-1736448980067-0.0.1.1-604800000; path=/; domain=.pexels.com; HttpOnly; Secure; SameSite=None', 'Vary': 'Accept-Encoding', 'Server': 'cloudflare', 'Content-Encoding': 'gzip', 'alt-svc': 'h3=":443"; ma=86400'}
2025-01-09 13:56:57,662 - INFO - Pexels response data: {'page': 2, 'per_page': 15, 'photos': [{'id': 6663590, 'width': 3500, 'height': 2336, 'url': 'https://www.pexels.com/photo/person-holding-white-medical-dropper-6663590/', 'photographer': 'Arina Krasnikova', 'photographer_url': 'https://www.pexels.com/@arina-krasnikova', 'photographer_id': 3414985, 'avg_color': '#6C5644', 'src': {'original': 'https://images.pexels.com/photos/6663590/pexels-photo-6663590.jpeg', 'large2x': 'https://images.pexels.com/photos/6663590/pexels-photo-6663590.jpeg?auto=com...
2025-01-09 13:56:57,662 - INFO - Successfully processed 15 Pexels images
2025-01-09 13:56:57,664 - INFO - Pexels results page 2: 15
2025-01-09 13:56:57,665 - INFO - 127.0.0.1 - - [09/Jan/2025 13:56:57] "GET /search?query=medical%20spa&pixabay_page=2&pexels_page=2&t=1736449015636 HTTP/1.1" 200 -
2025-01-09 13:57:30,415 - INFO - 
Downloading 5 images to c:\Users\Big Daddy Pyatt\CascadeProjects\subscriptions\nextjs-subscription-payments\SpotCircuit\medical_spa_offers\aeo_offer\assets\images
2025-01-09 13:57:30,416 - INFO - Downloading image (background) to: c:\Users\Big Daddy Pyatt\CascadeProjects\subscriptions\nextjs-subscription-payments\SpotCircuit\medical_spa_offers\aeo_offer\assets\images\background_010925_13_57_1.webp
2025-01-09 13:57:30,439 - INFO - 127.0.0.1 - - [09/Jan/2025 13:57:30] "[35m[1mPOST /download HTTP/1.1[0m" 500 -
2025-01-09 13:58:14,727 - INFO -  * Detected change in 'c:\\Users\\Big Daddy Pyatt\\CascadeProjects\\subscriptions\\nextjs-subscription-payments\\spotcircuit\\medical_spa_offers\\aeo_offer\\utils\\image_finder_web.py', reloading
2025-01-09 13:58:14,766 - INFO -  * Detected change in 'c:\\Users\\Big Daddy Pyatt\\CascadeProjects\\subscriptions\\nextjs-subscription-payments\\spotcircuit\\medical_spa_offers\\aeo_offer\\utils\\image_finder_web.py', reloading
2025-01-09 13:58:14,791 - INFO -  * Detected change in 'c:\\Users\\Big Daddy Pyatt\\CascadeProjects\\subscriptions\\nextjs-subscription-payments\\spotcircuit\\medical_spa_offers\\aeo_offer\\utils\\image_finder_web.py', reloading
2025-01-09 13:58:14,801 - INFO -  * Restarting with stat
2025-01-09 13:58:14,864 - INFO -  * Restarting with stat
2025-01-09 13:58:14,885 - INFO -  * Restarting with stat
2025-01-09 13:58:15,288 - INFO -  * Detected change in 'c:\\Users\\Big Daddy Pyatt\\CascadeProjects\\subscriptions\\nextjs-subscription-payments\\spotcircuit\\medical_spa_offers\\aeo_offer\\utils\\image_finder_web.py', reloading
2025-01-09 13:58:15,291 - INFO -  * Detected change in 'c:\\Users\\Big Daddy Pyatt\\CascadeProjects\\subscriptions\\nextjs-subscription-payments\\spotcircuit\\medical_spa_offers\\aeo_offer\\utils\\image_finder_web.py', reloading
2025-01-09 13:58:15,404 - INFO -  * Restarting with stat
2025-01-09 13:58:15,411 - INFO -  * Restarting with stat
2025-01-09 13:58:15,524 - INFO -  * Detected change in 'c:\\Users\\Big Daddy Pyatt\\CascadeProjects\\subscriptions\\nextjs-subscription-payments\\spotcircuit\\medical_spa_offers\\aeo_offer\\utils\\image_finder_web.py', reloading
2025-01-09 13:58:15,610 - INFO - 
=== Starting Pexels Image Finder ===
2025-01-09 13:58:15,610 - INFO - Server running on http://localhost:3800
2025-01-09 13:58:15,637 - INFO -  * Restarting with stat
2025-01-09 13:58:15,641 - WARNING -  * Debugger is active!
2025-01-09 13:58:15,648 - INFO - 
=== Starting Pexels Image Finder ===
2025-01-09 13:58:15,648 - INFO - Server running on http://localhost:3800
2025-01-09 13:58:15,665 - INFO -  * Debugger PIN: 139-578-246
2025-01-09 13:58:15,673 - INFO - 
=== Starting Pexels Image Finder ===
2025-01-09 13:58:15,673 - INFO - Server running on http://localhost:3800
2025-01-09 13:58:15,678 - WARNING -  * Debugger is active!
2025-01-09 13:58:15,702 - INFO -  * Debugger PIN: 139-578-246
2025-01-09 13:58:15,703 - WARNING -  * Debugger is active!
2025-01-09 13:58:15,727 - INFO -  * Debugger PIN: 139-578-246
2025-01-09 13:58:15,729 - INFO -  * Detected change in 'c:\\Users\\Big Daddy Pyatt\\CascadeProjects\\subscriptions\\nextjs-subscription-payments\\spotcircuit\\medical_spa_offers\\aeo_offer\\utils\\image_finder_web.py', reloading
2025-01-09 13:58:15,734 - INFO -  * Detected change in 'c:\\Users\\Big Daddy Pyatt\\CascadeProjects\\subscriptions\\nextjs-subscription-payments\\spotcircuit\\medical_spa_offers\\aeo_offer\\utils\\image_finder_web.py', reloading
2025-01-09 13:58:15,858 - INFO -  * Restarting with stat
2025-01-09 13:58:15,866 - INFO -  * Restarting with stat
2025-01-09 13:58:16,157 - INFO -  * Detected change in 'c:\\Users\\Big Daddy Pyatt\\CascadeProjects\\subscriptions\\nextjs-subscription-payments\\spotcircuit\\medical_spa_offers\\aeo_offer\\utils\\image_finder_web.py', reloading
2025-01-09 13:58:16,184 - INFO -  * Detected change in 'c:\\Users\\Big Daddy Pyatt\\CascadeProjects\\subscriptions\\nextjs-subscription-payments\\spotcircuit\\medical_spa_offers\\aeo_offer\\utils\\image_finder_web.py', reloading
2025-01-09 13:58:16,245 - INFO - 
=== Starting Pexels Image Finder ===
2025-01-09 13:58:16,245 - INFO - Server running on http://localhost:3800
2025-01-09 13:58:16,264 - INFO - 
=== Starting Pexels Image Finder ===
2025-01-09 13:58:16,264 - INFO - Server running on http://localhost:3800
2025-01-09 13:58:16,270 - INFO -  * Restarting with stat
2025-01-09 13:58:16,279 - WARNING -  * Debugger is active!
2025-01-09 13:58:16,292 - WARNING -  * Debugger is active!
2025-01-09 13:58:16,297 - INFO -  * Restarting with stat
2025-01-09 13:58:16,316 - INFO -  * Debugger PIN: 139-578-246
2025-01-09 13:58:16,317 - INFO -  * Debugger PIN: 139-578-246
2025-01-09 13:58:16,502 - INFO -  * Detected change in 'c:\\Users\\Big Daddy Pyatt\\CascadeProjects\\subscriptions\\nextjs-subscription-payments\\spotcircuit\\medical_spa_offers\\aeo_offer\\utils\\image_finder_web.py', reloading
2025-01-09 13:58:16,514 - INFO - 
=== Starting Pexels Image Finder ===
2025-01-09 13:58:16,514 - INFO - Server running on http://localhost:3800
2025-01-09 13:58:16,550 - WARNING -  * Debugger is active!
2025-01-09 13:58:16,576 - INFO -  * Debugger PIN: 139-578-246
2025-01-09 13:58:16,598 - INFO -  * Restarting with stat
2025-01-09 13:58:16,746 - INFO - 
=== Starting Pexels Image Finder ===
2025-01-09 13:58:16,746 - INFO - Server running on http://localhost:3800
2025-01-09 13:58:16,768 - INFO -  * Detected change in 'c:\\Users\\Big Daddy Pyatt\\CascadeProjects\\subscriptions\\nextjs-subscription-payments\\SpotCircuit\\medical_spa_offers\\aeo_offer\\utils\\image_finder_web.py', reloading
2025-01-09 13:58:16,768 - INFO - 
=== Starting Pexels Image Finder ===
2025-01-09 13:58:16,768 - INFO - Server running on http://localhost:3800
2025-01-09 13:58:16,777 - WARNING -  * Debugger is active!
2025-01-09 13:58:16,801 - WARNING -  * Debugger is active!
2025-01-09 13:58:16,802 - INFO -  * Debugger PIN: 139-578-246
2025-01-09 13:58:16,826 - INFO -  * Debugger PIN: 139-578-246
2025-01-09 13:58:16,877 - INFO -  * Restarting with stat
2025-01-09 13:58:17,098 - INFO -  * Detected change in 'c:\\Users\\Big Daddy Pyatt\\CascadeProjects\\subscriptions\\nextjs-subscription-payments\\spotcircuit\\medical_spa_offers\\aeo_offer\\utils\\image_finder_web.py', reloading
2025-01-09 13:58:17,158 - INFO - 
=== Starting Pexels Image Finder ===
2025-01-09 13:58:17,159 - INFO - Server running on http://localhost:3800
2025-01-09 13:58:17,173 - INFO - 
=== Starting Pexels Image Finder ===
2025-01-09 13:58:17,173 - INFO - Server running on http://localhost:3800
2025-01-09 13:58:17,187 - WARNING -  * Debugger is active!
2025-01-09 13:58:17,202 - WARNING -  * Debugger is active!
2025-01-09 13:58:17,202 - INFO -  * Restarting with stat
2025-01-09 13:58:17,212 - INFO -  * Debugger PIN: 139-578-246
2025-01-09 13:58:17,226 - INFO -  * Debugger PIN: 139-578-246
2025-01-09 13:58:17,340 - INFO -  * Detected change in 'c:\\Users\\Big Daddy Pyatt\\CascadeProjects\\subscriptions\\nextjs-subscription-payments\\spotcircuit\\medical_spa_offers\\aeo_offer\\utils\\image_finder_web.py', reloading
2025-01-09 13:58:17,439 - INFO -  * Restarting with stat
2025-01-09 13:58:17,473 - INFO - 
=== Starting Pexels Image Finder ===
2025-01-09 13:58:17,473 - INFO - Server running on http://localhost:3800
2025-01-09 13:58:17,497 - INFO -  * Detected change in 'c:\\Users\\Big Daddy Pyatt\\CascadeProjects\\subscriptions\\nextjs-subscription-payments\\spotcircuit\\medical_spa_offers\\aeo_offer\\utils\\image_finder_web.py', reloading
2025-01-09 13:58:17,505 - WARNING -  * Debugger is active!
2025-01-09 13:58:17,533 - INFO -  * Debugger PIN: 139-578-246
2025-01-09 13:58:17,606 - INFO -  * Detected change in 'c:\\Users\\Big Daddy Pyatt\\CascadeProjects\\subscriptions\\nextjs-subscription-payments\\spotcircuit\\medical_spa_offers\\aeo_offer\\utils\\image_finder_web.py', reloading
2025-01-09 13:58:17,615 - INFO -  * Restarting with stat
2025-01-09 13:58:17,719 - INFO -  * Restarting with stat
2025-01-09 13:58:17,736 - INFO - 
=== Starting Pexels Image Finder ===
2025-01-09 13:58:17,737 - INFO - Server running on http://localhost:3800
2025-01-09 13:58:17,768 - WARNING -  * Debugger is active!
2025-01-09 13:58:17,794 - INFO -  * Debugger PIN: 139-578-246
2025-01-09 13:58:18,050 - INFO - 
=== Starting Pexels Image Finder ===
2025-01-09 13:58:18,050 - INFO - Server running on http://localhost:3800
2025-01-09 13:58:18,077 - WARNING -  * Debugger is active!
2025-01-09 13:58:18,100 - INFO -  * Debugger PIN: 139-578-246
2025-01-09 13:58:18,297 - INFO - 
=== Starting Pexels Image Finder ===
2025-01-09 13:58:18,297 - INFO - Server running on http://localhost:3800
2025-01-09 13:58:18,323 - WARNING -  * Debugger is active!
2025-01-09 13:58:18,348 - INFO -  * Debugger PIN: 139-578-246
2025-01-09 13:58:18,425 - INFO - 
=== Starting Pexels Image Finder ===
2025-01-09 13:58:18,425 - INFO - Server running on http://localhost:3800
2025-01-09 13:58:18,453 - WARNING -  * Debugger is active!
2025-01-09 13:58:18,477 - INFO -  * Debugger PIN: 139-578-246
2025-01-09 13:58:18,543 - INFO - 
=== Starting Pexels Image Finder ===
2025-01-09 13:58:18,543 - INFO - Server running on http://localhost:3800
2025-01-09 13:58:18,572 - WARNING -  * Debugger is active!
2025-01-09 13:58:18,596 - INFO -  * Debugger PIN: 139-578-246
2025-01-09 13:58:36,547 - INFO - 
=== Starting Pexels Image Finder ===
2025-01-09 13:58:36,547 - INFO - Server running on http://localhost:3800
2025-01-09 13:58:36,571 - INFO - [31m[1mWARNING: This is a development server. Do not use it in a production deployment. Use a production WSGI server instead.[0m
 * Running on http://127.0.0.1:3800
2025-01-09 13:58:36,572 - INFO - [33mPress CTRL+C to quit[0m
2025-01-09 13:58:36,577 - INFO -  * Restarting with stat
2025-01-09 13:58:37,135 - INFO - 
=== Starting Pexels Image Finder ===
2025-01-09 13:58:37,136 - INFO - Server running on http://localhost:3800
2025-01-09 13:58:37,157 - WARNING -  * Debugger is active!
2025-01-09 13:58:37,176 - INFO -  * Debugger PIN: 139-578-246
2025-01-09 13:58:55,238 - INFO - 127.0.0.1 - - [09/Jan/2025 13:58:55] "GET / HTTP/1.1" 200 -
2025-01-09 13:58:55,344 - INFO - 
Searching Pixabay for: medical spa (page 1)
2025-01-09 13:58:55,350 - DEBUG - Starting new HTTPS connection (1): pixabay.com:443
2025-01-09 13:58:56,144 - DEBUG - https://pixabay.com:443 "GET /api?key=48133257-76310a353e67a7ce6140a42f4&q=medical+spa&per_page=15&page=1&image_type=photo&orientation=horizontal&safesearch=True HTTP/11" 301 None
2025-01-09 13:58:56,147 - DEBUG - Starting new HTTP connection (1): pixabay.com:80
2025-01-09 13:58:56,215 - DEBUG - http://pixabay.com:80 "GET /api/?key=48133257-76310a353e67a7ce6140a42f4&q=medical+spa&per_page=15&page=1&image_type=photo&orientation=horizontal&safesearch=True HTTP/11" 301 167
2025-01-09 13:58:56,361 - DEBUG - https://pixabay.com:443 "GET /api/?key=48133257-76310a353e67a7ce6140a42f4&q=medical+spa&per_page=15&page=1&image_type=photo&orientation=horizontal&safesearch=True HTTP/11" 200 None
2025-01-09 13:58:56,365 - INFO - Pixabay results page 1: 15
2025-01-09 13:58:56,366 - INFO - 
Trying Pexels search with query: medical spa (page 1)
2025-01-09 13:58:56,366 - INFO - Using Pexels API key: RCoXOGDmjtszWCUwiM7a0s6gesH12E6Gugb6WdYdykYKsjNVK564JiKI
2025-01-09 13:58:56,366 - INFO - Making request to Pexels API...
2025-01-09 13:58:56,368 - DEBUG - Starting new HTTPS connection (1): api.pexels.com:443
2025-01-09 13:58:57,090 - DEBUG - https://api.pexels.com:443 "GET /v1/search?query=medical+spa&per_page=15&page=1&orientation=landscape HTTP/11" 200 None
2025-01-09 13:58:57,091 - INFO - Pexels response status: 200
2025-01-09 13:58:57,092 - INFO - Pexels response headers: {'Date': 'Thu, 09 Jan 2025 18:58:19 GMT', 'Content-Type': 'application/json; charset=utf-8', 'Transfer-Encoding': 'chunked', 'Connection': 'keep-alive', 'CF-Ray': '8ff6a8776b2d059f-IAD', 'CF-Cache-Status': 'HIT', 'Access-Control-Allow-Origin': '*', 'Age': '549', 'Cache-Control': 'max-age=86400', 'ETag': 'W/"c51aa84a549d2535baea17e42ac826bd"', 'Expires': 'Fri, 10 Jan 2025 18:58:19 GMT', 'Access-Control-Allow-Headers': 'Accept, Content-Type, Content-Length, Accept-Encoding, Authorization, User-Agent', 'x-frame-options': 'SAMEORIGIN', 'X-Ratelimit-Limit': '25000', 'X-Ratelimit-Remaining': '24946', 'X-Ratelimit-Reset': '1739038210', 'x-request-id': '052503f8-584a-4bd1-bbfb-820d988d046d', 'x-runtime': '0.214760', 'Set-Cookie': '__cf_bm=MumgU99UZulNbVOXhzQSWZ.67midGlPc3wZNSYm9By0-1736449099-1.0.1.1-iDfI1xpJdCTQfqkUIvUgbaMo0xHYahf7NLnP3jOvmsFUUyOxfNoBGdcwYnpmjMQj5.v19UD35Xqom.z0jlWIkw; path=/; expires=Thu, 09-Jan-25 19:28:19 GMT; domain=.pexels.com; HttpOnly; Secure; SameSite=None, _cfuvid=qtMLCd3WxzYjJkl_GgtJkeV0wSb22lmENw0mGxN0i2E-1736449099499-0.0.1.1-604800000; path=/; domain=.pexels.com; HttpOnly; Secure; SameSite=None', 'Vary': 'Accept-Encoding', 'Server': 'cloudflare', 'Content-Encoding': 'gzip', 'alt-svc': 'h3=":443"; ma=86400'}
2025-01-09 13:58:57,093 - INFO - Pexels response data: {'page': 1, 'per_page': 15, 'photos': [{'id': 16131207, 'width': 5666, 'height': 3777, 'url': 'https://www.pexels.com/photo/woman-during-facial-treatment-16131207/', 'photographer': 'Omar Medina', 'photographer_url': 'https://www.pexels.com/@omarmedinaoficial', 'photographer_id': 16618519, 'avg_color': '#C1C1C3', 'src': {'original': 'https://images.pexels.com/photos/16131207/pexels-photo-16131207.jpeg', 'large2x': 'https://images.pexels.com/photos/16131207/pexels-photo-16131207.jpeg?auto=compres...
2025-01-09 13:58:57,093 - INFO - Successfully processed 15 Pexels images
2025-01-09 13:58:57,095 - INFO - Pexels results page 1: 15
2025-01-09 13:58:57,096 - INFO - 127.0.0.1 - - [09/Jan/2025 13:58:57] "GET /search?query=medical%20spa&pixabay_page=1&pexels_page=1&t=1736449135342 HTTP/1.1" 200 -
2025-01-09 13:59:02,431 - INFO - 
Searching Pixabay for: medical spa (page 2)
2025-01-09 13:59:02,433 - DEBUG - Starting new HTTPS connection (1): pixabay.com:443
2025-01-09 13:59:03,223 - DEBUG - https://pixabay.com:443 "GET /api?key=48133257-76310a353e67a7ce6140a42f4&q=medical+spa&per_page=15&page=2&image_type=photo&orientation=horizontal&safesearch=True HTTP/11" 301 None
2025-01-09 13:59:03,225 - DEBUG - Starting new HTTP connection (1): pixabay.com:80
2025-01-09 13:59:03,289 - DEBUG - http://pixabay.com:80 "GET /api/?key=48133257-76310a353e67a7ce6140a42f4&q=medical+spa&per_page=15&page=2&image_type=photo&orientation=horizontal&safesearch=True HTTP/11" 301 167
2025-01-09 13:59:03,462 - DEBUG - https://pixabay.com:443 "GET /api/?key=48133257-76310a353e67a7ce6140a42f4&q=medical+spa&per_page=15&page=2&image_type=photo&orientation=horizontal&safesearch=True HTTP/11" 200 None
2025-01-09 13:59:03,467 - INFO - Pixabay results page 2: 15
2025-01-09 13:59:03,467 - INFO - 
Trying Pexels search with query: medical spa (page 1)
2025-01-09 13:59:03,468 - INFO - Using Pexels API key: RCoXOGDmjtszWCUwiM7a0s6gesH12E6Gugb6WdYdykYKsjNVK564JiKI
2025-01-09 13:59:03,468 - INFO - Making request to Pexels API...
2025-01-09 13:59:03,469 - DEBUG - Starting new HTTPS connection (1): api.pexels.com:443
2025-01-09 13:59:04,164 - DEBUG - https://api.pexels.com:443 "GET /v1/search?query=medical+spa&per_page=15&page=1&orientation=landscape HTTP/11" 200 None
2025-01-09 13:59:04,165 - INFO - Pexels response status: 200
2025-01-09 13:59:04,166 - INFO - Pexels response headers: {'Date': 'Thu, 09 Jan 2025 18:58:26 GMT', 'Content-Type': 'application/json; charset=utf-8', 'Transfer-Encoding': 'chunked', 'Connection': 'keep-alive', 'CF-Ray': '8ff6a8a39896d6c0-IAD', 'CF-Cache-Status': 'HIT', 'Access-Control-Allow-Origin': '*', 'Age': '556', 'Cache-Control': 'max-age=86400', 'ETag': 'W/"c51aa84a549d2535baea17e42ac826bd"', 'Expires': 'Fri, 10 Jan 2025 18:58:26 GMT', 'Access-Control-Allow-Headers': 'Accept, Content-Type, Content-Length, Accept-Encoding, Authorization, User-Agent', 'x-frame-options': 'SAMEORIGIN', 'X-Ratelimit-Limit': '25000', 'X-Ratelimit-Remaining': '24945', 'X-Ratelimit-Reset': '1739038210', 'x-request-id': '052503f8-584a-4bd1-bbfb-820d988d046d', 'x-runtime': '0.214760', 'Set-Cookie': '__cf_bm=3yOgbTZNAtCQNNxVF5rZtNB24zs3aoxDo1M.X1qd1jQ-1736449106-1.0.1.1-s5y0gVJwkYNWU71YWaeW.cGDlI1y6AeNPvOz1bW6obWNxojIo5mUYEzztVJ55AJxxcXUopdcj3hsCay9Q0K9vw; path=/; expires=Thu, 09-Jan-25 19:28:26 GMT; domain=.pexels.com; HttpOnly; Secure; SameSite=None, _cfuvid=NTBMBFSlYB_97pOeijFH9BBei0rDVL5TfjCNdgpAUBQ-1736449106573-0.0.1.1-604800000; path=/; domain=.pexels.com; HttpOnly; Secure; SameSite=None', 'Vary': 'Accept-Encoding', 'Server': 'cloudflare', 'Content-Encoding': 'gzip', 'alt-svc': 'h3=":443"; ma=86400'}
2025-01-09 13:59:04,167 - INFO - Pexels response data: {'page': 1, 'per_page': 15, 'photos': [{'id': 16131207, 'width': 5666, 'height': 3777, 'url': 'https://www.pexels.com/photo/woman-during-facial-treatment-16131207/', 'photographer': 'Omar Medina', 'photographer_url': 'https://www.pexels.com/@omarmedinaoficial', 'photographer_id': 16618519, 'avg_color': '#C1C1C3', 'src': {'original': 'https://images.pexels.com/photos/16131207/pexels-photo-16131207.jpeg', 'large2x': 'https://images.pexels.com/photos/16131207/pexels-photo-16131207.jpeg?auto=compres...
2025-01-09 13:59:04,167 - INFO - Successfully processed 15 Pexels images
2025-01-09 13:59:04,169 - INFO - Pexels results page 1: 15
2025-01-09 13:59:04,170 - INFO - 127.0.0.1 - - [09/Jan/2025 13:59:04] "GET /search?query=medical%20spa&pixabay_page=2&pexels_page=1&t=1736449142428 HTTP/1.1" 200 -
2025-01-09 13:59:14,623 - INFO - 
Searching Pixabay for: medical spa (page 2)
2025-01-09 13:59:14,626 - DEBUG - Starting new HTTPS connection (1): pixabay.com:443
2025-01-09 13:59:15,348 - DEBUG - https://pixabay.com:443 "GET /api?key=48133257-76310a353e67a7ce6140a42f4&q=medical+spa&per_page=15&page=2&image_type=photo&orientation=horizontal&safesearch=True HTTP/11" 301 None
2025-01-09 13:59:15,350 - DEBUG - Starting new HTTP connection (1): pixabay.com:80
2025-01-09 13:59:15,401 - DEBUG - http://pixabay.com:80 "GET /api/?key=48133257-76310a353e67a7ce6140a42f4&q=medical+spa&per_page=15&page=2&image_type=photo&orientation=horizontal&safesearch=True HTTP/11" 301 167
2025-01-09 13:59:15,554 - DEBUG - https://pixabay.com:443 "GET /api/?key=48133257-76310a353e67a7ce6140a42f4&q=medical+spa&per_page=15&page=2&image_type=photo&orientation=horizontal&safesearch=True HTTP/11" 200 None
2025-01-09 13:59:15,557 - INFO - Pixabay results page 2: 15
2025-01-09 13:59:15,557 - INFO - 
Trying Pexels search with query: medical spa (page 2)
2025-01-09 13:59:15,558 - INFO - Using Pexels API key: RCoXOGDmjtszWCUwiM7a0s6gesH12E6Gugb6WdYdykYKsjNVK564JiKI
2025-01-09 13:59:15,558 - INFO - Making request to Pexels API...
2025-01-09 13:59:15,560 - DEBUG - Starting new HTTPS connection (1): api.pexels.com:443
2025-01-09 13:59:16,276 - DEBUG - https://api.pexels.com:443 "GET /v1/search?query=medical+spa&per_page=15&page=2&orientation=landscape HTTP/11" 200 None
2025-01-09 13:59:16,277 - INFO - Pexels response status: 200
2025-01-09 13:59:16,278 - INFO - Pexels response headers: {'Date': 'Thu, 09 Jan 2025 18:58:38 GMT', 'Content-Type': 'application/json; charset=utf-8', 'Transfer-Encoding': 'chunked', 'Connection': 'keep-alive', 'CF-Ray': '8ff6a8ef2e202f18-IAD', 'CF-Cache-Status': 'HIT', 'Access-Control-Allow-Origin': '*', 'Age': '138', 'Cache-Control': 'max-age=86400', 'ETag': 'W/"3f4ed9688f945b004090f9f1801b49a4"', 'Expires': 'Fri, 10 Jan 2025 18:58:38 GMT', 'Access-Control-Allow-Headers': 'Accept, Content-Type, Content-Length, Accept-Encoding, Authorization, User-Agent', 'x-frame-options': 'SAMEORIGIN', 'X-Ratelimit-Limit': '25000', 'X-Ratelimit-Remaining': '24944', 'X-Ratelimit-Reset': '1739038210', 'x-request-id': '596b85c4-1700-4de9-992b-a38acbbc4056', 'x-runtime': '0.144704', 'Set-Cookie': '__cf_bm=Nhm5EbZhiED6a1P1EhqBAYs1QBkk_i2jDRkAcAyTlJI-1736449118-1.0.1.1-xygs_c98g9vcG75ceEMnPYhLWDu96rOFdi6_dRGaYMOGu2YXm3HTewDITKr16pyQz63ErS7s5E_b9rPBdNSOZA; path=/; expires=Thu, 09-Jan-25 19:28:38 GMT; domain=.pexels.com; HttpOnly; Secure; SameSite=None, _cfuvid=IuuDMDoBmqRgYlj6IOR_ny0ZQepCFeauqEDVdNCHgRc-1736449118685-0.0.1.1-604800000; path=/; domain=.pexels.com; HttpOnly; Secure; SameSite=None', 'Vary': 'Accept-Encoding', 'Server': 'cloudflare', 'Content-Encoding': 'gzip', 'alt-svc': 'h3=":443"; ma=86400'}
2025-01-09 13:59:16,279 - INFO - Pexels response data: {'page': 2, 'per_page': 15, 'photos': [{'id': 6663590, 'width': 3500, 'height': 2336, 'url': 'https://www.pexels.com/photo/person-holding-white-medical-dropper-6663590/', 'photographer': 'Arina Krasnikova', 'photographer_url': 'https://www.pexels.com/@arina-krasnikova', 'photographer_id': 3414985, 'avg_color': '#6C5644', 'src': {'original': 'https://images.pexels.com/photos/6663590/pexels-photo-6663590.jpeg', 'large2x': 'https://images.pexels.com/photos/6663590/pexels-photo-6663590.jpeg?auto=com...
2025-01-09 13:59:16,279 - INFO - Successfully processed 15 Pexels images
2025-01-09 13:59:16,281 - INFO - Pexels results page 2: 15
2025-01-09 13:59:16,282 - INFO - 127.0.0.1 - - [09/Jan/2025 13:59:16] "GET /search?query=medical%20spa&pixabay_page=2&pexels_page=2&t=1736449154308 HTTP/1.1" 200 -
2025-01-09 13:59:44,395 - INFO - 
Searching Pixabay for: weight loss (page 1)
2025-01-09 13:59:44,397 - DEBUG - Starting new HTTPS connection (1): pixabay.com:443
2025-01-09 13:59:45,060 - DEBUG - https://pixabay.com:443 "GET /api?key=48133257-76310a353e67a7ce6140a42f4&q=weight+loss&per_page=15&page=1&image_type=photo&orientation=horizontal&safesearch=True HTTP/11" 301 None
2025-01-09 13:59:45,062 - DEBUG - Starting new HTTP connection (1): pixabay.com:80
2025-01-09 13:59:45,139 - DEBUG - http://pixabay.com:80 "GET /api/?key=48133257-76310a353e67a7ce6140a42f4&q=weight+loss&per_page=15&page=1&image_type=photo&orientation=horizontal&safesearch=True HTTP/11" 301 167
2025-01-09 13:59:45,387 - DEBUG - https://pixabay.com:443 "GET /api/?key=48133257-76310a353e67a7ce6140a42f4&q=weight+loss&per_page=15&page=1&image_type=photo&orientation=horizontal&safesearch=True HTTP/11" 200 None
2025-01-09 13:59:45,390 - INFO - Pixabay results page 1: 15
2025-01-09 13:59:45,391 - INFO - 
Trying Pexels search with query: weight loss (page 1)
2025-01-09 13:59:45,391 - INFO - Using Pexels API key: RCoXOGDmjtszWCUwiM7a0s6gesH12E6Gugb6WdYdykYKsjNVK564JiKI
2025-01-09 13:59:45,391 - INFO - Making request to Pexels API...
2025-01-09 13:59:45,393 - DEBUG - Starting new HTTPS connection (1): api.pexels.com:443
2025-01-09 13:59:46,343 - DEBUG - https://api.pexels.com:443 "GET /v1/search?query=weight+loss&per_page=15&page=1&orientation=landscape HTTP/11" 200 None
2025-01-09 13:59:46,344 - INFO - Pexels response status: 200
2025-01-09 13:59:46,344 - INFO - Pexels response headers: {'Date': 'Thu, 09 Jan 2025 18:59:08 GMT', 'Content-Type': 'application/json; charset=utf-8', 'Transfer-Encoding': 'chunked', 'Connection': 'keep-alive', 'CF-Ray': '8ff6a9a9c94a202d-IAD', 'CF-Cache-Status': 'MISS', 'Access-Control-Allow-Origin': '*', 'Cache-Control': 'max-age=86400', 'ETag': 'W/"52d2114239bc2092409866950aa5ce82"', 'Expires': 'Fri, 10 Jan 2025 18:59:08 GMT', 'Access-Control-Allow-Headers': 'Accept, Content-Type, Content-Length, Accept-Encoding, Authorization, User-Agent', 'x-frame-options': 'SAMEORIGIN', 'X-Ratelimit-Limit': '25000', 'X-Ratelimit-Remaining': '24943', 'X-Ratelimit-Reset': '1739038210', 'x-request-id': 'a11376c9-4de5-4ae7-85bd-9db024fc368f', 'x-runtime': '0.102008', 'Set-Cookie': '__cf_bm=EwBF8rgFbJb6E_lM5Z85q9ah13Q0cTWgTuvX2EZnrBI-1736449148-1.0.1.1-HthIbphInChRq5bf_wUEly5BFQpO8MZS5xE0QYJuQtIRIPjJ8hWt2X.OAYGcFIw8dNYBPLZX49joBvA7yVXLuQ; path=/; expires=Thu, 09-Jan-25 19:29:08 GMT; domain=.pexels.com; HttpOnly; Secure; SameSite=None, _cfuvid=WjWMjp3PwTPfVgx49Ktj4u0bJeytziEGuWTAes6KveY-1736449148750-0.0.1.1-604800000; path=/; domain=.pexels.com; HttpOnly; Secure; SameSite=None', 'Vary': 'Accept-Encoding', 'Server': 'cloudflare', 'Content-Encoding': 'gzip', 'alt-svc': 'h3=":443"; ma=86400'}
2025-01-09 13:59:46,345 - INFO - Pexels response data: {'page': 1, 'per_page': 15, 'photos': [{'id': 2377045, 'width': 4594, 'height': 2903, 'url': 'https://www.pexels.com/photo/scrabble-pieces-on-a-plate-2377045/', 'photographer': 'Total Shape', 'photographer_url': 'https://www.pexels.com/@totalshape', 'photographer_id': 1249036, 'avg_color': '#A8C5CC', 'src': {'original': 'https://images.pexels.com/photos/2377045/pexels-photo-2377045.jpeg', 'large2x': 'https://images.pexels.com/photos/2377045/pexels-photo-2377045.jpeg?auto=compress&cs=tinysrgb&dpr...
2025-01-09 13:59:46,346 - INFO - Successfully processed 15 Pexels images
2025-01-09 13:59:46,348 - INFO - Pexels results page 1: 15
2025-01-09 13:59:46,349 - INFO - 127.0.0.1 - - [09/Jan/2025 13:59:46] "GET /search?query=weight%20loss&pixabay_page=1&pexels_page=1&t=1736449184393 HTTP/1.1" 200 -
2025-01-09 14:00:01,506 - INFO - 
Searching Pixabay for: weight loss (page 1)
2025-01-09 14:00:01,508 - DEBUG - Starting new HTTPS connection (1): pixabay.com:443
2025-01-09 14:00:02,273 - DEBUG - https://pixabay.com:443 "GET /api?key=48133257-76310a353e67a7ce6140a42f4&q=weight+loss&per_page=15&page=1&image_type=photo&orientation=horizontal&safesearch=True HTTP/11" 301 None
2025-01-09 14:00:02,275 - DEBUG - Starting new HTTP connection (1): pixabay.com:80
2025-01-09 14:00:02,343 - DEBUG - http://pixabay.com:80 "GET /api/?key=48133257-76310a353e67a7ce6140a42f4&q=weight+loss&per_page=15&page=1&image_type=photo&orientation=horizontal&safesearch=True HTTP/11" 301 167
2025-01-09 14:00:02,519 - DEBUG - https://pixabay.com:443 "GET /api/?key=48133257-76310a353e67a7ce6140a42f4&q=weight+loss&per_page=15&page=1&image_type=photo&orientation=horizontal&safesearch=True HTTP/11" 200 None
2025-01-09 14:00:02,525 - INFO - Pixabay results page 1: 15
2025-01-09 14:00:02,525 - INFO - 
Trying Pexels search with query: weight loss (page 2)
2025-01-09 14:00:02,526 - INFO - Using Pexels API key: RCoXOGDmjtszWCUwiM7a0s6gesH12E6Gugb6WdYdykYKsjNVK564JiKI
2025-01-09 14:00:02,526 - INFO - Making request to Pexels API...
2025-01-09 14:00:02,528 - DEBUG - Starting new HTTPS connection (1): api.pexels.com:443
2025-01-09 14:00:03,328 - DEBUG - https://api.pexels.com:443 "GET /v1/search?query=weight+loss&per_page=15&page=2&orientation=landscape HTTP/11" 200 None
2025-01-09 14:00:03,329 - INFO - Pexels response status: 200
2025-01-09 14:00:03,329 - INFO - Pexels response headers: {'Date': 'Thu, 09 Jan 2025 18:59:25 GMT', 'Content-Type': 'application/json; charset=utf-8', 'Transfer-Encoding': 'chunked', 'Connection': 'keep-alive', 'CF-Ray': '8ff6aa146f786fc1-IAD', 'CF-Cache-Status': 'MISS', 'Access-Control-Allow-Origin': '*', 'Cache-Control': 'max-age=86400', 'ETag': 'W/"82e35780a1291b65265f148b0e9e3f3c"', 'Expires': 'Fri, 10 Jan 2025 18:59:25 GMT', 'Access-Control-Allow-Headers': 'Accept, Content-Type, Content-Length, Accept-Encoding, Authorization, User-Agent', 'x-frame-options': 'SAMEORIGIN', 'X-Ratelimit-Limit': '25000', 'X-Ratelimit-Remaining': '24942', 'X-Ratelimit-Reset': '1739038210', 'x-request-id': 'f4bff2a2-bba7-4e83-aaf7-4fb69fc09e91', 'x-runtime': '0.104186', 'Set-Cookie': '__cf_bm=XOWT0.E_u37RYLFTViORNPhhM_D24s6gX._YNWohst4-1736449165-1.0.1.1-WmDWqVgLB5_ZxZ249Ab7h76QCzJFtyifcLB5BWFl947Refvvpca8x4ag7pasy0AcVUj0NutvsOSrwJ5ucdVS_g; path=/; expires=Thu, 09-Jan-25 19:29:25 GMT; domain=.pexels.com; HttpOnly; Secure; SameSite=None, _cfuvid=ndWqwLU4yKLjSMeiKWvPs3RVbGO0TFL52uJokG3orF0-1736449165736-0.0.1.1-604800000; path=/; domain=.pexels.com; HttpOnly; Secure; SameSite=None', 'Vary': 'Accept-Encoding', 'Server': 'cloudflare', 'Content-Encoding': 'gzip', 'alt-svc': 'h3=":443"; ma=86400'}
2025-01-09 14:00:03,330 - INFO - Pexels response data: {'page': 2, 'per_page': 15, 'photos': [{'id': 6975481, 'width': 6016, 'height': 4016, 'url': 'https://www.pexels.com/photo/crop-woman-in-oversized-pants-6975481/', 'photographer': 'SHVETS production', 'photographer_url': 'https://www.pexels.com/@shvets-production', 'photographer_id': 30353109, 'avg_color': '#CBCAC6', 'src': {'original': 'https://images.pexels.com/photos/6975481/pexels-photo-6975481.jpeg', 'large2x': 'https://images.pexels.com/photos/6975481/pexels-photo-6975481.jpeg?auto=compres...
2025-01-09 14:00:03,330 - INFO - Successfully processed 15 Pexels images
2025-01-09 14:00:03,332 - INFO - Pexels results page 2: 15
2025-01-09 14:00:03,333 - INFO - 127.0.0.1 - - [09/Jan/2025 14:00:03] "GET /search?query=weight%20loss&pixabay_page=1&pexels_page=2&t=1736449201188 HTTP/1.1" 200 -
2025-01-09 14:00:23,765 - INFO - 
Searching Pixabay for: weight loss (page 2)
2025-01-09 14:00:23,768 - DEBUG - Starting new HTTPS connection (1): pixabay.com:443
2025-01-09 14:00:24,494 - DEBUG - https://pixabay.com:443 "GET /api?key=48133257-76310a353e67a7ce6140a42f4&q=weight+loss&per_page=15&page=2&image_type=photo&orientation=horizontal&safesearch=True HTTP/11" 301 None
2025-01-09 14:00:24,497 - DEBUG - Starting new HTTP connection (1): pixabay.com:80
2025-01-09 14:00:24,554 - DEBUG - http://pixabay.com:80 "GET /api/?key=48133257-76310a353e67a7ce6140a42f4&q=weight+loss&per_page=15&page=2&image_type=photo&orientation=horizontal&safesearch=True HTTP/11" 301 167
2025-01-09 14:00:24,717 - DEBUG - https://pixabay.com:443 "GET /api/?key=48133257-76310a353e67a7ce6140a42f4&q=weight+loss&per_page=15&page=2&image_type=photo&orientation=horizontal&safesearch=True HTTP/11" 200 None
2025-01-09 14:00:24,723 - INFO - Pixabay results page 2: 15
2025-01-09 14:00:24,723 - INFO - 
Trying Pexels search with query: weight loss (page 2)
2025-01-09 14:00:24,723 - INFO - Using Pexels API key: RCoXOGDmjtszWCUwiM7a0s6gesH12E6Gugb6WdYdykYKsjNVK564JiKI
2025-01-09 14:00:24,723 - INFO - Making request to Pexels API...
2025-01-09 14:00:24,725 - DEBUG - Starting new HTTPS connection (1): api.pexels.com:443
2025-01-09 14:00:25,560 - DEBUG - https://api.pexels.com:443 "GET /v1/search?query=weight+loss&per_page=15&page=2&orientation=landscape HTTP/11" 200 None
2025-01-09 14:00:25,561 - INFO - Pexels response status: 200
2025-01-09 14:00:25,562 - INFO - Pexels response headers: {'Date': 'Thu, 09 Jan 2025 18:59:47 GMT', 'Content-Type': 'application/json; charset=utf-8', 'Transfer-Encoding': 'chunked', 'Connection': 'keep-alive', 'CF-Ray': '8ff6aaa03e0c0804-IAD', 'CF-Cache-Status': 'HIT', 'Access-Control-Allow-Origin': '*', 'Age': '22', 'Cache-Control': 'max-age=86400', 'ETag': 'W/"82e35780a1291b65265f148b0e9e3f3c"', 'Expires': 'Fri, 10 Jan 2025 18:59:47 GMT', 'Access-Control-Allow-Headers': 'Accept, Content-Type, Content-Length, Accept-Encoding, Authorization, User-Agent', 'x-frame-options': 'SAMEORIGIN', 'X-Ratelimit-Limit': '25000', 'X-Ratelimit-Remaining': '24941', 'X-Ratelimit-Reset': '1739038210', 'x-request-id': 'f4bff2a2-bba7-4e83-aaf7-4fb69fc09e91', 'x-runtime': '0.104186', 'Set-Cookie': '__cf_bm=TZON7Fu1SEMFJMMFUQB5OeWhr2nGBsqSBfvzxXwCUzk-1736449187-1.0.1.1-BmUVRQcwM92_l8XOT3d.YjHvcEPrN4hQ20GFYLpUV5hR0ocbyoOPEaTItgOo_uD4EWPgu5gQih6RotpGL_BUYA; path=/; expires=Thu, 09-Jan-25 19:29:47 GMT; domain=.pexels.com; HttpOnly; Secure; SameSite=None, _cfuvid=RxBPKDMao7vyiDo8WfzSYEeyJmukAa3VpnzAC.xN6E0-1736449187969-0.0.1.1-604800000; path=/; domain=.pexels.com; HttpOnly; Secure; SameSite=None', 'Vary': 'Accept-Encoding', 'Server': 'cloudflare', 'Content-Encoding': 'gzip', 'alt-svc': 'h3=":443"; ma=86400'}
2025-01-09 14:00:25,563 - INFO - Pexels response data: {'page': 2, 'per_page': 15, 'photos': [{'id': 6975481, 'width': 6016, 'height': 4016, 'url': 'https://www.pexels.com/photo/crop-woman-in-oversized-pants-6975481/', 'photographer': 'SHVETS production', 'photographer_url': 'https://www.pexels.com/@shvets-production', 'photographer_id': 30353109, 'avg_color': '#CBCAC6', 'src': {'original': 'https://images.pexels.com/photos/6975481/pexels-photo-6975481.jpeg', 'large2x': 'https://images.pexels.com/photos/6975481/pexels-photo-6975481.jpeg?auto=compres...
2025-01-09 14:00:25,563 - INFO - Successfully processed 15 Pexels images
2025-01-09 14:00:25,565 - INFO - Pexels results page 2: 15
2025-01-09 14:00:25,567 - INFO - 127.0.0.1 - - [09/Jan/2025 14:00:25] "GET /search?query=weight%20loss&pixabay_page=2&pexels_page=2&t=1736449223763 HTTP/1.1" 200 -
2025-01-09 14:00:51,677 - INFO - Downloading 9 images to c:\Users\Big Daddy Pyatt\CascadeProjects\subscriptions\nextjs-subscription-payments\SpotCircuit\medical_spa_offers\aeo_offer\assets\images
2025-01-09 14:00:51,677 - INFO - Downloading image (background) to: c:\Users\Big Daddy Pyatt\CascadeProjects\subscriptions\nextjs-subscription-payments\SpotCircuit\medical_spa_offers\aeo_offer\assets\images\background_010925_14_00_1.webp
2025-01-09 14:00:51,677 - INFO - Download error: 'url'
2025-01-09 14:00:51,678 - INFO - 127.0.0.1 - - [09/Jan/2025 14:00:51] "POST /download HTTP/1.1" 200 -
2025-01-09 14:01:59,135 - INFO - 
=== Starting Pexels Image Finder ===
2025-01-09 14:01:59,135 - INFO - Server running on http://localhost:3800
2025-01-09 14:01:59,167 - INFO - [31m[1mWARNING: This is a development server. Do not use it in a production deployment. Use a production WSGI server instead.[0m
 * Running on http://127.0.0.1:3800
2025-01-09 14:01:59,167 - INFO - [33mPress CTRL+C to quit[0m
2025-01-09 14:01:59,175 - INFO -  * Restarting with stat
2025-01-09 14:01:59,902 - INFO - 
=== Starting Pexels Image Finder ===
2025-01-09 14:01:59,902 - INFO - Server running on http://localhost:3800
2025-01-09 14:01:59,930 - WARNING -  * Debugger is active!
2025-01-09 14:01:59,953 - INFO -  * Debugger PIN: 139-578-246
2025-01-09 14:02:15,625 - INFO - 127.0.0.1 - - [09/Jan/2025 14:02:15] "GET / HTTP/1.1" 200 -
2025-01-09 14:02:15,761 - INFO - 
Searching Pixabay for: medical spa (page 1)
2025-01-09 14:02:15,764 - DEBUG - Starting new HTTPS connection (1): pixabay.com:443
2025-01-09 14:02:16,549 - DEBUG - https://pixabay.com:443 "GET /api?key=48133257-76310a353e67a7ce6140a42f4&q=medical+spa&per_page=15&page=1&image_type=photo&orientation=horizontal&safesearch=True HTTP/11" 301 None
2025-01-09 14:02:16,551 - DEBUG - Starting new HTTP connection (1): pixabay.com:80
2025-01-09 14:02:16,641 - DEBUG - http://pixabay.com:80 "GET /api/?key=48133257-76310a353e67a7ce6140a42f4&q=medical+spa&per_page=15&page=1&image_type=photo&orientation=horizontal&safesearch=True HTTP/11" 301 167
2025-01-09 14:02:16,866 - DEBUG - https://pixabay.com:443 "GET /api/?key=48133257-76310a353e67a7ce6140a42f4&q=medical+spa&per_page=15&page=1&image_type=photo&orientation=horizontal&safesearch=True HTTP/11" 200 None
2025-01-09 14:02:16,871 - INFO - Pixabay results page 1: 15
2025-01-09 14:02:16,873 - INFO - 
Trying Pexels search with query: medical spa (page 1)
2025-01-09 14:02:16,873 - INFO - Using Pexels API key: RCoXOGDmjtszWCUwiM7a0s6gesH12E6Gugb6WdYdykYKsjNVK564JiKI
2025-01-09 14:02:16,873 - INFO - Making request to Pexels API...
2025-01-09 14:02:16,875 - DEBUG - Starting new HTTPS connection (1): api.pexels.com:443
2025-01-09 14:02:17,454 - DEBUG - https://api.pexels.com:443 "GET /v1/search?query=medical+spa&per_page=15&page=1&orientation=landscape HTTP/11" 200 None
2025-01-09 14:02:17,457 - INFO - Pexels response status: 200
2025-01-09 14:02:17,458 - INFO - Pexels response headers: {'Date': 'Thu, 09 Jan 2025 19:01:39 GMT', 'Content-Type': 'application/json; charset=utf-8', 'Transfer-Encoding': 'chunked', 'Connection': 'keep-alive', 'CF-Ray': '8ff6ad5bb9f3c59b-IAD', 'CF-Cache-Status': 'HIT', 'Access-Control-Allow-Origin': '*', 'Age': '749', 'Cache-Control': 'max-age=86400', 'ETag': 'W/"c51aa84a549d2535baea17e42ac826bd"', 'Expires': 'Fri, 10 Jan 2025 19:01:39 GMT', 'Access-Control-Allow-Headers': 'Accept, Content-Type, Content-Length, Accept-Encoding, Authorization, User-Agent', 'x-frame-options': 'SAMEORIGIN', 'X-Ratelimit-Limit': '25000', 'X-Ratelimit-Remaining': '24940', 'X-Ratelimit-Reset': '1739038210', 'x-request-id': '052503f8-584a-4bd1-bbfb-820d988d046d', 'x-runtime': '0.214760', 'Set-Cookie': '__cf_bm=0P.rSjJrbGatgOsGFZNJb8ig9NQV9aeS2pnZM8rxteI-1736449299-1.0.1.1-H4d2wgglxf7RrpAK3xKwwS5V0UIY2Ncq_h1Wz9B3_ymexs9VAae7.UV4SWyFD2w_yswYqyF3hi76Jhm7Td.jVA; path=/; expires=Thu, 09-Jan-25 19:31:39 GMT; domain=.pexels.com; HttpOnly; Secure; SameSite=None, _cfuvid=EiSa7sNX78IyIuCve64ev66.iWmnUju4csUnCs37OK4-1736449299863-0.0.1.1-604800000; path=/; domain=.pexels.com; HttpOnly; Secure; SameSite=None', 'Vary': 'Accept-Encoding', 'Server': 'cloudflare', 'Content-Encoding': 'gzip', 'alt-svc': 'h3=":443"; ma=86400'}
2025-01-09 14:02:17,458 - INFO - Pexels response data: {'page': 1, 'per_page': 15, 'photos': [{'id': 16131207, 'width': 5666, 'height': 3777, 'url': 'https://www.pexels.com/photo/woman-during-facial-treatment-16131207/', 'photographer': 'Omar Medina', 'photographer_url': 'https://www.pexels.com/@omarmedinaoficial', 'photographer_id': 16618519, 'avg_color': '#C1C1C3', 'src': {'original': 'https://images.pexels.com/photos/16131207/pexels-photo-16131207.jpeg', 'large2x': 'https://images.pexels.com/photos/16131207/pexels-photo-16131207.jpeg?auto=compres...
2025-01-09 14:02:17,459 - INFO - Successfully processed 15 Pexels images
2025-01-09 14:02:17,460 - INFO - Pexels results page 1: 15
2025-01-09 14:02:17,461 - INFO - 127.0.0.1 - - [09/Jan/2025 14:02:17] "GET /search?query=medical%20spa&pixabay_page=1&pexels_page=1&t=1736449335759 HTTP/1.1" 200 -
2025-01-09 14:02:38,968 - INFO - 
Searching Pixabay for: ozempic (page 1)
2025-01-09 14:02:38,971 - DEBUG - Starting new HTTPS connection (1): pixabay.com:443
2025-01-09 14:02:39,782 - DEBUG - https://pixabay.com:443 "GET /api?key=48133257-76310a353e67a7ce6140a42f4&q=ozempic&per_page=15&page=1&image_type=photo&orientation=horizontal&safesearch=True HTTP/11" 301 None
2025-01-09 14:02:39,784 - DEBUG - Starting new HTTP connection (1): pixabay.com:80
2025-01-09 14:02:39,948 - DEBUG - http://pixabay.com:80 "GET /api/?key=48133257-76310a353e67a7ce6140a42f4&q=ozempic&per_page=15&page=1&image_type=photo&orientation=horizontal&safesearch=True HTTP/11" 301 167
2025-01-09 14:02:40,322 - DEBUG - https://pixabay.com:443 "GET /api/?key=48133257-76310a353e67a7ce6140a42f4&q=ozempic&per_page=15&page=1&image_type=photo&orientation=horizontal&safesearch=True HTTP/11" 200 None
2025-01-09 14:02:40,326 - INFO - Pixabay results page 1: 1
2025-01-09 14:02:40,326 - INFO - 
Trying Pexels search with query: ozempic (page 1)
2025-01-09 14:02:40,326 - INFO - Using Pexels API key: RCoXOGDmjtszWCUwiM7a0s6gesH12E6Gugb6WdYdykYKsjNVK564JiKI
2025-01-09 14:02:40,327 - INFO - Making request to Pexels API...
2025-01-09 14:02:40,328 - DEBUG - Starting new HTTPS connection (1): api.pexels.com:443
2025-01-09 14:02:41,166 - DEBUG - https://api.pexels.com:443 "GET /v1/search?query=ozempic&per_page=15&page=1&orientation=landscape HTTP/11" 200 None
2025-01-09 14:02:41,168 - INFO - Pexels response status: 200
2025-01-09 14:02:41,168 - INFO - Pexels response headers: {'Date': 'Thu, 09 Jan 2025 19:02:03 GMT', 'Content-Type': 'application/json; charset=utf-8', 'Transfer-Encoding': 'chunked', 'Connection': 'keep-alive', 'CF-Ray': '8ff6adef9db0c971-IAD', 'CF-Cache-Status': 'MISS', 'Access-Control-Allow-Origin': '*', 'Cache-Control': 'max-age=86400', 'ETag': 'W/"46719f29bddec79042505bb0513aefe9"', 'Expires': 'Fri, 10 Jan 2025 19:02:03 GMT', 'Access-Control-Allow-Headers': 'Accept, Content-Type, Content-Length, Accept-Encoding, Authorization, User-Agent', 'x-frame-options': 'SAMEORIGIN', 'X-Ratelimit-Limit': '25000', 'X-Ratelimit-Remaining': '24939', 'X-Ratelimit-Reset': '1739038210', 'x-request-id': '5a450dc3-b1f4-43aa-b763-6157bb5d9543', 'x-runtime': '0.036862', 'Set-Cookie': '__cf_bm=8uV52dCjI_sX113v9hh0CDdRllp4vx4kxBNWhOwxnGI-1736449323-1.0.1.1-ibhUeYZzFp3c28tYhPSAPGihkfrVDlxscuVVREDXv6VFTf2jpWsONQhxPE.f8tM4UQnEgv5yVFQzFkqrntEVqw; path=/; expires=Thu, 09-Jan-25 19:32:03 GMT; domain=.pexels.com; HttpOnly; Secure; SameSite=None, _cfuvid=YnYOI3RE7.c8OUob48yezY8Bwb2OWNyJagvel10xowM-1736449323576-0.0.1.1-604800000; path=/; domain=.pexels.com; HttpOnly; Secure; SameSite=None', 'Vary': 'Accept-Encoding', 'Server': 'cloudflare', 'Content-Encoding': 'gzip', 'alt-svc': 'h3=":443"; ma=86400'}
2025-01-09 14:02:41,169 - INFO - Pexels response data: {'page': 1, 'per_page': 15, 'photos': [{'id': 18512879, 'width': 3999, 'height': 2667, 'url': 'https://www.pexels.com/photo/ozempic-18512879/', 'photographer': 'Markus Winkler', 'photographer_url': 'https://www.pexels.com/@markus-winkler-1430818', 'photographer_id': 1430818, 'avg_color': '#E0D0C1', 'src': {'original': 'https://images.pexels.com/photos/18512879/pexels-photo-18512879.jpeg', 'large2x': 'https://images.pexels.com/photos/18512879/pexels-photo-18512879.jpeg?auto=compress&cs=tinysrgb&d...
2025-01-09 14:02:41,169 - INFO - Successfully processed 1 Pexels images
2025-01-09 14:02:41,171 - INFO - Pexels results page 1: 1
2025-01-09 14:02:41,172 - INFO - 127.0.0.1 - - [09/Jan/2025 14:02:41] "GET /search?query=ozempic&pixabay_page=1&pexels_page=1&t=1736449358966 HTTP/1.1" 200 -
2025-01-09 14:02:47,650 - INFO - 
Searching Pixabay for: ozempic (page 2)
2025-01-09 14:02:47,651 - DEBUG - Starting new HTTPS connection (1): pixabay.com:443
2025-01-09 14:02:48,295 - DEBUG - https://pixabay.com:443 "GET /api?key=48133257-76310a353e67a7ce6140a42f4&q=ozempic&per_page=15&page=2&image_type=photo&orientation=horizontal&safesearch=True HTTP/11" 301 None
2025-01-09 14:02:48,298 - DEBUG - Starting new HTTP connection (1): pixabay.com:80
2025-01-09 14:02:48,369 - DEBUG - http://pixabay.com:80 "GET /api/?key=48133257-76310a353e67a7ce6140a42f4&q=ozempic&per_page=15&page=2&image_type=photo&orientation=horizontal&safesearch=True HTTP/11" 301 167
2025-01-09 14:02:48,458 - DEBUG - https://pixabay.com:443 "GET /api/?key=48133257-76310a353e67a7ce6140a42f4&q=ozempic&per_page=15&page=2&image_type=photo&orientation=horizontal&safesearch=True HTTP/11" 200 35
2025-01-09 14:02:48,462 - INFO - Pixabay results page 2: 0
2025-01-09 14:02:48,462 - INFO - 
Trying Pexels search with query: ozempic (page 1)
2025-01-09 14:02:48,462 - INFO - Using Pexels API key: RCoXOGDmjtszWCUwiM7a0s6gesH12E6Gugb6WdYdykYKsjNVK564JiKI
2025-01-09 14:02:48,463 - INFO - Making request to Pexels API...
2025-01-09 14:02:48,464 - DEBUG - Starting new HTTPS connection (1): api.pexels.com:443
2025-01-09 14:02:49,337 - DEBUG - https://api.pexels.com:443 "GET /v1/search?query=ozempic&per_page=15&page=1&orientation=landscape HTTP/11" 200 None
2025-01-09 14:02:49,338 - INFO - Pexels response status: 200
2025-01-09 14:02:49,338 - INFO - Pexels response headers: {'Date': 'Thu, 09 Jan 2025 19:02:11 GMT', 'Content-Type': 'application/json; charset=utf-8', 'Transfer-Encoding': 'chunked', 'Connection': 'keep-alive', 'CF-Ray': '8ff6ae22aafd38a9-IAD', 'CF-Cache-Status': 'HIT', 'Access-Control-Allow-Origin': '*', 'Age': '8', 'Cache-Control': 'max-age=86400', 'ETag': 'W/"46719f29bddec79042505bb0513aefe9"', 'Expires': 'Fri, 10 Jan 2025 19:02:11 GMT', 'Access-Control-Allow-Headers': 'Accept, Content-Type, Content-Length, Accept-Encoding, Authorization, User-Agent', 'x-frame-options': 'SAMEORIGIN', 'X-Ratelimit-Limit': '25000', 'X-Ratelimit-Remaining': '24938', 'X-Ratelimit-Reset': '1739038210', 'x-request-id': '5a450dc3-b1f4-43aa-b763-6157bb5d9543', 'x-runtime': '0.036862', 'Set-Cookie': '__cf_bm=UkOYIqSF7UeElnVKk2hSnbF3rV_6f4n4lDpZdpJ9Lls-1736449331-1.0.1.1-uCaa3vKkKuowMU6nbLqt_DI06JMAL_ijsW42zr5mn6oqShKkcWBWJazLeP4ep99pPVbsPnpEAVHE6KAGgY3Z4A; path=/; expires=Thu, 09-Jan-25 19:32:11 GMT; domain=.pexels.com; HttpOnly; Secure; SameSite=None, _cfuvid=7fwtmRKo25m0Q6aE4FRKMBZxNC85db9Vti6ngiJHSMg-1736449331746-0.0.1.1-604800000; path=/; domain=.pexels.com; HttpOnly; Secure; SameSite=None', 'Vary': 'Accept-Encoding', 'Server': 'cloudflare', 'Content-Encoding': 'gzip', 'alt-svc': 'h3=":443"; ma=86400'}
2025-01-09 14:02:49,339 - INFO - Pexels response data: {'page': 1, 'per_page': 15, 'photos': [{'id': 18512879, 'width': 3999, 'height': 2667, 'url': 'https://www.pexels.com/photo/ozempic-18512879/', 'photographer': 'Markus Winkler', 'photographer_url': 'https://www.pexels.com/@markus-winkler-1430818', 'photographer_id': 1430818, 'avg_color': '#E0D0C1', 'src': {'original': 'https://images.pexels.com/photos/18512879/pexels-photo-18512879.jpeg', 'large2x': 'https://images.pexels.com/photos/18512879/pexels-photo-18512879.jpeg?auto=compress&cs=tinysrgb&d...
2025-01-09 14:02:49,339 - INFO - Successfully processed 1 Pexels images
2025-01-09 14:02:49,341 - INFO - Pexels results page 1: 1
2025-01-09 14:02:49,343 - INFO - 127.0.0.1 - - [09/Jan/2025 14:02:49] "GET /search?query=ozempic&pixabay_page=2&pexels_page=1&t=1736449367339 HTTP/1.1" 200 -
2025-01-09 14:02:58,725 - INFO - 
Searching Pixabay for: medical weight loss (page 1)
2025-01-09 14:02:58,727 - DEBUG - Starting new HTTPS connection (1): pixabay.com:443
2025-01-09 14:02:59,431 - DEBUG - https://pixabay.com:443 "GET /api?key=48133257-76310a353e67a7ce6140a42f4&q=medical+weight+loss&per_page=15&page=1&image_type=photo&orientation=horizontal&safesearch=True HTTP/11" 301 None
2025-01-09 14:02:59,432 - DEBUG - Starting new HTTP connection (1): pixabay.com:80
2025-01-09 14:02:59,495 - DEBUG - http://pixabay.com:80 "GET /api/?key=48133257-76310a353e67a7ce6140a42f4&q=medical+weight+loss&per_page=15&page=1&image_type=photo&orientation=horizontal&safesearch=True HTTP/11" 301 167
2025-01-09 14:02:59,662 - DEBUG - https://pixabay.com:443 "GET /api/?key=48133257-76310a353e67a7ce6140a42f4&q=medical+weight+loss&per_page=15&page=1&image_type=photo&orientation=horizontal&safesearch=True HTTP/11" 200 None
2025-01-09 14:02:59,665 - INFO - Pixabay results page 1: 15
2025-01-09 14:02:59,666 - INFO - 
Trying Pexels search with query: medical weight loss (page 1)
2025-01-09 14:02:59,666 - INFO - Using Pexels API key: RCoXOGDmjtszWCUwiM7a0s6gesH12E6Gugb6WdYdykYKsjNVK564JiKI
2025-01-09 14:02:59,666 - INFO - Making request to Pexels API...
2025-01-09 14:02:59,668 - DEBUG - Starting new HTTPS connection (1): api.pexels.com:443
2025-01-09 14:03:00,385 - DEBUG - https://api.pexels.com:443 "GET /v1/search?query=medical+weight+loss&per_page=15&page=1&orientation=landscape HTTP/11" 200 None
2025-01-09 14:03:00,387 - INFO - Pexels response status: 200
2025-01-09 14:03:00,387 - INFO - Pexels response headers: {'Date': 'Thu, 09 Jan 2025 19:02:22 GMT', 'Content-Type': 'application/json; charset=utf-8', 'Transfer-Encoding': 'chunked', 'Connection': 'keep-alive', 'CF-Ray': '8ff6ae67d8e18242-IAD', 'CF-Cache-Status': 'HIT', 'Access-Control-Allow-Origin': '*', 'Age': '628', 'Cache-Control': 'max-age=86400', 'ETag': 'W/"94a5f7b31204b75e12bd43d575d040ee"', 'Expires': 'Fri, 10 Jan 2025 19:02:22 GMT', 'Access-Control-Allow-Headers': 'Accept, Content-Type, Content-Length, Accept-Encoding, Authorization, User-Agent', 'x-frame-options': 'SAMEORIGIN', 'X-Ratelimit-Limit': '25000', 'X-Ratelimit-Remaining': '24937', 'X-Ratelimit-Reset': '1739038210', 'x-request-id': '01fa996a-5418-486e-b208-196676110aa1', 'x-runtime': '0.167373', 'Set-Cookie': '__cf_bm=MqRkR8zgl2gSjyze52_oLhwQP9BMXF3sN8.EgQ0rYwk-1736449342-1.0.1.1-XgRR_nV338bh9KHufxDjaAiVtQu8ojotLepmEvMpfPsmgQz9qE3j.MZQxJZxxT5KZZyHgZ6choweLY.eeTCCzA; path=/; expires=Thu, 09-Jan-25 19:32:22 GMT; domain=.pexels.com; HttpOnly; Secure; SameSite=None, _cfuvid=H55SU0ik7hCgCWiXzS3o7L5H9vmFXmjaTJBJe4.yD4w-1736449342795-0.0.1.1-604800000; path=/; domain=.pexels.com; HttpOnly; Secure; SameSite=None', 'Vary': 'Accept-Encoding', 'Server': 'cloudflare', 'Content-Encoding': 'gzip', 'alt-svc': 'h3=":443"; ma=86400'}
2025-01-09 14:03:00,388 - INFO - Pexels response data: {'page': 1, 'per_page': 15, 'photos': [{'id': 3913020, 'width': 7952, 'height': 5304, 'url': 'https://www.pexels.com/photo/person-putting-ankle-foot-orthosis-to-the-patient-3913020/', 'photographer': 'ThisIsEngineering', 'photographer_url': 'https://www.pexels.com/@thisisengineering', 'photographer_id': 2149839, 'avg_color': '#574E48', 'src': {'original': 'https://images.pexels.com/photos/3913020/pexels-photo-3913020.jpeg', 'large2x': 'https://images.pexels.com/photos/3913020/pexels-photo-391302...
2025-01-09 14:03:00,388 - INFO - Successfully processed 15 Pexels images
2025-01-09 14:03:00,390 - INFO - Pexels results page 1: 15
2025-01-09 14:03:00,391 - INFO - 127.0.0.1 - - [09/Jan/2025 14:03:00] "GET /search?query=medical%20weight%20loss&pixabay_page=1&pexels_page=1&t=1736449378723 HTTP/1.1" 200 -
2025-01-09 14:03:16,217 - INFO - 
Searching Pixabay for: medical weight loss (page 1)
2025-01-09 14:03:16,220 - DEBUG - Starting new HTTPS connection (1): pixabay.com:443
2025-01-09 14:03:17,004 - DEBUG - https://pixabay.com:443 "GET /api?key=48133257-76310a353e67a7ce6140a42f4&q=medical+weight+loss&per_page=15&page=1&image_type=photo&orientation=horizontal&safesearch=True HTTP/11" 301 None
2025-01-09 14:03:17,009 - DEBUG - Starting new HTTP connection (1): pixabay.com:80
2025-01-09 14:03:17,068 - DEBUG - http://pixabay.com:80 "GET /api/?key=48133257-76310a353e67a7ce6140a42f4&q=medical+weight+loss&per_page=15&page=1&image_type=photo&orientation=horizontal&safesearch=True HTTP/11" 301 167
2025-01-09 14:03:17,189 - DEBUG - https://pixabay.com:443 "GET /api/?key=48133257-76310a353e67a7ce6140a42f4&q=medical+weight+loss&per_page=15&page=1&image_type=photo&orientation=horizontal&safesearch=True HTTP/11" 200 None
2025-01-09 14:03:17,194 - INFO - Pixabay results page 1: 15
2025-01-09 14:03:17,194 - INFO - 
Trying Pexels search with query: medical weight loss (page 2)
2025-01-09 14:03:17,195 - INFO - Using Pexels API key: RCoXOGDmjtszWCUwiM7a0s6gesH12E6Gugb6WdYdykYKsjNVK564JiKI
2025-01-09 14:03:17,195 - INFO - Making request to Pexels API...
2025-01-09 14:03:17,197 - DEBUG - Starting new HTTPS connection (1): api.pexels.com:443
2025-01-09 14:03:18,005 - DEBUG - https://api.pexels.com:443 "GET /v1/search?query=medical+weight+loss&per_page=15&page=2&orientation=landscape HTTP/11" 200 None
2025-01-09 14:03:18,006 - INFO - Pexels response status: 200
2025-01-09 14:03:18,006 - INFO - Pexels response headers: {'Date': 'Thu, 09 Jan 2025 19:02:40 GMT', 'Content-Type': 'application/json; charset=utf-8', 'Transfer-Encoding': 'chunked', 'Connection': 'keep-alive', 'CF-Ray': '8ff6aed5cdfa2d1a-IAD', 'CF-Cache-Status': 'HIT', 'Access-Control-Allow-Origin': '*', 'Age': '622', 'Cache-Control': 'max-age=86400', 'ETag': 'W/"c2c71595c08d2ba019f63bf283a97da9"', 'Expires': 'Fri, 10 Jan 2025 19:02:40 GMT', 'Access-Control-Allow-Headers': 'Accept, Content-Type, Content-Length, Accept-Encoding, Authorization, User-Agent', 'x-frame-options': 'SAMEORIGIN', 'X-Ratelimit-Limit': '25000', 'X-Ratelimit-Remaining': '24936', 'X-Ratelimit-Reset': '1739038210', 'x-request-id': 'c85fa3fd-9fe8-4ca7-ba51-2a32b6494a71', 'x-runtime': '0.254949', 'Set-Cookie': '__cf_bm=ZDvM9d5C.XBa69GdmnWcaz.c9DD2HkR8jKaIqBy1djA-1736449360-1.0.1.1-KxeKiKWRA7mCKvJVs4BUx.0VyRgkf6IFXMrr7W6QSNcwf6jWLsgXrWXcA.aNdDvPNsnwtuIzhbf5K5mD3MwZ2A; path=/; expires=Thu, 09-Jan-25 19:32:40 GMT; domain=.pexels.com; HttpOnly; Secure; SameSite=None, _cfuvid=ntuBnQfXj2HT_RU_s13iYqfxJog8k9n4mRx6vWchV.k-1736449360413-0.0.1.1-604800000; path=/; domain=.pexels.com; HttpOnly; Secure; SameSite=None', 'Vary': 'Accept-Encoding', 'Server': 'cloudflare', 'Content-Encoding': 'gzip', 'alt-svc': 'h3=":443"; ma=86400'}
2025-01-09 14:03:18,007 - INFO - Pexels response data: {'page': 2, 'per_page': 15, 'photos': [{'id': 7083683, 'width': 4733, 'height': 3009, 'url': 'https://www.pexels.com/photo/assorted-pills-and-tablets-piled-on-a-black-surface-7083683/', 'photographer': 'David  Peterson', 'photographer_url': 'https://www.pexels.com/@davidpeterson', 'photographer_id': 110068, 'avg_color': '#252020', 'src': {'original': 'https://images.pexels.com/photos/7083683/pexels-photo-7083683.jpeg', 'large2x': 'https://images.pexels.com/photos/7083683/pexels-photo-7083683.jpe...
2025-01-09 14:03:18,007 - INFO - Successfully processed 15 Pexels images
2025-01-09 14:03:18,010 - INFO - Pexels results page 2: 15
2025-01-09 14:03:18,012 - INFO - 127.0.0.1 - - [09/Jan/2025 14:03:18] "GET /search?query=medical%20weight%20loss&pixabay_page=1&pexels_page=2&t=1736449395899 HTTP/1.1" 200 -
2025-01-09 14:03:18,965 - INFO - 
Searching Pixabay for: medical weight loss (page 2)
2025-01-09 14:03:18,968 - DEBUG - Starting new HTTPS connection (1): pixabay.com:443
2025-01-09 14:03:19,759 - DEBUG - https://pixabay.com:443 "GET /api?key=48133257-76310a353e67a7ce6140a42f4&q=medical+weight+loss&per_page=15&page=2&image_type=photo&orientation=horizontal&safesearch=True HTTP/11" 301 None
2025-01-09 14:03:19,761 - DEBUG - Starting new HTTP connection (1): pixabay.com:80
2025-01-09 14:03:19,830 - DEBUG - http://pixabay.com:80 "GET /api/?key=48133257-76310a353e67a7ce6140a42f4&q=medical+weight+loss&per_page=15&page=2&image_type=photo&orientation=horizontal&safesearch=True HTTP/11" 301 167
2025-01-09 14:03:19,947 - DEBUG - https://pixabay.com:443 "GET /api/?key=48133257-76310a353e67a7ce6140a42f4&q=medical+weight+loss&per_page=15&page=2&image_type=photo&orientation=horizontal&safesearch=True HTTP/11" 200 None
2025-01-09 14:03:19,951 - INFO - Pixabay results page 2: 15
2025-01-09 14:03:19,951 - INFO - 
Trying Pexels search with query: medical weight loss (page 2)
2025-01-09 14:03:19,951 - INFO - Using Pexels API key: RCoXOGDmjtszWCUwiM7a0s6gesH12E6Gugb6WdYdykYKsjNVK564JiKI
2025-01-09 14:03:19,952 - INFO - Making request to Pexels API...
2025-01-09 14:03:19,953 - DEBUG - Starting new HTTPS connection (1): api.pexels.com:443
2025-01-09 14:03:20,762 - DEBUG - https://api.pexels.com:443 "GET /v1/search?query=medical+weight+loss&per_page=15&page=2&orientation=landscape HTTP/11" 200 None
2025-01-09 14:03:20,763 - INFO - Pexels response status: 200
2025-01-09 14:03:20,764 - INFO - Pexels response headers: {'Date': 'Thu, 09 Jan 2025 19:02:43 GMT', 'Content-Type': 'application/json; charset=utf-8', 'Transfer-Encoding': 'chunked', 'Connection': 'keep-alive', 'CF-Ray': '8ff6aee74acb0612-IAD', 'CF-Cache-Status': 'HIT', 'Access-Control-Allow-Origin': '*', 'Age': '625', 'Cache-Control': 'max-age=86400', 'ETag': 'W/"c2c71595c08d2ba019f63bf283a97da9"', 'Expires': 'Fri, 10 Jan 2025 19:02:43 GMT', 'Access-Control-Allow-Headers': 'Accept, Content-Type, Content-Length, Accept-Encoding, Authorization, User-Agent', 'x-frame-options': 'SAMEORIGIN', 'X-Ratelimit-Limit': '25000', 'X-Ratelimit-Remaining': '24935', 'X-Ratelimit-Reset': '1739038210', 'x-request-id': 'c85fa3fd-9fe8-4ca7-ba51-2a32b6494a71', 'x-runtime': '0.254949', 'Set-Cookie': '__cf_bm=1.PCe0V82XGHCnGW6XKUe4HrGTtRx3zFR8gvZ0C_Luo-1736449363-1.0.1.1-rNY5uEAIYIg4JxBqPGQLyYI5hz6UhWMOMebP6h.4NwPjBZJzvjQL3wNHID7bDa3gq3TUhe43b9EqTYRZCH6m9w; path=/; expires=Thu, 09-Jan-25 19:32:43 GMT; domain=.pexels.com; HttpOnly; Secure; SameSite=None, _cfuvid=wq7pVy5qF7GL.ngwQjrLP0hwCkrfaJOCjx..Z.S8md8-1736449363170-0.0.1.1-604800000; path=/; domain=.pexels.com; HttpOnly; Secure; SameSite=None', 'Vary': 'Accept-Encoding', 'Server': 'cloudflare', 'Content-Encoding': 'gzip', 'alt-svc': 'h3=":443"; ma=86400'}
2025-01-09 14:03:20,765 - INFO - Pexels response data: {'page': 2, 'per_page': 15, 'photos': [{'id': 7083683, 'width': 4733, 'height': 3009, 'url': 'https://www.pexels.com/photo/assorted-pills-and-tablets-piled-on-a-black-surface-7083683/', 'photographer': 'David  Peterson', 'photographer_url': 'https://www.pexels.com/@davidpeterson', 'photographer_id': 110068, 'avg_color': '#252020', 'src': {'original': 'https://images.pexels.com/photos/7083683/pexels-photo-7083683.jpeg', 'large2x': 'https://images.pexels.com/photos/7083683/pexels-photo-7083683.jpe...
2025-01-09 14:03:20,765 - INFO - Successfully processed 15 Pexels images
2025-01-09 14:03:20,768 - INFO - Pexels results page 2: 15
2025-01-09 14:03:20,769 - INFO - 127.0.0.1 - - [09/Jan/2025 14:03:20] "GET /search?query=medical%20weight%20loss&pixabay_page=2&pexels_page=2&t=1736449398963 HTTP/1.1" 200 -
2025-01-09 14:03:47,940 - INFO - Downloading 6 images to c:\Users\Big Daddy Pyatt\CascadeProjects\subscriptions\nextjs-subscription-payments\SpotCircuit\medical_spa_offers\aeo_offer\assets\images
2025-01-09 14:03:47,940 - INFO - Downloading image (gallery) to: c:\Users\Big Daddy Pyatt\CascadeProjects\subscriptions\nextjs-subscription-payments\SpotCircuit\medical_spa_offers\aeo_offer\assets\images\gallery_010925_14_03_1.webp
2025-01-09 14:03:47,942 - DEBUG - Starting new HTTPS connection (1): pixabay.com:443
2025-01-09 14:03:48,913 - DEBUG - https://pixabay.com:443 "GET /get/gfec06866752b6ac22ffb78b281baa5730fbb94d8c07abbb46cd2bc4e0fcd786f06daa561280ca80f937408cf78e1910d4c2c37c82adbababdc05f77ab240f115_1280.jpg HTTP/11" 200 215050
2025-01-09 14:03:49,013 - DEBUG - Importing BlpImagePlugin
2025-01-09 14:03:49,015 - DEBUG - Importing BmpImagePlugin
2025-01-09 14:03:49,016 - DEBUG - Importing BufrStubImagePlugin
2025-01-09 14:03:49,017 - DEBUG - Importing CurImagePlugin
2025-01-09 14:03:49,018 - DEBUG - Importing DcxImagePlugin
2025-01-09 14:03:49,019 - DEBUG - Importing DdsImagePlugin
2025-01-09 14:03:49,021 - DEBUG - Importing EpsImagePlugin
2025-01-09 14:03:49,023 - DEBUG - Importing FitsImagePlugin
2025-01-09 14:03:49,024 - DEBUG - Importing FliImagePlugin
2025-01-09 14:03:49,025 - DEBUG - Importing FpxImagePlugin
2025-01-09 14:03:49,027 - DEBUG - Image: failed to import FpxImagePlugin: No module named 'olefile'
2025-01-09 14:03:49,027 - DEBUG - Importing FtexImagePlugin
2025-01-09 14:03:49,028 - DEBUG - Importing GbrImagePlugin
2025-01-09 14:03:49,029 - DEBUG - Importing GifImagePlugin
2025-01-09 14:03:49,029 - DEBUG - Importing GribStubImagePlugin
2025-01-09 14:03:49,030 - DEBUG - Importing Hdf5StubImagePlugin
2025-01-09 14:03:49,031 - DEBUG - Importing IcnsImagePlugin
2025-01-09 14:03:49,034 - DEBUG - Importing IcoImagePlugin
2025-01-09 14:03:49,035 - DEBUG - Importing ImImagePlugin
2025-01-09 14:03:49,036 - DEBUG - Importing ImtImagePlugin
2025-01-09 14:03:49,037 - DEBUG - Importing IptcImagePlugin
2025-01-09 14:03:49,038 - DEBUG - Importing JpegImagePlugin
2025-01-09 14:03:49,038 - DEBUG - Importing Jpeg2KImagePlugin
2025-01-09 14:03:49,038 - DEBUG - Importing McIdasImagePlugin
2025-01-09 14:03:49,039 - DEBUG - Importing MicImagePlugin
2025-01-09 14:03:49,042 - DEBUG - Image: failed to import MicImagePlugin: No module named 'olefile'
2025-01-09 14:03:49,042 - DEBUG - Importing MpegImagePlugin
2025-01-09 14:03:49,043 - DEBUG - Importing MpoImagePlugin
2025-01-09 14:03:49,051 - DEBUG - Importing MspImagePlugin
2025-01-09 14:03:49,052 - DEBUG - Importing PalmImagePlugin
2025-01-09 14:03:49,053 - DEBUG - Importing PcdImagePlugin
2025-01-09 14:03:49,054 - DEBUG - Importing PcxImagePlugin
2025-01-09 14:03:49,054 - DEBUG - Importing PdfImagePlugin
2025-01-09 14:03:49,063 - DEBUG - Importing PixarImagePlugin
2025-01-09 14:03:49,064 - DEBUG - Importing PngImagePlugin
2025-01-09 14:03:49,064 - DEBUG - Importing PpmImagePlugin
2025-01-09 14:03:49,064 - DEBUG - Importing PsdImagePlugin
2025-01-09 14:03:49,065 - DEBUG - Importing QoiImagePlugin
2025-01-09 14:03:49,066 - DEBUG - Importing SgiImagePlugin
2025-01-09 14:03:49,067 - DEBUG - Importing SpiderImagePlugin
2025-01-09 14:03:49,068 - DEBUG - Importing SunImagePlugin
2025-01-09 14:03:49,069 - DEBUG - Importing TgaImagePlugin
2025-01-09 14:03:49,070 - DEBUG - Importing TiffImagePlugin
2025-01-09 14:03:49,070 - DEBUG - Importing WebPImagePlugin
2025-01-09 14:03:49,073 - DEBUG - Importing WmfImagePlugin
2025-01-09 14:03:49,073 - DEBUG - Importing XbmImagePlugin
2025-01-09 14:03:49,075 - DEBUG - Importing XpmImagePlugin
2025-01-09 14:03:49,076 - DEBUG - Importing XVThumbImagePlugin
2025-01-09 14:03:49,160 - INFO - Downloading image (hero) to: c:\Users\Big Daddy Pyatt\CascadeProjects\subscriptions\nextjs-subscription-payments\SpotCircuit\medical_spa_offers\aeo_offer\assets\images\hero_010925_14_03_2.webp
2025-01-09 14:03:49,162 - DEBUG - Starting new HTTPS connection (1): images.pexels.com:443
2025-01-09 14:03:49,998 - DEBUG - https://images.pexels.com:443 "GET /photos/7446680/pexels-photo-7446680.jpeg HTTP/11" 200 1060031
2025-01-09 14:03:51,033 - INFO - Downloading image (treatment) to: c:\Users\Big Daddy Pyatt\CascadeProjects\subscriptions\nextjs-subscription-payments\SpotCircuit\medical_spa_offers\aeo_offer\assets\images\treatment_010925_14_03_3.webp
2025-01-09 14:03:51,035 - DEBUG - Starting new HTTPS connection (1): pixabay.com:443
2025-01-09 14:03:51,936 - DEBUG - https://pixabay.com:443 "GET /get/g1576387b86cf2fad83219fcb996b046da31b4c95ef2582446c00c2311b5d1643785aab30e61baf673b59a6a06cab73d270008de4e9970a15ced48a7c7f43a61b_1280.jpg HTTP/11" 200 199779
2025-01-09 14:03:52,113 - INFO - Downloading image (equipment) to: c:\Users\Big Daddy Pyatt\CascadeProjects\subscriptions\nextjs-subscription-payments\SpotCircuit\medical_spa_offers\aeo_offer\assets\images\equipment_010925_14_03_4.webp
2025-01-09 14:03:52,115 - DEBUG - Starting new HTTPS connection (1): images.pexels.com:443
2025-01-09 14:03:52,864 - DEBUG - https://images.pexels.com:443 "GET /photos/11773868/pexels-photo-11773868.jpeg HTTP/11" 200 985018
2025-01-09 14:03:53,435 - INFO - Downloading image (consultation) to: c:\Users\Big Daddy Pyatt\CascadeProjects\subscriptions\nextjs-subscription-payments\SpotCircuit\medical_spa_offers\aeo_offer\assets\images\consultation_010925_14_03_5.webp
2025-01-09 14:03:53,437 - DEBUG - Starting new HTTPS connection (1): pixabay.com:443
2025-01-09 14:03:54,451 - DEBUG - https://pixabay.com:443 "GET /get/g28dbc9506e9ecb82c3fb12a3cb0b5aeb81203b88a1249d9ad99fe2d49696bea518d72da692a2d69455560c31a13dc0a096d672c257eae61f0b3debe3dfe41de5_1280.jpg HTTP/11" 200 136611
2025-01-09 14:03:54,574 - INFO - Downloading image (staff) to: c:\Users\Big Daddy Pyatt\CascadeProjects\subscriptions\nextjs-subscription-payments\SpotCircuit\medical_spa_offers\aeo_offer\assets\images\staff_010925_14_03_6.webp
2025-01-09 14:03:54,576 - DEBUG - Starting new HTTPS connection (1): images.pexels.com:443
2025-01-09 14:03:55,240 - DEBUG - https://images.pexels.com:443 "GET /photos/7991910/pexels-photo-7991910.jpeg HTTP/11" 200 1691199
2025-01-09 14:03:55,895 - INFO - 127.0.0.1 - - [09/Jan/2025 14:03:55] "POST /download HTTP/1.1" 200 -
